id,size_total,active_days_count,percentage_average,average_daily_minutes,capacity_kw,station_name,country_name,calendar_day_count,geometry,living_street_dist,primary_dist,residential_dist,secondary_dist,road_service_dist,tertiary_dist,trunk_dist,unclassified_dist,motorway_dist,road_count_living_street,primary_count,road_count_residential,secondary_count,road_service_count,tertiary_count,trunk_count,unclassified_count,motorway_count,operator,accommodation_count,activities_count,beauty_count,cafe_and_restaurant_count,clothing_count,electronics_count,food_count,gas_stations_count,supermarket_count,hobby_count,home_count,medical_count,public_service_count,service_count,shopping_center_count,religious_count,accommodation_dist,activities_dist,beauty_dist,cafe_and_restaurant_dist,clothing_dist,electronics_dist,food_dist,gas_stations_dist,grocery_dist,hobby_dist,home_dist,medical_dist,public_service_dist,service_dist,shopping_center_dist,religious_dist,occupation_rate,population,total_time_spent,lng,lat,good_feature_score,score_performance,occupation_rank,Supermarket,Shopping,Services,Hotel,Restaurant,Leisure,poi_categories_present,poi_categories_present_str,nearest_major_road_dist,nearest_major_road_type
f6ef637eb61c9095d1e97ed8088b4908,1,127,44.97657295850067,647.6626506024096,75.0,PWR UP - Coop Berg,Norway,166,POINT (12.19671 65.36867),1000.0,22.09,33.18,141.27,1.89,1000.0,1000.0,1000.0,1000.0,0.0,6.0,28.0,3.0,91.0,0.0,0.0,0.0,0.0,Kople As,0.0,0.0,0.0,1.0,0.0,0.0,0.0,1.0,2.0,0.0,0.0,0.0,1.0,5.0,0.0,0.0,1000.0,1000.0,1000.0,92.51,1000.0,1000.0,1000.0,77.04,24.53,1000.0,1000.0,1000.0,86.13,77.04,1000.0,1000.0,"(40.479, 44.977]",1.96,127.5,12.19671,65.36867,4.04,1,1.0,2.0,0.0,6.0,0.0,1.0,0.0,3,3/6,22.09,primary
93dac09bca00923e49bbe7390495798d,1,216,17.786317871269326,256.12297734627833,50.0,Allego NOALLE00002109,Norway,309,POINT (14.40087 67.27614),1000.0,1000.0,34.44,1000.0,40.58,223.12,121.21,1000.0,1000.0,0.0,0.0,102.0,0.0,57.0,12.0,16.0,0.0,0.0,Allego,0.0,3.0,0.0,1.0,0.0,1.0,0.0,3.0,3.0,0.0,3.0,0.0,6.0,31.0,0.0,0.0,1000.0,216.46,1000.0,99.66,1000.0,187.13,1000.0,98.59,390.18,1000.0,100.15,1000.0,24.39,2.67,1000.0,1000.0,"(13.493, 17.991]",0.49,277.5,14.40087,67.27614,4.04,2,2.0,3.0,4.0,37.0,0.0,1.0,3.0,5,5/6,121.21,trunk
638bacbd9f18c016e649b9eee59efa73,1,160,17.30041856925419,249.1260273972603,75.0,PWR UP - Misvær,Norway,365,POINT (15.00377 67.11659),1000.0,29.75,46.98,1000.0,25.92,1000.0,1000.0,1000.0,1000.0,0.0,8.0,26.0,0.0,37.0,0.0,0.0,0.0,0.0,Kople As,0.0,4.0,0.0,1.0,0.0,0.0,0.0,1.0,2.0,1.0,0.0,0.0,1.0,3.0,0.0,0.0,1000.0,87.08,1000.0,72.88,1000.0,1000.0,1000.0,28.38,72.69,203.13,1000.0,1000.0,345.15,25.47,1000.0,1000.0,"(13.493, 17.991]",0.49,247.5,15.00377,67.11659,3.85,3,2.0,2.0,1.0,4.0,0.0,1.0,4.0,5,5/6,29.75,primary
d19ae78cc789f861f848b6b3515d3973,1,220,16.20517851646661,233.3545706371191,75.0,Bodø Energi - Skauvoll,Norway,361,POINT (14.04286 66.98669),1000.0,12.24,306.73,1000.0,13.5,1000.0,1000.0,40.69,1000.0,0.0,4.0,4.0,0.0,18.0,0.0,0.0,1.0,0.0,Kople As,1.0,0.0,0.0,0.0,0.0,0.0,0.0,0.0,0.0,0.0,0.0,0.0,0.0,1.0,0.0,0.0,22.7,1000.0,1000.0,1000.0,1000.0,1000.0,1000.0,1000.0,1000.0,1000.0,1000.0,1000.0,1000.0,36.09,1000.0,1000.0,"(13.493, 17.991]",0.49,150.0,14.04286,66.98669,2.69,4,2.0,0.0,0.0,1.0,1.0,0.0,0.0,2,2/6,12.24,primary
7d0208cddba62ef72c77f85145cecc13,1,300,14.90953196347032,214.6972602739726,50.0,Recharge Esso Rønvik,Norway,365,POINT (14.40705 67.29354),1000.0,211.85,213.04,1000.0,25.21,18.4,1000.0,89.64,1000.0,0.0,17.0,50.0,0.0,121.0,11.0,0.0,3.0,0.0,Recharge,0.0,6.0,0.0,1.0,0.0,0.0,0.0,2.0,3.0,1.0,4.0,0.0,4.0,13.0,0.0,1.0,1000.0,216.09,1000.0,343.07,1000.0,1000.0,1000.0,43.82,195.62,234.6,327.45,1000.0,210.77,43.82,1000.0,417.29,"(13.493, 17.991]",0.49,337.5,14.40705,67.29354,5.0,5,2.0,3.0,5.0,17.0,0.0,1.0,7.0,5,5/6,211.85,primary
ae2c627dd02355b40b1c5424f380b235,1,155,14.621786042240585,210.5537190082645,75.0,PWR UP - Terråk,Norway,363,POINT (12.37507 65.08909),1000.0,46.94,49.07,291.07,12.41,79.08,1000.0,108.67,1000.0,0.0,6.0,30.0,4.0,17.0,3.0,0.0,5.0,0.0,Kople As,2.0,4.0,0.0,0.0,0.0,0.0,0.0,0.0,1.0,1.0,0.0,0.0,3.0,3.0,0.0,0.0,159.36,43.01,1000.0,1000.0,1000.0,1000.0,1000.0,1000.0,1.44,66.68,1000.0,1000.0,91.86,37.21,1000.0,1000.0,"(13.493, 17.991]",1.96,300.0,12.37507,65.08909,4.62,6,2.0,1.0,1.0,6.0,2.0,0.0,4.0,5,5/6,46.94,primary
a17880ad0d882c4f06f232a83c2d1037,2,257,12.682838660578389,182.6328767123288,75.0,LAD OPP - Utskarpen - AC,Norway,365,POINT (13.55049 66.29599),1000.0,21.08,423.09,1000.0,4.51,1000.0,1000.0,1000.0,1000.0,0.0,4.0,2.0,0.0,16.0,0.0,0.0,0.0,0.0,Kople As,0.0,1.0,0.0,0.0,0.0,0.0,0.0,0.0,1.0,1.0,0.0,0.0,0.0,1.0,0.0,0.0,1000.0,265.82,1000.0,1000.0,1000.0,1000.0,1000.0,1000.0,21.66,15.34,1000.0,1000.0,1000.0,6.59,1000.0,1000.0,"(8.995, 13.493]",0.49,150.0,13.55049,66.29599,3.46,7,3.0,1.0,1.0,1.0,0.0,0.0,1.0,4,4/6,21.08,primary
df4229c822a5349d9867e36e4c6a289c,2,219,11.5406202435312,166.18493150684932,75.0,LAD OPP - Halsa - AC,Norway,365,POINT (13.55166 66.74281),1000.0,33.45,43.98,1000.0,32.49,1000.0,1000.0,94.9,1000.0,0.0,6.0,14.0,0.0,35.0,0.0,0.0,4.0,0.0,Kople As,0.0,2.0,0.0,2.0,0.0,0.0,0.0,2.0,1.0,0.0,0.0,0.0,0.0,5.0,0.0,1.0,1000.0,48.03,1000.0,56.94,1000.0,1000.0,1000.0,167.34,56.28,1000.0,1000.0,1000.0,1000.0,36.47,1000.0,303.83,"(8.995, 13.493]",0.49,247.5,13.55166,66.74281,3.85,8,3.0,1.0,0.0,5.0,0.0,2.0,3.0,4,4/6,33.45,primary
0e6e5d26963b1b83183beb70aadc63d5,1,310,11.158295281582951,160.67945205479452,150.0,Recharge Esso Langneset,Norway,365,POINT (14.13423 66.3045),1000.0,1000.0,93.5,1000.0,8.27,110.44,62.84,54.28,1000.0,0.0,0.0,56.0,0.0,61.0,16.0,32.0,12.0,0.0,Recharge,2.0,4.0,0.0,5.0,3.0,2.0,2.0,2.0,4.0,3.0,6.0,0.0,4.0,20.0,4.0,0.0,376.6,148.23,1000.0,208.39,196.91,24.88,193.02,43.4,41.91,66.42,53.29,1000.0,348.63,43.4,200.33,1000.0,"(8.995, 13.493]",0.49,572.5,14.13423,66.3045,6.54,9,3.0,8.0,18.0,24.0,2.0,7.0,4.0,6,6/6,62.84,trunk
2c0a1c43ce2b61b2fce6a2a3a7f3856f,2,144,10.988756613756614,158.23809523809524,180.0,LAD OPP - Ørnes - AC,Norway,147,POINT (13.7054 66.87337),1000.0,16.77,131.54,1000.0,29.35,299.09,1000.0,1000.0,1000.0,0.0,14.0,40.0,0.0,46.0,4.0,0.0,0.0,0.0,Kople As,0.0,2.0,0.0,0.0,2.0,0.0,0.0,1.0,3.0,3.0,0.0,0.0,6.0,4.0,0.0,1.0,1000.0,96.69,1000.0,1000.0,80.74,1000.0,1000.0,273.49,74.21,113.09,1000.0,1000.0,120.71,84.1,1000.0,491.54,"(8.995, 13.493]",0.49,280.0,13.7054,66.87337,3.85,10,3.0,3.0,5.0,10.0,0.0,0.0,3.0,4,4/6,16.77,primary
bd4bb2002760ffeee11970b085a2cc77,4,339,10.879661339421611,156.66712328767125,300.0,Uno-X Fauske,Norway,365,POINT (15.38319 67.25873),1000.0,1000.0,37.43,1000.0,2.6,1000.0,35.3,123.51,1000.0,0.0,0.0,87.0,0.0,62.0,0.0,40.0,8.0,0.0,Uno-X,0.0,10.0,0.0,4.0,0.0,2.0,1.0,3.0,4.0,1.0,1.0,1.0,9.0,20.0,0.0,1.0,1000.0,167.52,1000.0,283.89,1000.0,120.12,272.46,21.61,75.27,413.6,330.78,160.39,80.52,21.61,1000.0,356.39,"(8.995, 13.493]",0.49,442.5,15.38319,67.25873,6.15,11,3.0,4.0,4.0,30.0,0.0,5.0,11.0,5,5/6,35.3,trunk
7d6c6baa493871fdbdb06fc321abb272,1,105,10.831997863247864,155.98076923076923,75.0,PWR UP - Beiarn,Norway,364,POINT (14.7604 66.98871),1000.0,91.81,454.36,23.42,58.07,1000.0,1000.0,95.4,1000.0,0.0,6.0,2.0,2.0,11.0,0.0,0.0,4.0,0.0,Kople As,2.0,0.0,0.0,0.0,0.0,0.0,0.0,1.0,2.0,0.0,0.0,0.0,0.0,3.0,0.0,0.0,79.7,1000.0,1000.0,1000.0,1000.0,1000.0,1000.0,53.49,25.83,1000.0,1000.0,1000.0,1000.0,0.36,1000.0,1000.0,"(8.995, 13.493]",0.49,150.0,14.7604,66.98871,3.46,12,3.0,2.0,0.0,3.0,2.0,0.0,0.0,3,3/6,91.81,primary
a72260cea22b829cc647c738f06f6064,1,142,10.63681027966742,153.17006802721087,180.0,PWR UP - Røkland,Norway,147,POINT (15.31518 66.98087),1000.0,1000.0,194.71,95.21,2.33,1000.0,26.51,143.54,1000.0,0.0,0.0,17.0,9.0,18.0,0.0,9.0,1.0,0.0,Kople As,2.0,0.0,0.0,0.0,0.0,0.0,0.0,1.0,0.0,1.0,0.0,0.0,0.0,1.0,1.0,0.0,38.36,1000.0,1000.0,1000.0,1000.0,1000.0,1000.0,61.6,1000.0,278.17,1000.0,1000.0,1000.0,61.6,40.28,1000.0,"(8.995, 13.493]",0.49,270.0,15.31518,66.98087,3.46,13,3.0,1.0,2.0,1.0,2.0,0.0,0.0,4,4/6,26.51,trunk
cb2d5c723eda68efd4251ad33371e360,2,269,10.469368340943683,150.75890410958905,62.5,ChargeUp - Nordland Taxi,Norway,365,POINT (14.39886 67.28696),1000.0,1000.0,68.5,1000.0,11.03,152.64,74.7,1000.0,1000.0,0.0,0.0,97.0,0.0,88.0,12.0,63.0,0.0,0.0,Kople AS,6.0,15.0,0.0,5.0,0.0,1.0,1.0,0.0,2.0,0.0,1.0,0.0,9.0,25.0,0.0,1.0,116.2,128.68,1000.0,258.97,1000.0,128.68,493.41,1000.0,437.68,1000.0,371.19,1000.0,217.89,34.03,1000.0,162.55,"(8.995, 13.493]",0.49,472.5,14.39886,67.28696,4.62,14,3.0,2.0,2.0,34.0,6.0,6.0,16.0,6,6/6,74.7,trunk
f232f11904846cfd5f2df752ee4a01aa,2,341,10.342751141552512,148.93561643835616,50.0,Havnesenteret,Norway,365,POINT (12.20712 65.47296),1000.0,75.64,109.2,1000.0,5.46,20.14,1000.0,1000.0,1000.0,0.0,15.0,83.0,0.0,23.0,14.0,0.0,0.0,0.0,Mer,6.0,5.0,3.0,9.0,4.0,3.0,3.0,0.0,3.0,3.0,3.0,4.0,12.0,21.0,1.0,3.0,262.38,49.08,67.33,64.44,38.87,50.13,52.62,1000.0,55.55,66.8,46.11,44.12,72.3,60.31,70.97,310.55,"(8.995, 13.493]",1.96,752.5,12.20712,65.47296,6.92,15,3.0,4.0,14.0,40.0,6.0,12.0,8.0,6,6/6,75.64,primary
31013ee21240556dbc13d39e11e0017e,4,238,9.906632764654418,142.65551181102362,180.0,Kople Bjerkvik hotell,Norway,254,POINT (17.55269 68.55041),1000.0,1000.0,66.65,402.75,9.07,1000.0,37.43,272.92,1000.0,0.0,0.0,40.0,5.0,28.0,0.0,19.0,3.0,0.0,Kople As,2.0,3.0,0.0,5.0,2.0,0.0,1.0,2.0,2.0,0.0,1.0,0.0,7.0,8.0,0.0,1.0,12.19,230.23,1000.0,98.94,74.62,1000.0,275.07,226.46,201.75,1000.0,185.43,1000.0,139.09,11.42,1000.0,416.71,"(8.995, 13.493]",0.49,482.5,17.55269,68.55041,5.0,16,3.0,2.0,3.0,15.0,2.0,6.0,4.0,6,6/6,37.43,trunk
2aa9415f4a702f9e10823ca808633b79,1,301,9.714944824961949,139.89520547945204,225.0,Recharge Esso Rønvik,Norway,365,POINT (14.40705 67.29354),1000.0,211.85,213.04,1000.0,25.21,18.4,1000.0,89.64,1000.0,0.0,17.0,50.0,0.0,121.0,11.0,0.0,3.0,0.0,Recharge,0.0,6.0,0.0,1.0,0.0,0.0,0.0,2.0,3.0,1.0,4.0,0.0,4.0,13.0,0.0,1.0,1000.0,216.09,1000.0,343.07,1000.0,1000.0,1000.0,43.82,195.62,234.6,327.45,1000.0,210.77,43.82,1000.0,417.29,"(8.995, 13.493]",0.49,337.5,14.40705,67.29354,5.0,17,3.0,3.0,5.0,17.0,0.0,1.0,7.0,5,5/6,211.85,primary
f789526ac445984e3c8135c1d17423ef,7,343,9.471841704718418,136.39452054794523,150.0,Amfi Narvik Malmporten,Norway,365,POINT (17.42155 68.43795),1000.0,1000.0,159.22,1000.0,4.54,95.86,204.19,112.03,1000.0,0.0,0.0,85.0,0.0,102.0,49.0,25.0,10.0,0.0,Mer,4.0,28.0,3.0,22.0,11.0,4.0,4.0,0.0,9.0,13.0,12.0,4.0,29.0,55.0,1.0,2.0,214.2,60.84,97.28,98.88,57.68,103.93,55.7,1000.0,93.84,55.43,34.68,56.45,150.83,94.5,63.5,365.49,"(8.995, 13.493]",0.49,752.5,17.42155,68.43795,7.12,18,3.0,10.0,41.0,91.0,4.0,26.0,30.0,6,6/6,204.19,trunk
bbc97c4ba71332f2ffab1251e50155d3,4,309,9.409579528158297,135.49794520547945,400.0,St1 Bjerkvik,Norway,365,POINT (17.55747 68.55121),1000.0,1000.0,23.14,192.14,13.98,1000.0,27.87,239.24,1000.0,0.0,0.0,37.0,5.0,29.0,0.0,18.0,3.0,0.0,Recharge,2.0,3.0,0.0,5.0,2.0,0.0,1.0,2.0,2.0,0.0,1.0,0.0,7.0,8.0,0.0,1.0,176.81,155.28,1000.0,133.2,156.94,1000.0,459.82,14.96,54.54,1000.0,60.02,1000.0,155.65,14.96,1000.0,334.78,"(8.995, 13.493]",0.49,482.5,17.55747,68.55121,6.15,19,3.0,2.0,3.0,15.0,2.0,6.0,4.0,6,6/6,27.87,trunk
c9e1bbdfcc2f9b622ae9db6bfea89fcf,1,315,9.03443683409437,130.0958904109589,300.0,St1 Bjerkvik,Norway,365,POINT (17.55747 68.55121),1000.0,1000.0,23.14,192.14,13.98,1000.0,27.87,239.24,1000.0,0.0,0.0,37.0,5.0,29.0,0.0,18.0,3.0,0.0,Recharge,2.0,3.0,0.0,5.0,2.0,0.0,1.0,2.0,2.0,0.0,1.0,0.0,7.0,8.0,0.0,1.0,176.81,155.28,1000.0,133.2,156.94,1000.0,459.82,14.96,54.54,1000.0,60.02,1000.0,155.65,14.96,1000.0,334.78,"(8.995, 13.493]",0.49,482.5,17.55747,68.55121,6.15,20,3.0,2.0,3.0,15.0,2.0,6.0,4.0,6,6/6,27.87,trunk
9b480c73cc2a5e9b705485e4c7a6697d,1,293,9.000570776255708,129.60821917808218,200.0,Recharge Esso Langneset,Norway,365,POINT (14.13423 66.3045),1000.0,1000.0,93.5,1000.0,8.27,110.44,62.84,54.28,1000.0,0.0,0.0,56.0,0.0,61.0,16.0,32.0,12.0,0.0,Recharge,2.0,4.0,0.0,5.0,3.0,2.0,2.0,2.0,4.0,3.0,6.0,0.0,4.0,20.0,4.0,0.0,376.6,148.23,1000.0,208.39,196.91,24.88,193.02,43.4,41.91,66.42,53.29,1000.0,348.63,43.4,200.33,1000.0,"(8.995, 13.493]",0.49,572.5,14.13423,66.3045,6.35,21,3.0,8.0,18.0,24.0,2.0,7.0,4.0,6,6/6,62.84,trunk
01716bdeedb37b1c6f03492ffb19b51f,4,343,8.618483637747337,124.10616438356163,300.0,LAD OPP - Kulturbadet Sandnessjøen,Norway,365,POINT (12.63804 66.0225),1000.0,102.12,45.78,1000.0,10.98,25.96,1000.0,272.36,1000.0,0.0,16.0,37.0,0.0,33.0,6.0,0.0,3.0,0.0,Kople As,2.0,9.0,0.0,12.0,4.0,2.0,1.0,1.0,5.0,6.0,4.0,3.0,12.0,20.0,2.0,1.0,63.49,120.54,1000.0,55.1,132.3,218.77,413.4,273.91,124.65,114.65,124.65,88.09,51.06,65.89,146.67,241.96,"(4.498, 8.995]",1.96,692.5,12.63804,66.0225,6.73,22,4.0,7.0,18.0,35.0,2.0,13.0,10.0,6,6/6,102.12,primary
166276db9f02968c6d62e4f9c46941c4,2,145,8.057445200302345,116.02721088435374,180.0,LAD OPP - Utskarpen - AC,Norway,147,POINT (13.55049 66.29599),1000.0,21.08,423.09,1000.0,4.51,1000.0,1000.0,1000.0,1000.0,0.0,4.0,2.0,0.0,16.0,0.0,0.0,0.0,0.0,Kople As,0.0,1.0,0.0,0.0,0.0,0.0,0.0,0.0,1.0,1.0,0.0,0.0,0.0,1.0,0.0,0.0,1000.0,265.82,1000.0,1000.0,1000.0,1000.0,1000.0,1000.0,21.66,15.34,1000.0,1000.0,1000.0,6.59,1000.0,1000.0,"(4.498, 8.995]",0.49,150.0,13.55049,66.29599,3.27,23,4.0,1.0,1.0,1.0,0.0,0.0,1.0,4,4/6,21.08,primary
6fb93712030f4280008a7bdf911d5dc6,2,137,7.09136432350718,102.1156462585034,180.0,PWR UP - Coop Leinesfjord,Norway,147,POINT (15.01624 67.7752),1000.0,21.35,132.82,1000.0,6.09,1000.0,1000.0,35.15,1000.0,0.0,6.0,3.0,0.0,41.0,0.0,0.0,9.0,0.0,Kople As,2.0,5.0,0.0,0.0,1.0,0.0,0.0,0.0,2.0,0.0,0.0,0.0,5.0,8.0,0.0,1.0,75.15,114.28,1000.0,1000.0,104.95,1000.0,1000.0,1000.0,39.68,1000.0,1000.0,1000.0,71.92,45.18,1000.0,112.63,"(4.498, 8.995]",0.49,370.0,15.01624,67.7752,5.0,24,4.0,2.0,1.0,13.0,2.0,0.0,6.0,5,5/6,21.35,primary
1ec25f8ea9579cc00b41f0b5f6f21540,2,327,7.07246460449369,101.84349030470914,50.0,ChargeUp - Fylkeshuset i Bodø,Norway,361,POINT (14.37639 67.28044),1000.0,1000.0,23.82,1000.0,13.41,56.95,1000.0,1000.0,1000.0,0.0,0.0,132.0,0.0,74.0,26.0,0.0,0.0,0.0,Kople As,9.0,44.0,5.0,35.0,19.0,3.0,5.0,0.0,10.0,8.0,4.0,5.0,33.0,62.0,1.0,4.0,69.2,163.88,325.23,126.68,332.79,361.09,322.64,1000.0,103.98,341.86,437.22,366.7,0.0,30.65,466.51,304.72,"(4.498, 8.995]",0.49,752.5,14.37639,67.28044,5.96,25,4.0,11.0,35.0,105.0,9.0,40.0,48.0,6,6/6,1000.0,motorway
6fb8cddf267eb9f34272cb0463acec81,2,307,6.824581430745815,98.27397260273972,50.0,St1 Bjerkvik,Norway,365,POINT (17.55747 68.55121),1000.0,1000.0,23.14,192.14,13.98,1000.0,27.87,239.24,1000.0,0.0,0.0,37.0,5.0,29.0,0.0,18.0,3.0,0.0,Recharge,2.0,3.0,0.0,5.0,2.0,0.0,1.0,2.0,2.0,0.0,1.0,0.0,7.0,8.0,0.0,1.0,176.81,155.28,1000.0,133.2,156.94,1000.0,459.82,14.96,54.54,1000.0,60.02,1000.0,155.65,14.96,1000.0,334.78,"(4.498, 8.995]",0.49,482.5,17.55747,68.55121,6.15,26,4.0,2.0,3.0,15.0,2.0,6.0,4.0,6,6/6,27.87,trunk
c0d2b4650bf6ac24dd167a3717454ea0,2,308,6.700627853881279,96.4890410958904,50.0,St1 Fauske,Norway,365,POINT (15.3912 67.25931),1000.0,1000.0,68.66,1000.0,7.29,323.58,15.62,113.61,1000.0,0.0,0.0,99.0,0.0,86.0,6.0,51.0,8.0,0.0,Recharge,3.0,9.0,0.0,11.0,4.0,3.0,3.0,5.0,5.0,6.0,3.0,3.0,9.0,35.0,2.0,0.0,296.26,70.95,1000.0,77.74,173.63,158.92,132.68,27.01,138.87,88.73,77.95,198.99,53.75,27.01,209.11,1000.0,"(4.498, 8.995]",0.49,632.5,15.3912,67.25931,7.12,27,4.0,7.0,18.0,47.0,3.0,14.0,9.0,6,6/6,15.62,trunk
c311a27df7cf9bfa183c541427be43a1,2,144,6.383219954648526,91.91836734693878,180.0,LAD OPP - Halsa - AC,Norway,147,POINT (13.55166 66.74281),1000.0,33.45,43.98,1000.0,32.49,1000.0,1000.0,94.9,1000.0,0.0,6.0,14.0,0.0,35.0,0.0,0.0,4.0,0.0,Kople As,0.0,2.0,0.0,2.0,0.0,0.0,0.0,2.0,1.0,0.0,0.0,0.0,0.0,5.0,0.0,1.0,1000.0,48.03,1000.0,56.94,1000.0,1000.0,1000.0,167.34,56.28,1000.0,1000.0,1000.0,1000.0,36.47,1000.0,303.83,"(4.498, 8.995]",0.49,247.5,13.55166,66.74281,3.65,28,4.0,1.0,0.0,5.0,0.0,2.0,3.0,4,4/6,33.45,primary
254a0b4aa0060cc8f5580d9a7efce3f2,3,328,6.089358193810249,87.68675799086758,50.0,Amfi Narvik Malmporten,Norway,365,POINT (17.42155 68.43795),1000.0,1000.0,159.22,1000.0,4.54,95.86,204.19,112.03,1000.0,0.0,0.0,85.0,0.0,102.0,49.0,25.0,10.0,0.0,Mer,4.0,28.0,3.0,22.0,11.0,4.0,4.0,0.0,9.0,13.0,12.0,4.0,29.0,55.0,1.0,2.0,214.2,60.84,97.28,98.88,57.68,103.93,55.7,1000.0,93.84,55.43,34.68,56.45,150.83,94.5,63.5,365.49,"(4.498, 8.995]",0.49,752.5,17.42155,68.43795,7.12,29,4.0,10.0,41.0,91.0,4.0,26.0,30.0,6,6/6,204.19,trunk
35c10ac30ad1ca52d7849032f6d539d2,2,286,5.957096651445968,85.78219178082192,50.0,Recharge Mosjøen,Norway,365,POINT (13.19077 65.83515),1000.0,416.75,34.32,1000.0,8.29,28.06,1000.0,481.6,1000.0,0.0,18.0,81.0,0.0,137.0,34.0,0.0,2.0,0.0,Recharge,3.0,13.0,2.0,13.0,10.0,2.0,1.0,3.0,3.0,13.0,1.0,3.0,7.0,41.0,1.0,0.0,60.7,139.1,288.41,51.94,179.92,291.45,410.28,370.17,370.5,268.35,254.34,179.88,124.09,140.43,292.24,1000.0,"(4.498, 8.995]",0.49,692.5,13.19077,65.83515,5.96,30,4.0,4.0,27.0,53.0,3.0,14.0,13.0,6,6/6,416.75,primary
c3c7884e79d441175ca80895408d802e,1,220,5.856164383561643,84.32876712328768,300.0,LAD OPP - Esso Mosjøen Halsøy,Norway,365,POINT (13.1958 65.86326),1000.0,54.65,25.11,1000.0,5.73,1000.0,56.81,1000.0,1000.0,0.0,13.0,68.0,0.0,215.0,0.0,19.0,0.0,0.0,Kople As,0.0,2.0,0.0,2.0,1.0,0.0,0.0,3.0,5.0,0.0,1.0,1.0,1.0,11.0,0.0,0.0,1000.0,69.9,1000.0,89.5,171.49,1000.0,1000.0,13.87,52.41,1000.0,107.06,91.3,69.9,13.87,1000.0,1000.0,"(4.498, 8.995]",0.49,347.5,13.1958,65.86326,5.58,31,4.0,5.0,2.0,13.0,0.0,2.0,2.0,5,5/6,54.65,primary
4244ef78d62d6368ce54de6e274be224,4,334,5.830907534246576,83.96506849315068,50.0,Fauske Handelspark,Norway,365,POINT (15.39716 67.26885),1000.0,1000.0,198.99,1000.0,0.63,45.52,299.86,63.06,1000.0,0.0,0.0,26.0,0.0,33.0,10.0,9.0,9.0,0.0,Mer,0.0,4.0,2.0,0.0,0.0,0.0,0.0,6.0,2.0,2.0,5.0,2.0,3.0,19.0,0.0,0.0,1000.0,10.29,90.74,1000.0,1000.0,1000.0,1000.0,289.16,59.35,68.61,4.5,33.72,344.96,60.3,1000.0,1000.0,"(4.498, 8.995]",0.49,330.0,15.39716,67.26885,5.0,32,4.0,2.0,7.0,26.0,0.0,0.0,4.0,4,4/6,299.86,trunk
376f11c79a0280da153fb9ea04946928,4,336,5.583428462709284,80.4013698630137,50.0,Coop Prix Trofors,Norway,365,POINT (13.38759 65.53696),1000.0,1000.0,31.15,31.96,1.07,1000.0,1000.0,65.37,1000.0,0.0,0.0,26.0,9.0,41.0,0.0,0.0,6.0,0.0,Mer,0.0,0.0,0.0,0.0,0.0,0.0,0.0,0.0,1.0,1.0,0.0,0.0,4.0,2.0,0.0,0.0,1000.0,1000.0,1000.0,1000.0,1000.0,1000.0,1000.0,1000.0,37.33,179.73,1000.0,1000.0,87.43,78.38,1000.0,1000.0,"(4.498, 8.995]",3.07,90.0,13.38759,65.53696,4.42,33,4.0,1.0,1.0,6.0,0.0,0.0,0.0,3,3/6,1000.0,motorway
6e7e28e598aedc6bf649dee9e980841f,3,145,5.579805996472663,80.34920634920636,180.0,PWR UP - Coop Saltstraumen,Norway,147,POINT (14.60221 67.22865),1000.0,77.47,1000.0,42.13,1.63,1000.0,1000.0,225.24,1000.0,0.0,3.0,0.0,3.0,19.0,0.0,0.0,1.0,0.0,Kople As,1.0,1.0,0.0,0.0,0.0,0.0,0.0,1.0,1.0,0.0,0.0,0.0,0.0,2.0,0.0,0.0,463.65,463.67,1000.0,1000.0,1000.0,1000.0,1000.0,29.46,37.85,1000.0,1000.0,1000.0,1000.0,29.46,1000.0,1000.0,"(4.498, 8.995]",0.49,240.0,14.60221,67.22865,3.08,34,4.0,1.0,0.0,2.0,1.0,0.0,1.0,4,4/6,77.47,primary
7a07202bbb65222fea62107aa058798f,2,338,5.307458143074582,76.42739726027398,150.0,LAD OPP - Leland,Norway,365,POINT (12.93375 66.06539),1000.0,26.28,260.92,304.88,52.38,1000.0,1000.0,47.27,1000.0,0.0,4.0,21.0,3.0,34.0,0.0,0.0,5.0,0.0,Kople As,0.0,2.0,0.0,1.0,0.0,0.0,0.0,0.0,3.0,0.0,1.0,0.0,1.0,1.0,2.0,1.0,1000.0,213.47,1000.0,86.75,1000.0,1000.0,1000.0,1000.0,57.34,1000.0,236.19,1000.0,170.85,213.47,81.89,403.95,"(4.498, 8.995]",0.49,397.5,12.93375,66.06539,4.23,35,4.0,5.0,3.0,2.0,0.0,1.0,3.0,5,5/6,26.28,primary
619bcd43c2357423a3e7c6f3150d0e0a,2,274,5.276350837138508,75.97945205479452,50.0,Recharge Hattfjelldal,Norway,365,POINT (13.98966 65.59562),1000.0,459.38,6.47,1000.0,13.41,1000.0,67.74,95.94,1000.0,0.0,3.0,28.0,0.0,44.0,0.0,17.0,7.0,0.0,Recharge,1.0,4.0,0.0,0.0,0.0,0.0,0.0,0.0,0.0,0.0,0.0,0.0,2.0,1.0,0.0,1.0,316.02,21.04,1000.0,1000.0,1000.0,1000.0,1000.0,1000.0,1000.0,1000.0,1000.0,1000.0,127.08,214.84,1000.0,204.75,"(4.498, 8.995]",3.07,330.0,13.98966,65.59562,3.65,36,4.0,0.0,0.0,3.0,1.0,0.0,5.0,3,3/6,67.74,trunk
1720a6b4711b70b2e4dc436aa0830393,4,337,5.269501522070015,75.88082191780822,150.0,Amfi Fauske,Norway,365,POINT (15.39623 67.25832),1000.0,1000.0,45.78,1000.0,30.18,484.89,87.93,33.07,1000.0,0.0,0.0,68.0,0.0,73.0,3.0,49.0,7.0,0.0,Mer,3.0,5.0,0.0,11.0,4.0,2.0,3.0,4.0,4.0,6.0,3.0,3.0,8.0,32.0,2.0,0.0,121.83,63.32,1000.0,22.85,11.58,19.17,20.02,157.47,17.91,16.51,20.56,26.39,157.01,12.15,9.2,1000.0,"(4.498, 8.995]",0.49,632.5,15.39623,67.25832,7.12,37,4.0,6.0,17.0,43.0,3.0,14.0,5.0,6,6/6,87.93,trunk
a9eaac9d6bd9131f3b2a63ba5243e81d,6,145,5.141565885613503,74.03854875283447,180.0,LAD OPP - Mosjøen Camping - AC,Norway,147,POINT (13.22013 65.83445),1000.0,360.85,13.11,401.69,6.91,1000.0,29.41,159.62,1000.0,0.0,4.0,61.0,17.0,172.0,0.0,27.0,11.0,0.0,Kople As,3.0,3.0,0.0,3.0,0.0,1.0,1.0,0.0,2.0,1.0,2.0,0.0,4.0,7.0,0.0,0.0,32.98,43.33,1000.0,37.82,1000.0,364.62,375.19,1000.0,355.18,298.59,377.69,1000.0,221.99,8.92,1000.0,1000.0,"(4.498, 8.995]",0.49,442.5,13.22013,65.83445,5.19,38,4.0,2.0,4.0,11.0,3.0,4.0,3.0,6,6/6,29.41,trunk
c73ce6f9c4708686ee6224cfe829de7a,4,340,4.847460045662101,69.80342465753425,150.0,Extra Tverlandet,Norway,365,POINT (14.73643 67.30349),1000.0,1000.0,133.18,1000.0,11.58,40.62,45.81,100.71,1000.0,0.0,0.0,11.0,0.0,46.0,16.0,18.0,9.0,0.0,Mer,0.0,2.0,0.0,1.0,0.0,0.0,0.0,2.0,1.0,0.0,0.0,0.0,0.0,3.0,0.0,0.0,1000.0,32.39,1000.0,43.54,1000.0,1000.0,1000.0,382.99,355.75,1000.0,1000.0,1000.0,1000.0,382.99,1000.0,1000.0,"(4.498, 8.995]",0.49,187.5,14.73643,67.30349,4.23,39,4.0,1.0,0.0,3.0,0.0,1.0,2.0,4,4/6,45.81,trunk
ec4b5d401dce2c415758e2725e8e1d71,5,130,4.7710602759622365,68.7032679738562,400.0,St1 Lading Stormyra,Norway,153,POINT (14.42093 67.28084),251.95,92.09,237.08,1000.0,33.78,23.63,47.16,115.73,1000.0,23.0,15.0,45.0,0.0,114.0,28.0,24.0,20.0,0.0,St1 Charge,0.0,16.0,7.0,5.0,15.0,6.0,4.0,1.0,9.0,14.0,13.0,3.0,5.0,31.0,6.0,0.0,1000.0,224.65,257.79,300.83,318.08,318.72,319.08,64.26,157.11,230.89,201.7,347.31,204.98,64.26,237.65,1000.0,"(4.498, 8.995]",0.49,572.5,14.42093,67.28084,5.58,40,4.0,15.0,54.0,46.0,0.0,9.0,16.0,5,5/6,47.16,trunk
bbad494a592e105f2875e037b6de7352,2,310,4.765030441400305,68.61643835616438,50.0,Circle K Hommelstø,Norway,365,POINT (12.54726 65.40361),1000.0,36.31,48.42,464.96,3.15,1000.0,1000.0,471.52,1000.0,0.0,7.0,13.0,2.0,28.0,0.0,0.0,1.0,0.0,Mer,1.0,0.0,0.0,1.0,0.0,0.0,0.0,2.0,1.0,0.0,0.0,0.0,0.0,2.0,0.0,0.0,332.45,1000.0,1000.0,48.43,1000.0,1000.0,1000.0,5.08,70.81,1000.0,1000.0,1000.0,1000.0,5.08,1000.0,1000.0,"(4.498, 8.995]",1.96,217.5,12.54726,65.40361,3.85,41,4.0,1.0,0.0,2.0,1.0,1.0,0.0,4,4/6,36.31,primary
13cd2079e0ff654586f470800499f875,4,341,4.722079528158296,67.99794520547945,300.0,Uno-X Nyrud,Norway,365,POINT (13.21225 65.83403),1000.0,69.54,41.92,1000.0,12.03,410.24,72.69,459.05,1000.0,0.0,6.0,75.0,0.0,244.0,2.0,20.0,3.0,0.0,Uno-X,3.0,6.0,0.0,3.0,0.0,1.0,1.0,0.0,5.0,1.0,3.0,0.0,9.0,9.0,0.0,1.0,205.03,349.63,1000.0,177.33,1000.0,149.52,16.4,1000.0,6.18,342.88,237.4,1000.0,81.79,83.3,1000.0,217.41,"(4.498, 8.995]",0.49,502.5,13.21225,65.83403,5.77,42,4.0,5.0,5.0,18.0,3.0,4.0,7.0,6,6/6,69.54,primary
c2b5d88d5a90cb0eec02a491320e59a9,2,325,4.686259920634921,67.48214285714286,180.0,ChargeUp - Dragefossen Rognan,Norway,364,POINT (15.3915 67.10341),1000.0,1000.0,25.35,143.89,29.53,1000.0,1000.0,1000.0,1000.0,0.0,0.0,55.0,14.0,32.0,0.0,0.0,0.0,0.0,Kople As,1.0,5.0,0.0,7.0,2.0,2.0,1.0,1.0,5.0,2.0,1.0,0.0,3.0,9.0,1.0,0.0,12.74,33.07,1000.0,81.31,103.61,155.27,200.16,241.48,102.89,102.11,94.07,1000.0,80.61,63.3,101.72,1000.0,"(4.498, 8.995]",0.49,572.5,15.3915,67.10341,5.58,43,4.0,6.0,8.0,12.0,1.0,8.0,5.0,6,6/6,1000.0,motorway
7a227ddffc2473e1010dfad94bd91675,4,298,4.585283485540334,66.02808219178083,50.0,Recharge Saltdal Turistsenter,Norway,365,POINT (15.40207 66.81399),1000.0,1000.0,1000.0,1000.0,12.12,1000.0,93.03,66.26,1000.0,0.0,0.0,0.0,0.0,28.0,0.0,9.0,5.0,0.0,Recharge,2.0,3.0,0.0,0.0,0.0,0.0,0.0,2.0,0.0,0.0,0.0,0.0,0.0,3.0,0.0,0.0,49.62,68.37,1000.0,1000.0,1000.0,1000.0,1000.0,66.57,1000.0,1000.0,1000.0,1000.0,1000.0,66.57,1000.0,1000.0,"(4.498, 8.995]",0.49,240.0,15.40207,66.81399,3.46,44,4.0,0.0,0.0,3.0,2.0,0.0,3.0,3,3/6,93.03,trunk
91c07d2b7a1cac0defe9a63e51270907,4,332,4.2839136225266365,61.68835616438356,50.0,Coop Extra Ballangen,Norway,365,POINT (16.83286 68.34252),1000.0,165.59,48.07,458.93,10.5,55.71,1000.0,1000.0,1000.0,0.0,5.0,42.0,2.0,46.0,15.0,0.0,0.0,0.0,Mer,2.0,2.0,0.0,1.0,0.0,0.0,1.0,0.0,2.0,2.0,0.0,0.0,5.0,5.0,0.0,0.0,64.68,215.36,1000.0,129.41,1000.0,1000.0,197.49,1000.0,35.58,67.94,1000.0,1000.0,64.7,67.66,1000.0,1000.0,"(0.0, 4.498]",0.49,382.5,16.83286,68.34252,4.62,45,5.0,2.0,2.0,10.0,2.0,2.0,2.0,6,6/6,165.59,primary
cae6dc1c62a7c6e04fbce1ec00b13eec,2,288,4.238394216133942,61.032876712328765,75.0,LAD OPP - Nygårdsjøen - AC,Norway,365,POINT (14.32353 67.12154),1000.0,16.77,484.51,23.73,9.83,105.92,1000.0,1000.0,1000.0,0.0,2.0,1.0,3.0,27.0,3.0,0.0,0.0,0.0,Kople As,1.0,0.0,0.0,0.0,0.0,0.0,0.0,1.0,0.0,0.0,0.0,0.0,0.0,3.0,0.0,0.0,355.64,1000.0,1000.0,1000.0,1000.0,1000.0,1000.0,39.82,1000.0,1000.0,1000.0,1000.0,1000.0,0.17,1000.0,1000.0,"(0.0, 4.498]",0.49,150.0,14.32353,67.12154,3.46,46,5.0,0.0,0.0,3.0,1.0,0.0,0.0,2,2/6,16.77,primary
3324b0cd0ee1403f8de33e3d932bce46,4,295,3.931031202435312,56.606849315068494,50.0,Recharge Sandnessjøen,Norway,365,POINT (12.63677 66.02312),1000.0,134.51,17.62,1000.0,3.93,63.05,1000.0,290.34,1000.0,0.0,16.0,28.0,0.0,25.0,6.0,0.0,3.0,0.0,Recharge,2.0,9.0,0.0,11.0,4.0,2.0,1.0,1.0,5.0,6.0,4.0,3.0,13.0,20.0,2.0,1.0,46.86,85.15,1000.0,41.46,98.04,188.76,387.75,262.25,59.33,106.67,106.62,43.52,66.43,24.69,126.83,276.34,"(0.0, 4.498]",1.96,692.5,12.63677,66.02312,7.31,47,5.0,7.0,18.0,36.0,2.0,12.0,10.0,6,6/6,134.51,primary
0714ad45029cd561d42d821d0b6021bf,2,323,3.880612633181128,55.88082191780822,200.0,PWR UP - Coop Berg,Norway,365,POINT (12.19671 65.36867),1000.0,22.09,33.18,141.27,1.89,1000.0,1000.0,1000.0,1000.0,0.0,6.0,28.0,3.0,91.0,0.0,0.0,0.0,0.0,Kople As,0.0,0.0,0.0,1.0,0.0,0.0,0.0,1.0,2.0,0.0,0.0,0.0,1.0,5.0,0.0,0.0,1000.0,1000.0,1000.0,92.51,1000.0,1000.0,1000.0,77.04,24.53,1000.0,1000.0,1000.0,86.13,77.04,1000.0,1000.0,"(0.0, 4.498]",1.96,127.5,12.19671,65.36867,4.42,48,5.0,2.0,0.0,6.0,0.0,1.0,0.0,3,3/6,22.09,primary
ccee725d0028641a185994b7ee2064c0,4,307,3.858970700152207,55.56917808219178,50.0,Recharge Innhavet,Norway,365,POINT (15.92953 67.96251),1000.0,1000.0,70.52,114.16,4.87,1000.0,53.07,142.79,1000.0,0.0,0.0,9.0,4.0,48.0,0.0,15.0,1.0,0.0,Recharge,2.0,1.0,0.0,1.0,0.0,0.0,0.0,2.0,1.0,0.0,0.0,0.0,0.0,2.0,0.0,0.0,27.97,277.15,1000.0,31.4,1000.0,1000.0,1000.0,80.1,77.41,1000.0,1000.0,1000.0,1000.0,80.1,1000.0,1000.0,"(0.0, 4.498]",0.49,307.5,15.92953,67.96251,4.04,49,5.0,1.0,0.0,2.0,2.0,1.0,1.0,5,5/6,53.07,trunk
d43dc3508961671399603327ba01de61,4,296,3.7765886605783874,54.382876712328766,50.0,Storjord Servicehandel,Norway,365,POINT (16.02965 68.19396),1000.0,1000.0,185.78,1000.0,9.61,1000.0,13.19,360.57,1000.0,0.0,0.0,2.0,0.0,14.0,0.0,1.0,1.0,0.0,Mer,1.0,1.0,0.0,0.0,0.0,0.0,0.0,0.0,1.0,0.0,0.0,0.0,0.0,1.0,0.0,0.0,192.09,168.75,1000.0,1000.0,1000.0,1000.0,1000.0,1000.0,52.24,1000.0,1000.0,1000.0,1000.0,26.09,1000.0,1000.0,"(0.0, 4.498]",0.49,240.0,16.02965,68.19396,2.69,50,5.0,1.0,0.0,1.0,1.0,0.0,1.0,4,4/6,13.19,trunk
cd8df4a55f55b19eacf1782569bbc0ad,2,245,3.772450532724505,54.32328767123288,300.0,PWR UP - Røkland,Norway,365,POINT (15.31518 66.98087),1000.0,1000.0,194.71,95.21,2.33,1000.0,26.51,143.54,1000.0,0.0,0.0,17.0,9.0,18.0,0.0,9.0,1.0,0.0,Kople As,2.0,0.0,0.0,0.0,0.0,0.0,0.0,1.0,0.0,1.0,0.0,0.0,0.0,1.0,1.0,0.0,38.36,1000.0,1000.0,1000.0,1000.0,1000.0,1000.0,61.6,1000.0,278.17,1000.0,1000.0,1000.0,61.6,40.28,1000.0,"(0.0, 4.498]",0.49,270.0,15.31518,66.98087,3.65,51,5.0,1.0,2.0,1.0,2.0,0.0,0.0,4,4/6,26.51,trunk
1829497bb8b1701701f07ae88a24b628,2,282,3.7402701465201456,53.85989010989011,150.0,St1 Ankenes,Norway,364,POINT (17.4173 68.40566),1000.0,1000.0,455.7,1000.0,4.09,1000.0,16.6,11.32,1000.0,0.0,0.0,4.0,0.0,16.0,0.0,11.0,1.0,0.0,Recharge,0.0,0.0,0.0,0.0,0.0,0.0,0.0,3.0,3.0,0.0,2.0,0.0,1.0,12.0,0.0,0.0,1000.0,1000.0,1000.0,1000.0,1000.0,1000.0,1000.0,1.62,136.55,1000.0,82.68,1000.0,298.39,1.62,1000.0,1000.0,"(0.0, 4.498]",0.49,90.0,17.4173,68.40566,4.04,52,5.0,3.0,2.0,13.0,0.0,0.0,0.0,3,3/6,16.6,trunk
c18ea35605b0b649ca188b37f14c7655,2,139,3.6404006046863193,52.42176870748299,180.0,LAD OPP - Nygårdsjøen - AC,Norway,147,POINT (14.32353 67.12154),1000.0,16.77,484.51,23.73,9.83,105.92,1000.0,1000.0,1000.0,0.0,2.0,1.0,3.0,27.0,3.0,0.0,0.0,0.0,Kople As,1.0,0.0,0.0,0.0,0.0,0.0,0.0,1.0,0.0,0.0,0.0,0.0,0.0,3.0,0.0,0.0,355.64,1000.0,1000.0,1000.0,1000.0,1000.0,1000.0,39.82,1000.0,1000.0,1000.0,1000.0,1000.0,0.17,1000.0,1000.0,"(0.0, 4.498]",0.49,150.0,14.32353,67.12154,3.27,53,5.0,0.0,0.0,3.0,1.0,0.0,0.0,2,2/6,16.77,primary
9f2d46f2144061316a2e45bc07183784,2,242,3.601978691019786,51.86849315068493,50.0,Amfi Fauske,Norway,365,POINT (15.39623 67.25832),1000.0,1000.0,45.78,1000.0,30.18,484.89,87.93,33.07,1000.0,0.0,0.0,68.0,0.0,73.0,3.0,49.0,7.0,0.0,Mer,3.0,5.0,0.0,11.0,4.0,2.0,3.0,4.0,4.0,6.0,3.0,3.0,8.0,32.0,2.0,0.0,121.83,63.32,1000.0,22.85,11.58,19.17,20.02,157.47,17.91,16.51,20.56,26.39,157.01,12.15,9.2,1000.0,"(0.0, 4.498]",0.49,632.5,15.39623,67.25832,6.92,54,5.0,6.0,17.0,43.0,3.0,14.0,5.0,6,6/6,87.93,trunk
2a2318dd0d79b54254e8518d66c11f9b,1,274,3.5559360730593608,51.2054794520548,150.0,Recharge Esso Rønvik,Norway,365,POINT (14.40705 67.29354),1000.0,211.85,213.04,1000.0,25.21,18.4,1000.0,89.64,1000.0,0.0,17.0,50.0,0.0,121.0,11.0,0.0,3.0,0.0,Recharge,0.0,6.0,0.0,1.0,0.0,0.0,0.0,2.0,3.0,1.0,4.0,0.0,4.0,13.0,0.0,1.0,1000.0,216.09,1000.0,343.07,1000.0,1000.0,1000.0,43.82,195.62,234.6,327.45,1000.0,210.77,43.82,1000.0,417.29,"(0.0, 4.498]",0.49,337.5,14.40705,67.29354,5.0,55,5.0,3.0,5.0,17.0,0.0,1.0,7.0,5,5/6,211.85,primary
2b92d930e6e49e8d2a4df1cd9a2f5214,4,271,3.4263698630136985,49.33972602739726,225.0,Recharge Esso Ytteren,Norway,365,POINT (14.14288 66.34082),1000.0,59.01,66.53,1000.0,7.49,62.09,1000.0,23.52,1000.0,0.0,16.0,53.0,0.0,64.0,11.0,0.0,2.0,0.0,Recharge,0.0,2.0,0.0,1.0,0.0,0.0,0.0,2.0,3.0,0.0,1.0,2.0,3.0,5.0,0.0,0.0,1000.0,154.53,1000.0,116.56,1000.0,1000.0,1000.0,27.14,48.81,1000.0,79.61,34.27,248.9,27.14,1000.0,1000.0,"(0.0, 4.498]",0.49,307.5,14.14288,66.34082,4.42,56,5.0,3.0,1.0,10.0,0.0,1.0,2.0,5,5/6,59.01,primary
57028db69a1e97120b34bb64f6860af2,1,102,3.402317880794702,48.99337748344371,300.0,St1 Lading Stormyra,Norway,151,POINT (14.42093 67.28084),251.95,92.09,237.08,1000.0,33.78,23.63,47.16,115.73,1000.0,23.0,15.0,45.0,0.0,114.0,28.0,24.0,20.0,0.0,St1 Charge,0.0,16.0,7.0,5.0,15.0,6.0,4.0,1.0,9.0,14.0,13.0,3.0,5.0,31.0,6.0,0.0,1000.0,224.65,257.79,300.83,318.08,318.72,319.08,64.26,157.11,230.89,201.7,347.31,204.98,64.26,237.65,1000.0,"(0.0, 4.498]",0.49,572.5,14.42093,67.28084,5.58,57,5.0,15.0,54.0,46.0,0.0,9.0,16.0,5,5/6,47.16,trunk
c3c10eef0d447fa0ddf70a3a4d7a6af6,7,249,3.397124374864101,48.91859099804305,400.0,LAD OPP - Esso Mosjøen Halsøy,Norway,365,POINT (13.1958 65.86326),1000.0,54.65,25.11,1000.0,5.73,1000.0,56.81,1000.0,1000.0,0.0,13.0,68.0,0.0,215.0,0.0,19.0,0.0,0.0,Kople As,0.0,2.0,0.0,2.0,1.0,0.0,0.0,3.0,5.0,0.0,1.0,1.0,1.0,11.0,0.0,0.0,1000.0,69.9,1000.0,89.5,171.49,1000.0,1000.0,13.87,52.41,1000.0,107.06,91.3,69.9,13.87,1000.0,1000.0,"(0.0, 4.498]",0.49,347.5,13.1958,65.86326,5.58,58,5.0,5.0,2.0,13.0,0.0,2.0,2.0,5,5/6,54.65,primary
17692c617be947929e27b091ddcda7a6,4,305,3.1674277016742765,45.61095890410959,225.0,Recharge Esso Grubhei,Norway,365,POINT (14.20314 66.32036),1000.0,1000.0,69.97,1000.0,8.73,52.15,31.31,1000.0,1000.0,0.0,0.0,53.0,0.0,64.0,11.0,23.0,0.0,0.0,Recharge,0.0,2.0,0.0,1.0,0.0,0.0,0.0,2.0,4.0,0.0,2.0,0.0,2.0,3.0,0.0,0.0,1000.0,210.05,1000.0,312.08,1000.0,1000.0,1000.0,35.13,209.32,1000.0,307.94,1000.0,346.81,35.13,1000.0,1000.0,"(0.0, 4.498]",0.49,247.5,14.20314,66.32036,4.23,59,5.0,4.0,2.0,5.0,0.0,1.0,2.0,5,5/6,31.31,trunk
c4279639e4eeb7bb748720d41deaefe8,2,222,3.143264840182648,45.26301369863014,50.0,Recharge Røkland Senter,Norway,365,POINT (15.31508 66.98049),1000.0,1000.0,221.4,136.49,28.5,1000.0,23.76,134.93,1000.0,0.0,0.0,16.0,9.0,18.0,0.0,9.0,1.0,0.0,Recharge,2.0,0.0,0.0,0.0,0.0,0.0,0.0,1.0,0.0,1.0,0.0,0.0,0.0,1.0,1.0,0.0,77.21,1000.0,1000.0,1000.0,1000.0,1000.0,1000.0,101.75,1000.0,320.3,1000.0,1000.0,1000.0,101.75,76.01,1000.0,"(0.0, 4.498]",0.49,270.0,15.31508,66.98049,3.46,60,5.0,1.0,2.0,1.0,2.0,0.0,0.0,4,4/6,23.76,trunk
23c761dd9c49d89164a0d91da9ebf73c,6,238,3.1033100029163028,44.68766404199475,180.0,Kople Kiwi Ankenes,Norway,254,POINT (17.41476 68.4067),1000.0,1000.0,300.22,1000.0,2.98,1000.0,43.02,134.65,1000.0,0.0,0.0,6.0,0.0,22.0,0.0,12.0,1.0,0.0,Kople As,0.0,0.0,0.0,0.0,0.0,0.0,0.0,3.0,3.0,0.0,2.0,0.0,1.0,12.0,0.0,0.0,1000.0,1000.0,1000.0,1000.0,1000.0,1000.0,1000.0,50.33,22.74,1000.0,142.24,1000.0,197.67,2.32,1000.0,1000.0,"(0.0, 4.498]",0.49,90.0,17.41476,68.4067,3.65,61,5.0,3.0,2.0,13.0,0.0,0.0,0.0,3,3/6,43.02,trunk
9e391581f1773862b1647c8a1be5ba6b,1,211,2.99126221001221,43.07417582417583,300.0,St1 Lading Mosjøen,Norway,364,POINT (13.19574 65.86385),1000.0,17.67,21.75,1000.0,32.94,1000.0,105.13,1000.0,1000.0,0.0,13.0,78.0,0.0,209.0,0.0,19.0,0.0,0.0,St1 Charge,0.0,2.0,0.0,2.0,1.0,0.0,0.0,3.0,5.0,0.0,1.0,1.0,1.0,11.0,0.0,0.0,1000.0,109.75,1000.0,112.28,228.21,1000.0,1000.0,31.38,109.75,1000.0,138.79,124.02,109.75,31.38,1000.0,1000.0,"(0.0, 4.498]",0.49,347.5,13.19574,65.86385,4.42,62,5.0,5.0,2.0,13.0,0.0,2.0,2.0,5,5/6,17.67,primary
b26ef3be6f1884d5426394e0f7c41bc0,2,198,2.862431129476584,41.21900826446281,50.0,ChargeUp - Knut Hamsund VGS,Norway,363,POINT (15.6241 68.08347),1000.0,161.3,30.77,1000.0,85.17,1000.0,1000.0,18.03,1000.0,0.0,7.0,33.0,0.0,25.0,0.0,0.0,8.0,0.0,Kople As,0.0,4.0,0.0,0.0,0.0,0.0,0.0,0.0,0.0,1.0,1.0,0.0,6.0,2.0,0.0,0.0,1000.0,100.87,1000.0,1000.0,1000.0,1000.0,1000.0,1000.0,1000.0,451.3,336.26,1000.0,32.06,2.22,1000.0,1000.0,"(0.0, 4.498]",0.49,210.0,15.6241,68.08347,3.85,63,5.0,0.0,2.0,8.0,0.0,0.0,4.0,3,3/6,161.3,primary
e4d40bd6caa8adbe8fa0242d36cb9cca,2,304,2.7141362252663623,39.083561643835615,100.0,LAD OPP - Mosjøen Camping - AC,Norway,365,POINT (13.22013 65.83445),1000.0,360.85,13.11,401.69,6.91,1000.0,29.41,159.62,1000.0,0.0,4.0,61.0,17.0,172.0,0.0,27.0,11.0,0.0,Kople As,3.0,3.0,0.0,3.0,0.0,1.0,1.0,0.0,2.0,1.0,2.0,0.0,4.0,7.0,0.0,0.0,32.98,43.33,1000.0,37.82,1000.0,364.62,375.19,1000.0,355.18,298.59,377.69,1000.0,221.99,8.92,1000.0,1000.0,"(0.0, 4.498]",0.49,442.5,13.22013,65.83445,5.58,64,5.0,2.0,4.0,11.0,3.0,4.0,3.0,6,6/6,29.41,trunk
9e61290f6990393311c24f46e150139e,4,301,2.7036114926739923,38.932005494505496,50.0,Coop Prix Straumen,Norway,364,POINT (15.59077 67.3467),1000.0,1000.0,24.85,28.42,72.36,1000.0,373.96,1000.0,1000.0,0.0,0.0,60.0,13.0,24.0,0.0,3.0,0.0,0.0,Mer,1.0,3.0,0.0,0.0,0.0,0.0,0.0,1.0,2.0,0.0,0.0,0.0,5.0,1.0,0.0,0.0,222.54,131.95,1000.0,1000.0,1000.0,1000.0,1000.0,71.68,137.38,1000.0,1000.0,1000.0,201.7,71.68,1000.0,1000.0,"(0.0, 4.498]",0.49,270.0,15.59077,67.3467,2.88,65,5.0,2.0,0.0,6.0,1.0,0.0,3.0,4,4/6,373.96,trunk
68145c83c094261657d10bdeda3bbf80,2,106,2.4172374429223744,34.80821917808219,180.0,PWR UP - Kjerringøy,Norway,146,POINT (14.76145 67.51986),1000.0,1000.0,19.59,40.55,4.39,1000.0,1000.0,77.06,1000.0,0.0,0.0,16.0,8.0,21.0,0.0,0.0,6.0,0.0,Kople As,1.0,5.0,0.0,2.0,0.0,0.0,0.0,0.0,1.0,0.0,0.0,0.0,0.0,1.0,0.0,1.0,171.68,88.64,1000.0,175.2,1000.0,1000.0,1000.0,1000.0,19.39,1000.0,1000.0,1000.0,1000.0,3.53,1000.0,157.79,"(0.0, 4.498]",0.49,367.5,14.76145,67.51986,4.42,66,5.0,1.0,0.0,1.0,1.0,2.0,6.0,5,5/6,1000.0,motorway
6104519029d1ad716b4b9171068a0613,2,284,2.292142313546424,33.00684931506849,150.0,PWR UP - Terråk,Norway,365,POINT (12.37507 65.08909),1000.0,46.94,49.07,291.07,12.41,79.08,1000.0,108.67,1000.0,0.0,6.0,30.0,4.0,17.0,3.0,0.0,5.0,0.0,Kople As,2.0,4.0,0.0,0.0,0.0,0.0,0.0,0.0,1.0,1.0,0.0,0.0,3.0,3.0,0.0,0.0,159.36,43.01,1000.0,1000.0,1000.0,1000.0,1000.0,1000.0,1.44,66.68,1000.0,1000.0,91.86,37.21,1000.0,1000.0,"(0.0, 4.498]",1.96,300.0,12.37507,65.08909,4.81,67,5.0,1.0,1.0,6.0,2.0,0.0,4.0,5,5/6,46.94,primary
410eb19aef80f189b84a52625d58e56c,2,283,2.268582112332112,32.667582417582416,100.0,ChargeUp - Dragefossen Rognan,Norway,364,POINT (15.3915 67.10341),1000.0,1000.0,25.35,143.89,29.53,1000.0,1000.0,1000.0,1000.0,0.0,0.0,55.0,14.0,32.0,0.0,0.0,0.0,0.0,Kople As,1.0,5.0,0.0,7.0,2.0,2.0,1.0,1.0,5.0,2.0,1.0,0.0,3.0,9.0,1.0,0.0,12.74,33.07,1000.0,81.31,103.61,155.27,200.16,241.48,102.89,102.11,94.07,1000.0,80.61,63.3,101.72,1000.0,"(0.0, 4.498]",0.49,572.5,15.3915,67.10341,5.38,68,5.0,6.0,8.0,12.0,1.0,8.0,5.0,6,6/6,1000.0,motorway
9d38b3952aeef181216942362270143a,4,246,2.2505707762557083,32.40821917808219,200.0,St1 Ankenes,Norway,365,POINT (17.4173 68.40566),1000.0,1000.0,455.7,1000.0,4.09,1000.0,16.6,11.32,1000.0,0.0,0.0,4.0,0.0,16.0,0.0,11.0,1.0,0.0,Recharge,0.0,0.0,0.0,0.0,0.0,0.0,0.0,3.0,3.0,0.0,2.0,0.0,1.0,12.0,0.0,0.0,1000.0,1000.0,1000.0,1000.0,1000.0,1000.0,1000.0,1.62,136.55,1000.0,82.68,1000.0,298.39,1.62,1000.0,1000.0,"(0.0, 4.498]",0.49,90.0,17.4173,68.40566,4.23,69,5.0,3.0,2.0,13.0,0.0,0.0,0.0,3,3/6,16.6,trunk
5d8935113b804dee8233488cbc611ee0,4,233,2.178224885844749,31.366438356164384,300.0,LAD OPP - Røkland,Norway,365,POINT (15.31404 66.98229),1000.0,1000.0,71.21,62.54,18.81,1000.0,92.73,232.44,1000.0,0.0,0.0,18.0,10.0,21.0,0.0,9.0,1.0,0.0,Kople As,2.0,0.0,0.0,0.0,0.0,0.0,0.0,1.0,0.0,1.0,0.0,0.0,0.0,1.0,1.0,0.0,128.08,1000.0,1000.0,1000.0,1000.0,1000.0,1000.0,103.93,1000.0,161.21,1000.0,1000.0,1000.0,103.93,129.48,1000.0,"(0.0, 4.498]",0.49,270.0,15.31404,66.98229,3.27,70,5.0,1.0,2.0,1.0,2.0,0.0,0.0,4,4/6,92.73,trunk
d96feda08c6dc9de32d3227fcb609168,1,173,2.1356074481074483,30.75274725274725,50.0,Recharge Esso Grubhei,Norway,364,POINT (14.20314 66.32036),1000.0,1000.0,69.97,1000.0,8.73,52.15,31.31,1000.0,1000.0,0.0,0.0,53.0,0.0,64.0,11.0,23.0,0.0,0.0,Recharge,0.0,2.0,0.0,1.0,0.0,0.0,0.0,2.0,4.0,0.0,2.0,0.0,2.0,3.0,0.0,0.0,1000.0,210.05,1000.0,312.08,1000.0,1000.0,1000.0,35.13,209.32,1000.0,307.94,1000.0,346.81,35.13,1000.0,1000.0,"(0.0, 4.498]",0.49,247.5,14.20314,66.32036,3.85,71,5.0,4.0,2.0,5.0,0.0,1.0,2.0,5,5/6,31.31,trunk
32e82c4be863f8ef2e7e5bab37969c7b,5,128,2.032135076252723,29.26274509803921,400.0,St1 Lading Mørkved,Norway,153,POINT (14.54853 67.28222),1000.0,1000.0,95.56,1000.0,17.98,31.37,9.97,1000.0,1000.0,0.0,0.0,96.0,0.0,74.0,43.0,7.0,0.0,0.0,St1 Charge,0.0,2.0,0.0,1.0,0.0,0.0,0.0,3.0,2.0,4.0,5.0,2.0,2.0,5.0,1.0,1.0,1000.0,270.81,1000.0,198.09,1000.0,1000.0,1000.0,47.03,177.03,187.22,126.6,187.67,259.92,47.03,177.85,258.56,"(0.0, 4.498]",0.49,487.5,14.54853,67.28222,4.23,72,5.0,3.0,10.0,9.0,0.0,1.0,3.0,5,5/6,9.97,trunk
f0af9ddc6fa573d60ec6cfa42ffb1393,2,304,1.993055555555556,28.7,150.0,Bodø Energi - Skauvoll,Norway,365,POINT (14.04286 66.98669),1000.0,12.24,306.73,1000.0,13.5,1000.0,1000.0,40.69,1000.0,0.0,4.0,4.0,0.0,18.0,0.0,0.0,1.0,0.0,Kople As,1.0,0.0,0.0,0.0,0.0,0.0,0.0,0.0,0.0,0.0,0.0,0.0,0.0,1.0,0.0,0.0,22.7,1000.0,1000.0,1000.0,1000.0,1000.0,1000.0,1000.0,1000.0,1000.0,1000.0,1000.0,1000.0,36.09,1000.0,1000.0,"(0.0, 4.498]",0.49,150.0,14.04286,66.98669,3.08,73,5.0,0.0,0.0,1.0,1.0,0.0,0.0,2,2/6,12.24,primary
dd996a15f71b7b46fe02ede3353f4431,4,273,1.95914193302892,28.21164383561644,50.0,Recharge Coop Prix Storforshei,Norway,365,POINT (14.52831 66.40434),1000.0,1000.0,9.87,1000.0,2.02,1000.0,74.89,146.02,1000.0,0.0,0.0,46.0,0.0,37.0,0.0,11.0,11.0,0.0,Recharge,0.0,1.0,0.0,0.0,0.0,0.0,0.0,0.0,1.0,0.0,0.0,0.0,0.0,1.0,0.0,0.0,1000.0,107.66,1000.0,1000.0,1000.0,1000.0,1000.0,1000.0,33.78,1000.0,1000.0,1000.0,1000.0,139.52,1000.0,1000.0,"(0.0, 4.498]",0.49,120.0,14.52831,66.40434,3.08,74,5.0,1.0,0.0,1.0,0.0,0.0,1.0,3,3/6,74.89,trunk
fbd3a07e8ddf39be48f2b5f371b31ef6,5,298,1.8616818873668184,26.80821917808219,400.0,St1 Lading Mosjøen,Norway,365,POINT (13.19574 65.86385),1000.0,17.67,21.75,1000.0,32.94,1000.0,105.13,1000.0,1000.0,0.0,13.0,78.0,0.0,209.0,0.0,19.0,0.0,0.0,St1 Charge,0.0,2.0,0.0,2.0,1.0,0.0,0.0,3.0,5.0,0.0,1.0,1.0,1.0,11.0,0.0,0.0,1000.0,109.75,1000.0,112.28,228.21,1000.0,1000.0,31.38,109.75,1000.0,138.79,124.02,109.75,31.38,1000.0,1000.0,"(0.0, 4.498]",0.49,347.5,13.19574,65.86385,4.62,75,5.0,5.0,2.0,13.0,0.0,2.0,2.0,5,5/6,17.67,primary
b4549728e963405a61a6c466170361e7,2,267,1.7669223137973142,25.44368131868132,150.0,PWR UP - Beiarn,Norway,364,POINT (14.7604 66.98871),1000.0,91.81,454.36,23.42,58.07,1000.0,1000.0,95.4,1000.0,0.0,6.0,2.0,2.0,11.0,0.0,0.0,4.0,0.0,Kople As,2.0,0.0,0.0,0.0,0.0,0.0,0.0,1.0,2.0,0.0,0.0,0.0,0.0,3.0,0.0,0.0,79.7,1000.0,1000.0,1000.0,1000.0,1000.0,1000.0,53.49,25.83,1000.0,1000.0,1000.0,1000.0,0.36,1000.0,1000.0,"(0.0, 4.498]",0.49,150.0,14.7604,66.98871,3.46,76,5.0,2.0,0.0,3.0,2.0,0.0,0.0,3,3/6,91.81,primary
e023c348a1dd3416b96369cc3d9b7051,4,107,1.7230783866057835,24.812328767123287,400.0,Circle K Olav VS Gate,Norway,365,POINT (14.40442 67.27489),1000.0,1000.0,59.11,1000.0,19.87,381.64,47.45,1000.0,1000.0,0.0,0.0,58.0,0.0,56.0,10.0,18.0,0.0,0.0,Circle K,0.0,5.0,0.0,1.0,0.0,1.0,0.0,3.0,1.0,0.0,3.0,0.0,6.0,29.0,0.0,0.0,1000.0,34.98,1000.0,125.19,1000.0,136.54,1000.0,28.96,276.97,1000.0,116.56,1000.0,109.46,28.96,1000.0,1000.0,"(0.0, 4.498]",0.49,277.5,14.40442,67.27489,4.62,77,5.0,1.0,4.0,35.0,0.0,1.0,5.0,5,5/6,47.45,trunk
ae4c8818488f5c8a264f778fce5e4de0,8,248,1.614250380517504,23.245205479452054,400.0,LAD OPP - Korgen,Norway,365,POINT (13.82583 66.08122),1000.0,1000.0,73.34,34.26,38.18,141.65,22.57,146.15,1000.0,0.0,0.0,11.0,3.0,25.0,4.0,2.0,4.0,0.0,Kople As,1.0,0.0,0.0,0.0,0.0,0.0,0.0,3.0,1.0,2.0,0.0,1.0,3.0,7.0,0.0,0.0,51.6,1000.0,1000.0,1000.0,1000.0,1000.0,1000.0,58.43,117.27,107.04,1000.0,100.38,76.68,58.43,1000.0,1000.0,"(0.0, 4.498]",0.49,270.0,13.82583,66.08122,3.85,78,5.0,1.0,2.0,11.0,1.0,0.0,0.0,4,4/6,22.57,trunk
fc1b23bf124f2e441b727acc3bf112b9,3,201,1.5054540842212076,21.67853881278539,50.0,Leinesfjord,Norway,365,POINT (15.01868 67.77662),1000.0,9.66,191.17,1000.0,10.63,1000.0,1000.0,131.17,1000.0,0.0,5.0,3.0,0.0,35.0,0.0,0.0,8.0,0.0,Eviny,2.0,5.0,0.0,0.0,1.0,0.0,0.0,0.0,2.0,0.0,0.0,0.0,5.0,8.0,0.0,1.0,262.21,114.09,1000.0,1000.0,168.22,1000.0,1000.0,1000.0,171.34,1000.0,1000.0,1000.0,95.94,33.4,1000.0,120.27,"(0.0, 4.498]",0.49,370.0,15.01868,67.77662,4.23,79,5.0,2.0,1.0,13.0,2.0,0.0,6.0,5,5/6,9.66,primary
e6e6fd6be5e7b31bc170fe1bd5ef07a3,2,260,1.287671232876712,18.542465753424658,150.0,PWR UP - Misvær,Norway,365,POINT (15.00377 67.11659),1000.0,29.75,46.98,1000.0,25.92,1000.0,1000.0,1000.0,1000.0,0.0,8.0,26.0,0.0,37.0,0.0,0.0,0.0,0.0,Kople As,0.0,4.0,0.0,1.0,0.0,0.0,0.0,1.0,2.0,1.0,0.0,0.0,1.0,3.0,0.0,0.0,1000.0,87.08,1000.0,72.88,1000.0,1000.0,1000.0,28.38,72.69,203.13,1000.0,1000.0,345.15,25.47,1000.0,1000.0,"(0.0, 4.498]",0.49,247.5,15.00377,67.11659,3.85,80,5.0,2.0,1.0,4.0,0.0,1.0,4.0,5,5/6,29.75,primary
1e04626a1feab4372ba6b5492994a79b,4,234,1.271832191780822,18.31438356164384,50.0,Recharge Coop Korgen,Norway,365,POINT (13.82327 66.08059),1000.0,1000.0,141.5,169.06,15.23,190.93,10.91,245.13,1000.0,0.0,0.0,7.0,5.0,26.0,4.0,2.0,2.0,0.0,Recharge,1.0,0.0,0.0,0.0,0.0,0.0,0.0,3.0,1.0,2.0,0.0,1.0,5.0,8.0,0.0,1.0,126.63,1000.0,1000.0,1000.0,1000.0,1000.0,1000.0,136.13,64.16,53.12,1000.0,19.79,168.04,56.19,1000.0,442.07,"(0.0, 4.498]",0.49,330.0,13.82327,66.08059,3.85,81,5.0,1.0,2.0,14.0,1.0,0.0,1.0,5,5/6,10.91,trunk
57b72ac2c3fc202a506934d3e017b0fb,4,201,1.0402348224513172,14.97938144329897,300.0,Kjøpsvik,Norway,291,POINT (16.3762 68.09834),1000.0,1000.0,11.67,1000.0,1.17,25.88,266.33,287.84,1000.0,0.0,0.0,64.0,0.0,21.0,26.0,14.0,3.0,0.0,Eviny,3.0,1.0,0.0,1.0,0.0,0.0,0.0,0.0,2.0,0.0,0.0,0.0,1.0,1.0,0.0,1.0,116.06,198.92,1000.0,156.7,1000.0,1000.0,1000.0,1000.0,61.55,1000.0,1000.0,1000.0,235.47,345.2,1000.0,188.81,"(0.0, 4.498]",0.49,397.5,16.3762,68.09834,3.65,82,5.0,2.0,0.0,2.0,3.0,1.0,2.0,5,5/6,266.33,trunk
