id,size_total,active_days_count,percentage_average,average_daily_minutes,capacity_kw,station_name,country_name,calendar_day_count,geometry,living_street_dist,primary_dist,residential_dist,secondary_dist,road_service_dist,tertiary_dist,trunk_dist,unclassified_dist,motorway_dist,road_count_living_street,primary_count,road_count_residential,secondary_count,road_service_count,tertiary_count,trunk_count,unclassified_count,motorway_count,operator,accommodation_count,activities_count,beauty_count,cafe_and_restaurant_count,clothing_count,electronics_count,food_count,supermarket_count,hobby_count,home_count,medical_count,public_service_count,service_count,shopping_center_count,religious_count,accommodation_dist,activities_dist,beauty_dist,cafe_and_restaurant_dist,clothing_dist,electronics_dist,food_dist,grocery_dist,hobby_dist,home_dist,medical_dist,public_service_dist,service_dist,shopping_center_dist,religious_dist,occupation_rate,population,total_time_spent,lng,lat,good_feature_score,score_performance,occupation_rank,Supermarket,Shopping,Services,Hotel,Restaurant,Leisure,poi_categories_present,poi_categories_present_str,nearest_major_road_dist,nearest_major_road_type
f6ef637eb61c9095d1e97ed8088b4908,1,127,44.97657295850067,647.6626506024096,75.0,PWR UP - Coop Berg,Norway,166,POINT (12.19671 65.36867),1000.0,22.09,33.18,141.27,1.89,1000.0,1000.0,1000.0,1000.0,0.0,6.0,28.0,3.0,91.0,0.0,0.0,0.0,0.0,Kople As,0.0,0.0,0.0,1.0,0.0,0.0,0.0,2.0,0.0,0.0,0.0,1.0,5.0,0.0,0.0,1000.0,1000.0,1000.0,92.51,1000.0,1000.0,1000.0,24.53,1000.0,1000.0,1000.0,86.13,77.04,1000.0,1000.0,"(41.524, 46.138]",1.96,127.5,12.19671,65.36867,4.2,1,1.0,2.0,0.0,6.0,0.0,1.0,0.0,3,3/6,22.09,primary
93a9bebd18ba399e34c11d5233ea4620,1,304,43.62956621004566,628.2657534246575,75.0,Kople Coop Extra Sjøvegan,Norway,365,POINT (17.83002 68.87709),1000.0,13.34,128.55,1000.0,0.21,136.6,1000.0,369.98,1000.0,0.0,5.0,9.0,0.0,58.0,3.0,0.0,2.0,0.0,Kople As,1.0,11.0,0.0,3.0,1.0,1.0,1.0,2.0,2.0,3.0,1.0,1.0,6.0,0.0,0.0,366.29,17.28,1000.0,61.13,279.68,275.02,272.21,5.04,173.37,163.7,359.24,130.4,230.81,1000.0,1000.0,"(41.524, 46.138]",0.49,542.5,17.83002,68.87709,5.8,2,1.0,2.0,7.0,8.0,1.0,4.0,11.0,6,6/6,13.34,primary
93dac09bca00923e49bbe7390495798d,1,216,17.78631787126933,256.12297734627833,50.0,Allego NOALLE00002109,Norway,309,POINT (14.40087 67.27614),1000.0,1000.0,34.44,1000.0,40.58,223.12,121.21,1000.0,1000.0,0.0,0.0,102.0,0.0,57.0,12.0,16.0,0.0,0.0,Allego,0.0,3.0,0.0,1.0,0.0,1.0,0.0,3.0,0.0,3.0,0.0,6.0,31.0,0.0,0.0,1000.0,216.46,1000.0,99.66,1000.0,187.13,1000.0,390.18,1000.0,100.15,1000.0,24.39,2.67,1000.0,1000.0,"(13.841, 18.455]",0.49,277.5,14.40087,67.27614,4.2,3,2.0,3.0,4.0,37.0,0.0,1.0,3.0,5,5/6,121.21,trunk
638bacbd9f18c016e649b9eee59efa73,1,160,17.300418569254187,249.1260273972603,75.0,PWR UP - Misvær,Norway,365,POINT (15.00377 67.11659),1000.0,29.75,46.98,1000.0,25.92,1000.0,1000.0,1000.0,1000.0,0.0,8.0,26.0,0.0,37.0,0.0,0.0,0.0,0.0,Kople As,0.0,4.0,0.0,1.0,0.0,0.0,0.0,2.0,1.0,0.0,0.0,1.0,3.0,0.0,0.0,1000.0,87.08,1000.0,72.88,1000.0,1000.0,1000.0,72.69,203.13,1000.0,1000.0,345.15,25.47,1000.0,1000.0,"(13.841, 18.455]",0.49,247.5,15.00377,67.11659,3.6,4,2.0,2.0,1.0,4.0,0.0,1.0,4.0,5,5/6,29.75,primary
b6a00d121568c1323a5e884abbb9c176,1,270,16.924165901438624,243.70798898071627,75.0,Kople YX Høylandet,Norway,363,POINT (12.29867 64.62597),1000.0,35.09,86.33,1000.0,15.55,1000.0,1000.0,303.01,1000.0,0.0,12.0,27.0,0.0,27.0,0.0,0.0,4.0,0.0,Kople As,1.0,2.0,0.0,0.0,0.0,0.0,0.0,2.0,0.0,0.0,0.0,2.0,4.0,0.0,0.0,374.17,452.85,1000.0,1000.0,1000.0,1000.0,1000.0,108.06,1000.0,1000.0,1000.0,197.43,33.53,1000.0,1000.0,"(13.841, 18.455]",1.96,270.0,12.29867,64.62597,2.6,5,2.0,2.0,0.0,6.0,1.0,0.0,2.0,4,4/6,35.09,primary
bc9a46872bcc6e9497c1c5235c6dd7a8,16,346,16.76179604261796,241.36986301369865,150.0,Obs Jekta Storsenter,Norway,365,POINT (18.92331 69.67368),1000.0,287.78,339.94,1000.0,4.23,184.08,180.92,15.89,1000.0,0.0,20.0,18.0,0.0,107.0,12.0,24.0,40.0,0.0,Mer,2.0,6.0,6.0,8.0,28.0,10.0,6.0,11.0,19.0,16.0,5.0,1.0,36.0,5.0,0.0,348.81,112.88,64.71,89.43,60.15,52.0,104.25,85.34,58.33,55.1,53.91,282.17,94.8,59.49,1000.0,"(13.841, 18.455]",0.49,692.5,18.92331,69.67368,6.8,6,2.0,16.0,78.0,48.0,2.0,14.0,6.0,6,6/6,180.92,trunk
d19ae78cc789f861f848b6b3515d3973,1,220,16.20517851646661,233.3545706371191,75.0,Bodø Energi - Skauvoll,Norway,361,POINT (14.04286 66.98669),1000.0,12.24,306.73,1000.0,13.5,1000.0,1000.0,40.69,1000.0,0.0,4.0,4.0,0.0,18.0,0.0,0.0,1.0,0.0,Kople As,1.0,0.0,0.0,0.0,0.0,0.0,0.0,0.0,0.0,0.0,0.0,0.0,1.0,0.0,0.0,22.7,1000.0,1000.0,1000.0,1000.0,1000.0,1000.0,1000.0,1000.0,1000.0,1000.0,1000.0,36.09,1000.0,1000.0,"(13.841, 18.455]",0.49,150.0,14.04286,66.98669,2.8,7,2.0,0.0,0.0,1.0,1.0,0.0,0.0,2,2/6,12.24,primary
77488afd8aa3d167e8264e60805ad995,4,342,15.652825342465754,225.40068493150685,150.0,AMFI Pyramiden,Norway,365,POINT (18.96988 69.63979),1000.0,1000.0,116.32,1000.0,11.69,81.21,24.92,1000.0,1000.0,0.0,0.0,10.0,0.0,44.0,19.0,9.0,0.0,0.0,Mer,0.0,4.0,0.0,3.0,4.0,1.0,4.0,5.0,4.0,4.0,3.0,0.0,12.0,4.0,0.0,1000.0,358.05,1000.0,78.64,50.04,353.97,23.88,41.47,12.02,64.23,18.72,1000.0,41.4,90.95,1000.0,"(13.841, 18.455]",0.49,482.5,18.96988,69.63979,6.0,8,2.0,9.0,17.0,15.0,0.0,7.0,4.0,5,5/6,24.92,trunk
7dd1c554e3ecc5b89883ad2a567a8c00,1,182,15.301179604261794,220.33698630136988,75.0,Kople Overhalla kommunehus,Norway,365,POINT (11.94781 64.49398),1000.0,37.55,26.03,60.01,39.99,1000.0,1000.0,16.58,1000.0,0.0,17.0,14.0,4.0,39.0,0.0,0.0,7.0,0.0,Kople As,1.0,4.0,0.0,2.0,0.0,0.0,0.0,2.0,1.0,1.0,1.0,2.0,7.0,0.0,1.0,324.02,160.58,1000.0,125.2,1000.0,1000.0,1000.0,65.12,414.29,452.47,82.65,177.13,11.17,1000.0,171.12,"(13.841, 18.455]",1.96,517.5,11.94781,64.49398,5.4,9,2.0,2.0,2.0,10.0,1.0,2.0,5.0,6,6/6,37.55,primary
7d0208cddba62ef72c77f85145cecc13,1,300,14.909531963470323,214.6972602739726,50.0,Recharge Esso Rønvik,Norway,365,POINT (14.40705 67.29354),1000.0,211.85,213.04,1000.0,25.21,18.4,1000.0,89.64,1000.0,0.0,17.0,50.0,0.0,121.0,11.0,0.0,3.0,0.0,Recharge,0.0,6.0,0.0,1.0,0.0,0.0,0.0,3.0,1.0,4.0,0.0,4.0,13.0,0.0,1.0,1000.0,216.09,1000.0,343.07,1000.0,1000.0,1000.0,195.62,234.6,327.45,1000.0,210.77,43.82,1000.0,417.29,"(13.841, 18.455]",0.49,337.5,14.40705,67.29354,5.0,10,2.0,3.0,5.0,17.0,0.0,1.0,7.0,5,5/6,211.85,primary
ae2c627dd02355b40b1c5424f380b235,1,155,14.621786042240586,210.5537190082645,75.0,PWR UP - Terråk,Norway,363,POINT (12.37507 65.08909),1000.0,46.94,49.07,291.07,12.41,79.08,1000.0,108.67,1000.0,0.0,6.0,30.0,4.0,17.0,3.0,0.0,5.0,0.0,Kople As,2.0,4.0,0.0,0.0,0.0,0.0,0.0,1.0,1.0,0.0,0.0,3.0,3.0,0.0,0.0,159.36,43.01,1000.0,1000.0,1000.0,1000.0,1000.0,1.44,66.68,1000.0,1000.0,91.86,37.21,1000.0,1000.0,"(13.841, 18.455]",1.96,300.0,12.37507,65.08909,4.6,11,2.0,1.0,1.0,6.0,2.0,0.0,4.0,5,5/6,46.94,primary
a17880ad0d882c4f06f232a83c2d1037,2,257,12.682838660578383,182.6328767123288,75.0,LAD OPP - Utskarpen - AC,Norway,365,POINT (13.55049 66.29599),1000.0,21.08,423.09,1000.0,4.51,1000.0,1000.0,1000.0,1000.0,0.0,4.0,2.0,0.0,16.0,0.0,0.0,0.0,0.0,Kople As,0.0,1.0,0.0,0.0,0.0,0.0,0.0,1.0,1.0,0.0,0.0,0.0,1.0,0.0,0.0,1000.0,265.82,1000.0,1000.0,1000.0,1000.0,1000.0,21.66,15.34,1000.0,1000.0,1000.0,6.59,1000.0,1000.0,"(9.228, 13.841]",0.49,150.0,13.55049,66.29599,3.6,12,3.0,1.0,1.0,1.0,0.0,0.0,1.0,4,4/6,21.08,primary
df4229c822a5349d9867e36e4c6a289c,2,219,11.5406202435312,166.18493150684932,75.0,LAD OPP - Halsa - AC,Norway,365,POINT (13.55166 66.74281),1000.0,33.45,43.98,1000.0,32.49,1000.0,1000.0,94.9,1000.0,0.0,6.0,14.0,0.0,35.0,0.0,0.0,4.0,0.0,Kople As,0.0,2.0,0.0,2.0,0.0,0.0,0.0,1.0,0.0,0.0,0.0,0.0,5.0,0.0,1.0,1000.0,48.03,1000.0,56.94,1000.0,1000.0,1000.0,56.28,1000.0,1000.0,1000.0,1000.0,36.47,1000.0,303.83,"(9.228, 13.841]",0.49,247.5,13.55166,66.74281,3.8,13,3.0,1.0,0.0,5.0,0.0,2.0,3.0,4,4/6,33.45,primary
0e6e5d26963b1b83183beb70aadc63d5,1,310,11.158295281582951,160.67945205479452,150.0,Recharge Esso Langneset,Norway,365,POINT (14.13423 66.3045),1000.0,1000.0,93.5,1000.0,8.27,110.44,62.84,54.28,1000.0,0.0,0.0,56.0,0.0,61.0,16.0,32.0,12.0,0.0,Recharge,2.0,4.0,0.0,5.0,3.0,2.0,2.0,4.0,3.0,6.0,0.0,4.0,20.0,4.0,0.0,376.6,148.23,1000.0,208.39,196.91,24.88,193.02,41.91,66.42,53.29,1000.0,348.63,43.4,200.33,1000.0,"(9.228, 13.841]",0.49,572.5,14.13423,66.3045,6.4,14,3.0,8.0,18.0,24.0,2.0,7.0,4.0,6,6/6,62.84,trunk
47fceadb3a4d4745d2c06158c0dafd9d,4,341,10.998810882800608,158.38287671232877,150.0,Namsos Storsenter,Norway,365,POINT (11.48985 64.46843),1000.0,21.52,66.83,214.21,46.52,1000.0,1000.0,11.51,1000.0,0.0,41.0,75.0,7.0,32.0,0.0,0.0,63.0,0.0,Mer,2.0,18.0,1.0,16.0,14.0,4.0,5.0,4.0,9.0,8.0,4.0,11.0,53.0,1.0,3.0,104.49,70.97,80.49,72.67,76.38,73.59,45.98,112.78,71.37,64.26,61.45,200.92,76.0,50.74,231.05,"(9.228, 13.841]",1.96,752.5,11.48985,64.46843,7.4,15,3.0,5.0,36.0,69.0,2.0,21.0,21.0,6,6/6,21.52,primary
2c0a1c43ce2b61b2fce6a2a3a7f3856f,2,144,10.988756613756612,158.23809523809524,180.0,LAD OPP - Ørnes - AC,Norway,147,POINT (13.7054 66.87337),1000.0,16.77,131.54,1000.0,29.35,299.09,1000.0,1000.0,1000.0,0.0,14.0,40.0,0.0,46.0,4.0,0.0,0.0,0.0,Kople As,0.0,2.0,0.0,0.0,2.0,0.0,0.0,3.0,3.0,0.0,0.0,6.0,4.0,0.0,1.0,1000.0,96.69,1000.0,1000.0,80.74,1000.0,1000.0,74.21,113.09,1000.0,1000.0,120.71,84.1,1000.0,491.54,"(9.228, 13.841]",0.49,280.0,13.7054,66.87337,4.6,16,3.0,3.0,5.0,10.0,0.0,0.0,3.0,4,4/6,16.77,primary
bd4bb2002760ffeee11970b085a2cc77,4,339,10.879661339421617,156.66712328767125,300.0,Uno-X Fauske,Norway,365,POINT (15.38319 67.25873),1000.0,1000.0,37.43,1000.0,2.6,1000.0,35.3,123.51,1000.0,0.0,0.0,87.0,0.0,62.0,0.0,40.0,8.0,0.0,Uno-X,0.0,10.0,0.0,4.0,0.0,2.0,1.0,4.0,1.0,1.0,1.0,9.0,20.0,0.0,1.0,1000.0,167.52,1000.0,283.89,1000.0,120.12,272.46,75.27,413.6,330.78,160.39,80.52,21.61,1000.0,356.39,"(9.228, 13.841]",0.49,442.5,15.38319,67.25873,6.4,17,3.0,4.0,4.0,30.0,0.0,5.0,11.0,5,5/6,35.3,trunk
ca229a07bbf1291dee1067adc73e0194,1,342,10.837709284627095,156.06301369863013,150.0,Ishavskraft - Finnsnes,Norway,365,POINT (18.00306 69.23121),1000.0,21.75,61.13,1000.0,6.32,62.19,1000.0,19.71,1000.0,0.0,18.0,44.0,0.0,43.0,9.0,0.0,13.0,0.0,Kople As,0.0,5.0,0.0,0.0,0.0,1.0,0.0,2.0,1.0,2.0,0.0,6.0,11.0,0.0,1.0,1000.0,361.51,1000.0,1000.0,1000.0,59.74,1000.0,86.88,420.0,106.82,1000.0,93.12,1.56,1000.0,318.99,"(9.228, 13.841]",0.49,300.0,18.00306,69.23121,6.0,18,3.0,2.0,4.0,17.0,0.0,0.0,6.0,4,4/6,21.75,primary
7d6c6baa493871fdbdb06fc321abb272,1,105,10.831997863247864,155.98076923076923,75.0,PWR UP - Beiarn,Norway,364,POINT (14.7604 66.98871),1000.0,91.81,454.36,23.42,58.07,1000.0,1000.0,95.4,1000.0,0.0,6.0,2.0,2.0,11.0,0.0,0.0,4.0,0.0,Kople As,2.0,0.0,0.0,0.0,0.0,0.0,0.0,2.0,0.0,0.0,0.0,0.0,3.0,0.0,0.0,79.7,1000.0,1000.0,1000.0,1000.0,1000.0,1000.0,25.83,1000.0,1000.0,1000.0,1000.0,0.36,1000.0,1000.0,"(9.228, 13.841]",0.49,150.0,14.7604,66.98871,3.4,19,3.0,2.0,0.0,3.0,2.0,0.0,0.0,3,3/6,91.81,primary
4d2e027600b2ea83462bd18048cd8bfe,1,121,10.738545657726696,154.63505747126436,75.0,Kople YX Brøstadbotn,Norway,348,POINT (17.70315 69.0933),1000.0,1000.0,368.28,24.84,5.9,1000.0,1000.0,273.61,1000.0,0.0,0.0,6.0,2.0,10.0,0.0,0.0,14.0,0.0,Kople As,0.0,0.0,0.0,0.0,0.0,0.0,0.0,1.0,0.0,0.0,0.0,1.0,4.0,0.0,0.0,1000.0,1000.0,1000.0,1000.0,1000.0,1000.0,1000.0,386.88,1000.0,1000.0,1000.0,400.19,0.24,1000.0,1000.0,"(9.228, 13.841]",0.49,60.0,17.70315,69.0933,3.0,20,3.0,1.0,0.0,5.0,0.0,0.0,0.0,2,2/6,1000.0,motorway
a72260cea22b829cc647c738f06f6064,1,142,10.636810279667422,153.17006802721087,180.0,PWR UP - Røkland,Norway,147,POINT (15.31518 66.98087),1000.0,1000.0,194.71,95.21,2.33,1000.0,26.51,143.54,1000.0,0.0,0.0,17.0,9.0,18.0,0.0,9.0,1.0,0.0,Kople As,2.0,0.0,0.0,0.0,0.0,0.0,0.0,0.0,1.0,0.0,0.0,0.0,1.0,1.0,0.0,38.36,1000.0,1000.0,1000.0,1000.0,1000.0,1000.0,1000.0,278.17,1000.0,1000.0,1000.0,61.6,40.28,1000.0,"(9.228, 13.841]",0.49,270.0,15.31518,66.98087,3.6,21,3.0,1.0,2.0,1.0,2.0,0.0,0.0,4,4/6,26.51,trunk
cb2d5c723eda68efd4251ad33371e360,2,269,10.469368340943683,150.75890410958905,62.5,ChargeUp - Nordland Taxi,Norway,365,POINT (14.39886 67.28696),1000.0,1000.0,68.5,1000.0,11.03,152.64,74.7,1000.0,1000.0,0.0,0.0,97.0,0.0,88.0,12.0,63.0,0.0,0.0,Kople AS,6.0,15.0,0.0,5.0,0.0,1.0,1.0,2.0,0.0,1.0,0.0,9.0,25.0,0.0,1.0,116.2,128.68,1000.0,258.97,1000.0,128.68,493.41,437.68,1000.0,371.19,1000.0,217.89,34.03,1000.0,162.55,"(9.228, 13.841]",0.49,472.5,14.39886,67.28696,5.0,22,3.0,2.0,2.0,34.0,6.0,6.0,16.0,6,6/6,74.7,trunk
f232f11904846cfd5f2df752ee4a01aa,2,341,10.342751141552512,148.93561643835616,50.0,Havnesenteret,Norway,365,POINT (12.20712 65.47296),1000.0,75.64,109.2,1000.0,5.46,20.14,1000.0,1000.0,1000.0,0.0,15.0,83.0,0.0,23.0,14.0,0.0,0.0,0.0,Mer,6.0,5.0,3.0,9.0,4.0,3.0,3.0,3.0,3.0,3.0,4.0,12.0,21.0,1.0,3.0,262.38,49.08,67.33,64.44,38.87,50.13,52.62,55.55,66.8,46.11,44.12,72.3,60.31,70.97,310.55,"(9.228, 13.841]",1.96,752.5,12.20712,65.47296,7.4,23,3.0,4.0,14.0,40.0,6.0,12.0,8.0,6,6/6,75.64,primary
31013ee21240556dbc13d39e11e0017e,4,238,9.906632764654418,142.65551181102362,180.0,Kople Bjerkvik hotell,Norway,254,POINT (17.55269 68.55041),1000.0,1000.0,66.65,402.75,9.07,1000.0,37.43,272.92,1000.0,0.0,0.0,40.0,5.0,28.0,0.0,19.0,3.0,0.0,Kople As,2.0,3.0,0.0,5.0,2.0,0.0,1.0,2.0,0.0,1.0,0.0,7.0,8.0,0.0,1.0,12.19,230.23,1000.0,98.94,74.62,1000.0,275.07,201.75,1000.0,185.43,1000.0,139.09,11.42,1000.0,416.71,"(9.228, 13.841]",0.49,482.5,17.55269,68.55041,5.2,24,3.0,2.0,3.0,15.0,2.0,6.0,4.0,6,6/6,37.43,trunk
2aa9415f4a702f9e10823ca808633b79,1,301,9.714944824961949,139.89520547945204,225.0,Recharge Esso Rønvik,Norway,365,POINT (14.40705 67.29354),1000.0,211.85,213.04,1000.0,25.21,18.4,1000.0,89.64,1000.0,0.0,17.0,50.0,0.0,121.0,11.0,0.0,3.0,0.0,Recharge,0.0,6.0,0.0,1.0,0.0,0.0,0.0,3.0,1.0,4.0,0.0,4.0,13.0,0.0,1.0,1000.0,216.09,1000.0,343.07,1000.0,1000.0,1000.0,195.62,234.6,327.45,1000.0,210.77,43.82,1000.0,417.29,"(9.228, 13.841]",0.49,337.5,14.40705,67.29354,5.0,25,3.0,3.0,5.0,17.0,0.0,1.0,7.0,5,5/6,211.85,primary
02f8f5166b240ad19dcad7453b8f2668,1,338,9.588660578386609,138.07671232876712,175.0,Ishavsveien - Manndalen,Norway,365,POINT (20.5506 69.54169),1000.0,1000.0,41.68,25.56,19.24,1000.0,69.34,38.89,1000.0,0.0,0.0,11.0,12.0,20.0,0.0,12.0,5.0,0.0,Kople As,2.0,2.0,0.0,0.0,0.0,0.0,0.0,3.0,2.0,0.0,0.0,1.0,1.0,0.0,0.0,163.58,413.21,1000.0,1000.0,1000.0,1000.0,1000.0,110.28,64.57,1000.0,1000.0,182.73,23.94,1000.0,1000.0,"(9.228, 13.841]",0.49,300.0,20.5506,69.54169,4.6,26,3.0,3.0,2.0,2.0,2.0,0.0,2.0,5,5/6,69.34,trunk
f789526ac445984e3c8135c1d17423ef,7,343,9.471841704718416,136.3945205479452,150.0,Amfi Narvik Malmporten,Norway,365,POINT (17.42155 68.43795),1000.0,1000.0,159.22,1000.0,4.54,95.86,204.19,112.03,1000.0,0.0,0.0,85.0,0.0,102.0,49.0,25.0,10.0,0.0,Mer,4.0,28.0,3.0,22.0,11.0,4.0,4.0,9.0,13.0,12.0,4.0,29.0,55.0,1.0,2.0,214.2,60.84,97.28,98.88,57.68,103.93,55.7,93.84,55.43,34.68,56.45,150.83,94.5,63.5,365.49,"(9.228, 13.841]",0.49,752.5,17.42155,68.43795,7.4,27,3.0,10.0,41.0,91.0,4.0,26.0,30.0,6,6/6,204.19,trunk
bbc97c4ba71332f2ffab1251e50155d3,4,309,9.409579528158297,135.49794520547945,400.0,St1 Bjerkvik,Norway,365,POINT (17.55747 68.55121),1000.0,1000.0,23.14,192.14,13.98,1000.0,27.87,239.24,1000.0,0.0,0.0,37.0,5.0,29.0,0.0,18.0,3.0,0.0,Recharge,2.0,3.0,0.0,5.0,2.0,0.0,1.0,2.0,0.0,1.0,0.0,7.0,8.0,0.0,1.0,176.81,155.28,1000.0,133.2,156.94,1000.0,459.82,54.54,1000.0,60.02,1000.0,155.65,14.96,1000.0,334.78,"(9.228, 13.841]",0.49,482.5,17.55747,68.55121,5.8,28,3.0,2.0,3.0,15.0,2.0,6.0,4.0,6,6/6,27.87,trunk
4ad0525fd4c60cd6639d7b0675f4e8d0,2,236,9.056485126859142,130.41338582677164,180.0,Kople Tjeldsundbrua Hotel,Norway,254,POINT (16.59048 68.62511),1000.0,78.06,431.21,1000.0,2.71,1000.0,15.99,1000.0,1000.0,0.0,6.0,1.0,0.0,20.0,0.0,7.0,0.0,0.0,Kople As,1.0,0.0,0.0,0.0,0.0,0.0,0.0,0.0,0.0,0.0,0.0,0.0,1.0,0.0,0.0,23.61,1000.0,1000.0,1000.0,1000.0,1000.0,1000.0,1000.0,1000.0,1000.0,1000.0,1000.0,41.1,1000.0,1000.0,"(4.614, 9.228]",0.49,150.0,16.59048,68.62511,3.0,29,4.0,0.0,0.0,1.0,1.0,0.0,0.0,2,2/6,15.99,trunk
9b480c73cc2a5e9b705485e4c7a6697d,4,293,9.000570776255707,129.60821917808218,200.0,Recharge Esso Langneset,Norway,365,POINT (14.13423 66.3045),1000.0,1000.0,93.5,1000.0,8.27,110.44,62.84,54.28,1000.0,0.0,0.0,56.0,0.0,61.0,16.0,32.0,12.0,0.0,Recharge,2.0,4.0,0.0,5.0,3.0,2.0,2.0,4.0,3.0,6.0,0.0,4.0,20.0,4.0,0.0,376.6,148.23,1000.0,208.39,196.91,24.88,193.02,41.91,66.42,53.29,1000.0,348.63,43.4,200.33,1000.0,"(4.614, 9.228]",0.49,572.5,14.13423,66.3045,6.2,30,4.0,8.0,18.0,24.0,2.0,7.0,4.0,6,6/6,62.84,trunk
01716bdeedb37b1c6f03492ffb19b51f,4,343,8.618483637747337,124.10616438356163,300.0,LAD OPP - Kulturbadet Sandnessjøen,Norway,365,POINT (12.63804 66.0225),1000.0,102.12,45.78,1000.0,10.98,25.96,1000.0,272.36,1000.0,0.0,16.0,37.0,0.0,33.0,6.0,0.0,3.0,0.0,Kople As,2.0,9.0,0.0,12.0,4.0,2.0,1.0,5.0,6.0,4.0,3.0,12.0,20.0,2.0,1.0,63.49,120.54,1000.0,55.1,132.3,218.77,413.4,124.65,114.65,124.65,88.09,51.06,65.89,146.67,241.96,"(4.614, 9.228]",1.96,692.5,12.63804,66.0225,7.0,31,4.0,7.0,18.0,35.0,2.0,13.0,10.0,6,6/6,102.12,primary
4c258985bcdae96673e50fd6ee746a0f,1,321,8.261796042617961,118.96986301369864,175.0,Ishavsveien - Kautokeino,Norway,365,POINT (23.04088 69.01338),1000.0,1000.0,103.52,103.42,6.62,1000.0,23.96,104.21,1000.0,0.0,0.0,37.0,10.0,79.0,0.0,5.0,2.0,0.0,Kople As,4.0,2.0,0.0,1.0,1.0,0.0,0.0,1.0,1.0,0.0,0.0,9.0,6.0,0.0,0.0,140.32,90.45,1000.0,142.22,69.35,1000.0,1000.0,153.84,182.7,1000.0,1000.0,79.72,35.19,1000.0,1000.0,"(4.614, 9.228]",0.01,407.5,23.04088,69.01338,5.0,32,4.0,1.0,2.0,15.0,4.0,1.0,2.0,6,6/6,23.96,trunk
166276db9f02968c6d62e4f9c46941c4,2,145,8.057445200302343,116.02721088435374,180.0,LAD OPP - Utskarpen - AC,Norway,147,POINT (13.55049 66.29599),1000.0,21.08,423.09,1000.0,4.51,1000.0,1000.0,1000.0,1000.0,0.0,4.0,2.0,0.0,16.0,0.0,0.0,0.0,0.0,Kople As,0.0,1.0,0.0,0.0,0.0,0.0,0.0,1.0,1.0,0.0,0.0,0.0,1.0,0.0,0.0,1000.0,265.82,1000.0,1000.0,1000.0,1000.0,1000.0,21.66,15.34,1000.0,1000.0,1000.0,6.59,1000.0,1000.0,"(4.614, 9.228]",0.49,150.0,13.55049,66.29599,3.4,33,4.0,1.0,1.0,1.0,0.0,0.0,1.0,4,4/6,21.08,primary
619d1cffae00d0a6026700f4853dc97d,4,144,8.050561263318116,115.92808219178082,250.0,EVBox Bjørkåsvegen 2,Norway,146,POINT (11.6062 64.86486),1000.0,158.58,25.84,19.54,58.04,1000.0,1000.0,25.65,1000.0,0.0,7.0,57.0,10.0,56.0,0.0,0.0,9.0,0.0,Evbox,1.0,9.0,1.0,4.0,2.0,0.0,1.0,3.0,7.0,5.0,1.0,4.0,13.0,0.0,0.0,30.58,140.85,69.28,126.94,50.81,1000.0,202.3,61.17,78.98,80.28,45.57,216.6,45.69,1000.0,1000.0,"(4.614, 9.228]",1.96,572.5,11.6062,64.86486,6.2,34,4.0,3.0,14.0,19.0,1.0,5.0,9.0,6,6/6,158.58,primary
c9e1bbdfcc2f9b622ae9db6bfea89fcf,2,315,7.8963089802130915,113.7068493150685,300.0,St1 Bjerkvik,Norway,365,POINT (17.55747 68.55121),1000.0,1000.0,23.14,192.14,13.98,1000.0,27.87,239.24,1000.0,0.0,0.0,37.0,5.0,29.0,0.0,18.0,3.0,0.0,Recharge,2.0,3.0,0.0,5.0,2.0,0.0,1.0,2.0,0.0,1.0,0.0,7.0,8.0,0.0,1.0,176.81,155.28,1000.0,133.2,156.94,1000.0,459.82,54.54,1000.0,60.02,1000.0,155.65,14.96,1000.0,334.78,"(4.614, 9.228]",0.49,482.5,17.55747,68.55121,5.8,35,4.0,2.0,3.0,15.0,2.0,6.0,4.0,6,6/6,27.87,trunk
6fb93712030f4280008a7bdf911d5dc6,2,137,7.0913643235071815,102.1156462585034,180.0,PWR UP - Coop Leinesfjord,Norway,147,POINT (15.01624 67.7752),1000.0,21.35,132.82,1000.0,6.09,1000.0,1000.0,35.15,1000.0,0.0,6.0,3.0,0.0,41.0,0.0,0.0,9.0,0.0,Kople As,2.0,5.0,0.0,0.0,1.0,0.0,0.0,2.0,0.0,0.0,0.0,5.0,8.0,0.0,1.0,75.15,114.28,1000.0,1000.0,104.95,1000.0,1000.0,39.68,1000.0,1000.0,1000.0,71.92,45.18,1000.0,112.63,"(4.614, 9.228]",0.49,370.0,15.01624,67.7752,5.2,36,4.0,2.0,1.0,13.0,2.0,0.0,6.0,5,5/6,21.35,primary
1ec25f8ea9579cc00b41f0b5f6f21540,2,327,7.07246460449369,101.84349030470914,50.0,ChargeUp - Fylkeshuset i Bodø,Norway,361,POINT (14.37639 67.28044),1000.0,1000.0,23.82,1000.0,13.41,56.95,1000.0,1000.0,1000.0,0.0,0.0,132.0,0.0,74.0,26.0,0.0,0.0,0.0,Kople As,9.0,44.0,5.0,35.0,19.0,3.0,5.0,10.0,8.0,4.0,5.0,33.0,62.0,1.0,4.0,69.2,163.88,325.23,126.68,332.79,361.09,322.64,103.98,341.86,437.22,366.7,0.0,30.65,466.51,304.72,"(4.614, 9.228]",0.49,752.5,14.37639,67.28044,6.0,37,4.0,11.0,35.0,105.0,9.0,40.0,48.0,6,6/6,1000.0,motorway
2a3ba8312f98687a1e3d6f4ea347e52c,4,344,6.748002283105024,97.17123287671232,150.0,Ishavskraft - Evjenvegen,Norway,365,POINT (19.01406 69.65737),1000.0,1000.0,65.33,1000.0,15.8,20.68,84.4,228.62,1000.0,0.0,0.0,35.0,0.0,123.0,15.0,13.0,4.0,0.0,Kople As,0.0,0.0,0.0,2.0,0.0,0.0,0.0,0.0,0.0,1.0,0.0,3.0,3.0,0.0,0.0,1000.0,1000.0,1000.0,157.21,1000.0,1000.0,1000.0,1000.0,1000.0,242.58,1000.0,314.14,79.63,1000.0,1000.0,"(4.614, 9.228]",0.49,157.5,19.01406,69.65737,3.6,38,4.0,0.0,1.0,6.0,0.0,2.0,0.0,3,3/6,84.4,trunk
c0d2b4650bf6ac24dd167a3717454ea0,2,308,6.700627853881279,96.4890410958904,50.0,St1 Fauske,Norway,365,POINT (15.3912 67.25931),1000.0,1000.0,68.66,1000.0,7.29,323.58,15.62,113.61,1000.0,0.0,0.0,99.0,0.0,86.0,6.0,51.0,8.0,0.0,Recharge,3.0,9.0,0.0,11.0,4.0,3.0,3.0,5.0,6.0,3.0,3.0,9.0,35.0,2.0,0.0,296.26,70.95,1000.0,77.74,173.63,158.92,132.68,138.87,88.73,77.95,198.99,53.75,27.01,209.11,1000.0,"(4.614, 9.228]",0.49,632.5,15.3912,67.25931,7.0,39,4.0,7.0,18.0,47.0,3.0,14.0,9.0,6,6/6,15.62,trunk
0836733fea85d46fa055c7de3ba40b84,4,339,6.401303272450533,92.17876712328768,50.0,Extra Setermoen,Norway,365,POINT (18.34632 68.86173),1000.0,1000.0,14.4,126.38,3.35,301.17,72.0,1000.0,1000.0,0.0,0.0,52.0,6.0,67.0,5.0,19.0,0.0,0.0,Mer,2.0,5.0,0.0,7.0,0.0,1.0,0.0,2.0,4.0,0.0,1.0,3.0,14.0,0.0,2.0,245.4,117.31,1000.0,71.62,1000.0,34.46,1000.0,51.1,31.22,1000.0,29.27,226.27,45.71,1000.0,364.7,"(4.614, 9.228]",0.49,517.5,18.34632,68.86173,6.4,40,4.0,2.0,5.0,18.0,2.0,7.0,7.0,6,6/6,72.0,trunk
c311a27df7cf9bfa183c541427be43a1,2,144,6.383219954648526,91.91836734693878,180.0,LAD OPP - Halsa - AC,Norway,147,POINT (13.55166 66.74281),1000.0,33.45,43.98,1000.0,32.49,1000.0,1000.0,94.9,1000.0,0.0,6.0,14.0,0.0,35.0,0.0,0.0,4.0,0.0,Kople As,0.0,2.0,0.0,2.0,0.0,0.0,0.0,1.0,0.0,0.0,0.0,0.0,5.0,0.0,1.0,1000.0,48.03,1000.0,56.94,1000.0,1000.0,1000.0,56.28,1000.0,1000.0,1000.0,1000.0,36.47,1000.0,303.83,"(4.614, 9.228]",0.49,247.5,13.55166,66.74281,3.6,41,4.0,1.0,0.0,5.0,0.0,2.0,3.0,4,4/6,33.45,primary
fb1ec9df54528942fc7464b04476fe81,1,207,6.13343253968254,88.32142857142857,50.0,Rørvik havn - Nærøysund kommune,Norway,364,POINT (11.23533 64.86041),1000.0,28.09,88.16,342.4,7.21,437.03,1000.0,145.75,1000.0,0.0,7.0,51.0,5.0,38.0,1.0,0.0,1.0,0.0,Kople As,1.0,13.0,1.0,8.0,3.0,2.0,1.0,5.0,5.0,4.0,1.0,4.0,27.0,5.0,4.0,258.14,58.36,175.57,26.02,49.15,55.46,338.78,90.56,167.32,176.4,187.12,218.22,99.16,165.24,231.76,"(4.614, 9.228]",1.96,752.5,11.23533,64.86041,6.2,42,4.0,10.0,19.0,33.0,1.0,9.0,17.0,6,6/6,28.09,primary
254a0b4aa0060cc8f5580d9a7efce3f2,3,328,6.08935819381025,87.68675799086759,50.0,Amfi Narvik Malmporten,Norway,365,POINT (17.42155 68.43795),1000.0,1000.0,159.22,1000.0,4.54,95.86,204.19,112.03,1000.0,0.0,0.0,85.0,0.0,102.0,49.0,25.0,10.0,0.0,Mer,4.0,28.0,3.0,22.0,11.0,4.0,4.0,9.0,13.0,12.0,4.0,29.0,55.0,1.0,2.0,214.2,60.84,97.28,98.88,57.68,103.93,55.7,93.84,55.43,34.68,56.45,150.83,94.5,63.5,365.49,"(4.614, 9.228]",0.49,752.5,17.42155,68.43795,7.4,43,4.0,10.0,41.0,91.0,4.0,26.0,30.0,6,6/6,204.19,trunk
35c10ac30ad1ca52d7849032f6d539d2,2,286,5.957096651445966,85.78219178082192,50.0,Recharge Mosjøen,Norway,365,POINT (13.19077 65.83515),1000.0,416.75,34.32,1000.0,8.29,28.06,1000.0,481.6,1000.0,0.0,18.0,81.0,0.0,137.0,34.0,0.0,2.0,0.0,Recharge,3.0,13.0,2.0,13.0,10.0,2.0,1.0,3.0,13.0,1.0,3.0,7.0,41.0,1.0,0.0,60.7,139.1,288.41,51.94,179.92,291.45,410.28,370.5,268.35,254.34,179.88,124.09,140.43,292.24,1000.0,"(4.614, 9.228]",0.49,692.5,13.19077,65.83515,6.4,44,4.0,4.0,27.0,53.0,3.0,14.0,13.0,6,6/6,416.75,primary
e2ac043b1bfcb0620188ce7055f0184b,4,324,5.9013984018264845,84.98013698630137,50.0,Circle K Namsskogan,Norway,365,POINT (13.16657 64.93368),1000.0,1000.0,310.57,1000.0,21.51,1000.0,32.09,288.41,1000.0,0.0,0.0,2.0,0.0,14.0,0.0,5.0,2.0,0.0,Mer,0.0,0.0,0.0,0.0,0.0,0.0,0.0,0.0,0.0,0.0,0.0,0.0,3.0,0.0,0.0,1000.0,1000.0,1000.0,1000.0,1000.0,1000.0,1000.0,1000.0,1000.0,1000.0,1000.0,1000.0,47.17,1000.0,1000.0,"(4.614, 9.228]",1.96,30.0,13.16657,64.93368,2.8,45,4.0,0.0,0.0,3.0,0.0,0.0,0.0,1,1/6,32.09,trunk
c79304635c809773be36b1a11ce19ab9,6,327,5.882851957070707,84.71306818181819,300.0,Uno-X Sandgata Namsos,Norway,352,POINT (11.51166 64.46588),1000.0,22.19,139.22,1000.0,12.36,1000.0,1000.0,66.87,1000.0,0.0,30.0,37.0,0.0,49.0,0.0,0.0,28.0,0.0,Uno-X,1.0,5.0,0.0,1.0,0.0,1.0,3.0,3.0,6.0,6.0,1.0,6.0,19.0,2.0,0.0,489.77,118.86,1000.0,491.88,1000.0,495.09,123.85,57.58,161.55,201.32,433.27,211.51,123.69,109.24,1000.0,"(4.614, 9.228]",1.96,592.5,11.51166,64.46588,5.0,46,4.0,5.0,15.0,26.0,1.0,4.0,5.0,6,6/6,22.19,primary
c3c7884e79d441175ca80895408d802e,1,220,5.856164383561644,84.32876712328768,300.0,LAD OPP - Esso Mosjøen Halsøy,Norway,365,POINT (13.1958 65.86326),1000.0,54.65,25.11,1000.0,5.73,1000.0,56.81,1000.0,1000.0,0.0,13.0,68.0,0.0,215.0,0.0,19.0,0.0,0.0,Kople As,0.0,2.0,0.0,2.0,1.0,0.0,0.0,5.0,0.0,1.0,1.0,1.0,11.0,0.0,0.0,1000.0,69.9,1000.0,89.5,171.49,1000.0,1000.0,52.41,1000.0,107.06,91.3,69.9,13.87,1000.0,1000.0,"(4.614, 9.228]",0.49,347.5,13.1958,65.86326,6.4,47,4.0,5.0,2.0,13.0,0.0,2.0,2.0,5,5/6,54.65,primary
4244ef78d62d6368ce54de6e274be224,4,334,5.830907534246576,83.96506849315068,50.0,Fauske Handelspark,Norway,365,POINT (15.39716 67.26885),1000.0,1000.0,198.99,1000.0,0.63,45.52,299.86,63.06,1000.0,0.0,0.0,26.0,0.0,33.0,10.0,9.0,9.0,0.0,Mer,0.0,4.0,2.0,0.0,0.0,0.0,0.0,2.0,2.0,5.0,2.0,3.0,19.0,0.0,0.0,1000.0,10.29,90.74,1000.0,1000.0,1000.0,1000.0,59.35,68.61,4.5,33.72,344.96,60.3,1000.0,1000.0,"(4.614, 9.228]",0.49,330.0,15.39716,67.26885,5.4,48,4.0,2.0,7.0,26.0,0.0,0.0,4.0,4,4/6,299.86,trunk
376f11c79a0280da153fb9ea04946928,4,336,5.583428462709284,80.4013698630137,50.0,Coop Prix Trofors,Norway,365,POINT (13.38759 65.53696),1000.0,1000.0,31.15,31.96,1.07,1000.0,1000.0,65.37,1000.0,0.0,0.0,26.0,9.0,41.0,0.0,0.0,6.0,0.0,Mer,0.0,0.0,0.0,0.0,0.0,0.0,0.0,1.0,1.0,0.0,0.0,4.0,2.0,0.0,0.0,1000.0,1000.0,1000.0,1000.0,1000.0,1000.0,1000.0,37.33,179.73,1000.0,1000.0,87.43,78.38,1000.0,1000.0,"(4.614, 9.228]",3.07,90.0,13.38759,65.53696,4.6,49,4.0,1.0,1.0,6.0,0.0,0.0,0.0,3,3/6,1000.0,motorway
6e7e28e598aedc6bf649dee9e980841f,3,145,5.579805996472662,80.34920634920637,180.0,PWR UP - Coop Saltstraumen,Norway,147,POINT (14.60221 67.22865),1000.0,77.47,1000.0,42.13,1.63,1000.0,1000.0,225.24,1000.0,0.0,3.0,0.0,3.0,19.0,0.0,0.0,1.0,0.0,Kople As,1.0,1.0,0.0,0.0,0.0,0.0,0.0,1.0,0.0,0.0,0.0,0.0,2.0,0.0,0.0,463.65,463.67,1000.0,1000.0,1000.0,1000.0,1000.0,37.85,1000.0,1000.0,1000.0,1000.0,29.46,1000.0,1000.0,"(4.614, 9.228]",0.49,240.0,14.60221,67.22865,3.0,50,4.0,1.0,0.0,2.0,1.0,0.0,1.0,4,4/6,77.47,primary
1434428627402f5b7fde67ecfa1ea0b8,2,331,5.48087899543379,78.92465753424658,100.0,Kople Tjeldsundbrua Hotel,Norway,365,POINT (16.59048 68.62511),1000.0,78.06,431.21,1000.0,2.71,1000.0,15.99,1000.0,1000.0,0.0,6.0,1.0,0.0,20.0,0.0,7.0,0.0,0.0,Kople As,1.0,0.0,0.0,0.0,0.0,0.0,0.0,0.0,0.0,0.0,0.0,0.0,1.0,0.0,0.0,23.61,1000.0,1000.0,1000.0,1000.0,1000.0,1000.0,1000.0,1000.0,1000.0,1000.0,1000.0,41.1,1000.0,1000.0,"(4.614, 9.228]",0.49,150.0,16.59048,68.62511,3.4,51,4.0,0.0,0.0,1.0,1.0,0.0,0.0,2,2/6,15.99,trunk
d645950917387ec67135e74ce4b34fc0,2,136,5.444254185692542,78.3972602739726,100.0,EVBox Heggvollveien 1,Norway,146,POINT (13.59137 64.46368),1000.0,5.73,10.68,263.86,276.41,1000.0,1000.0,1000.0,1000.0,0.0,7.0,51.0,2.0,16.0,0.0,0.0,0.0,0.0,Evbox,0.0,2.0,0.0,1.0,0.0,0.0,0.0,2.0,1.0,0.0,0.0,2.0,2.0,0.0,1.0,1000.0,105.11,1000.0,27.82,1000.0,1000.0,1000.0,78.45,359.1,1000.0,1000.0,45.47,11.32,1000.0,433.26,"(4.614, 9.228]",1.96,307.5,13.59137,64.46368,3.8,52,4.0,2.0,1.0,4.0,0.0,1.0,3.0,5,5/6,5.73,primary
6fb8cddf267eb9f34272cb0463acec81,2,307,5.39193302891933,77.64383561643835,50.0,St1 Bjerkvik,Norway,365,POINT (17.55747 68.55121),1000.0,1000.0,23.14,192.14,13.98,1000.0,27.87,239.24,1000.0,0.0,0.0,37.0,5.0,29.0,0.0,18.0,3.0,0.0,Recharge,2.0,3.0,0.0,5.0,2.0,0.0,1.0,2.0,0.0,1.0,0.0,7.0,8.0,0.0,1.0,176.81,155.28,1000.0,133.2,156.94,1000.0,459.82,54.54,1000.0,60.02,1000.0,155.65,14.96,1000.0,334.78,"(4.614, 9.228]",0.49,482.5,17.55747,68.55121,5.6,53,4.0,2.0,3.0,15.0,2.0,6.0,4.0,6,6/6,27.87,trunk
7a07202bbb65222fea62107aa058798f,2,338,5.307458143074581,76.42739726027398,150.0,LAD OPP - Leland,Norway,365,POINT (12.93375 66.06539),1000.0,26.28,260.92,304.88,52.38,1000.0,1000.0,47.27,1000.0,0.0,4.0,21.0,3.0,34.0,0.0,0.0,5.0,0.0,Kople As,0.0,2.0,0.0,1.0,0.0,0.0,0.0,3.0,0.0,1.0,0.0,1.0,1.0,2.0,1.0,1000.0,213.47,1000.0,86.75,1000.0,1000.0,1000.0,57.34,1000.0,236.19,1000.0,170.85,213.47,81.89,403.95,"(4.614, 9.228]",0.49,397.5,12.93375,66.06539,4.4,54,4.0,5.0,3.0,2.0,0.0,1.0,3.0,5,5/6,26.28,primary
619bcd43c2357423a3e7c6f3150d0e0a,2,274,5.276350837138508,75.97945205479452,50.0,Recharge Hattfjelldal,Norway,365,POINT (13.98966 65.59562),1000.0,459.38,6.47,1000.0,13.41,1000.0,67.74,95.94,1000.0,0.0,3.0,28.0,0.0,44.0,0.0,17.0,7.0,0.0,Recharge,1.0,4.0,0.0,0.0,0.0,0.0,0.0,0.0,0.0,0.0,0.0,2.0,1.0,0.0,1.0,316.02,21.04,1000.0,1000.0,1000.0,1000.0,1000.0,1000.0,1000.0,1000.0,1000.0,127.08,214.84,1000.0,204.75,"(4.614, 9.228]",3.07,330.0,13.98966,65.59562,4.0,55,4.0,0.0,0.0,3.0,1.0,0.0,5.0,3,3/6,67.74,trunk
1720a6b4711b70b2e4dc436aa0830393,4,337,5.269501522070016,75.88082191780822,150.0,Amfi Fauske,Norway,365,POINT (15.39623 67.25832),1000.0,1000.0,45.78,1000.0,30.18,484.89,87.93,33.07,1000.0,0.0,0.0,68.0,0.0,73.0,3.0,49.0,7.0,0.0,Mer,3.0,5.0,0.0,11.0,4.0,2.0,3.0,4.0,6.0,3.0,3.0,8.0,32.0,2.0,0.0,121.83,63.32,1000.0,22.85,11.58,19.17,20.02,17.91,16.51,20.56,26.39,157.01,12.15,9.2,1000.0,"(4.614, 9.228]",0.49,632.5,15.39623,67.25832,7.2,56,4.0,6.0,17.0,43.0,3.0,14.0,5.0,6,6/6,87.93,trunk
a9eaac9d6bd9131f3b2a63ba5243e81d,6,145,5.141565885613505,74.03854875283447,180.0,LAD OPP - Mosjøen Camping - AC,Norway,147,POINT (13.22013 65.83445),1000.0,360.85,13.11,401.69,6.91,1000.0,29.41,159.62,1000.0,0.0,4.0,61.0,17.0,172.0,0.0,27.0,11.0,0.0,Kople As,3.0,3.0,0.0,3.0,0.0,1.0,1.0,2.0,1.0,2.0,0.0,4.0,7.0,0.0,0.0,32.98,43.33,1000.0,37.82,1000.0,364.62,375.19,355.18,298.59,377.69,1000.0,221.99,8.92,1000.0,1000.0,"(4.614, 9.228]",0.49,442.5,13.22013,65.83445,5.2,57,4.0,2.0,4.0,11.0,3.0,4.0,3.0,6,6/6,29.41,trunk
d49b70854d994779200d5ab9a0c0b68f,1,220,5.063322620140802,72.91184573002755,50.0,Storgata Rørvik - Nærøysund kommune,Norway,363,POINT (11.23738 64.86295),1000.0,200.46,8.18,376.49,113.23,179.84,1000.0,303.69,1000.0,0.0,7.0,76.0,6.0,49.0,4.0,0.0,1.0,0.0,Kople As,1.0,14.0,1.0,8.0,3.0,3.0,1.0,5.0,5.0,4.0,1.0,4.0,28.0,5.0,4.0,41.22,171.31,389.32,92.03,194.32,203.81,428.03,208.84,128.26,85.34,397.33,85.97,84.66,181.33,36.92,"(4.614, 9.228]",1.96,752.5,11.23738,64.86295,6.4,58,4.0,10.0,20.0,34.0,1.0,9.0,18.0,6,6/6,200.46,primary
c73ce6f9c4708686ee6224cfe829de7a,4,340,4.8474600456621,69.80342465753425,150.0,Extra Tverlandet,Norway,365,POINT (14.73643 67.30349),1000.0,1000.0,133.18,1000.0,11.58,40.62,45.81,100.71,1000.0,0.0,0.0,11.0,0.0,46.0,16.0,18.0,9.0,0.0,Mer,0.0,2.0,0.0,1.0,0.0,0.0,0.0,1.0,0.0,0.0,0.0,0.0,3.0,0.0,0.0,1000.0,32.39,1000.0,43.54,1000.0,1000.0,1000.0,355.75,1000.0,1000.0,1000.0,1000.0,382.99,1000.0,1000.0,"(4.614, 9.228]",0.49,187.5,14.73643,67.30349,4.0,59,4.0,1.0,0.0,3.0,0.0,1.0,2.0,4,4/6,45.81,trunk
56375d503081c2293356a24adbbc56d7,4,335,4.835235920852359,69.62739726027397,50.0,Obs Jekta Storsenter,Norway,365,POINT (18.92331 69.67368),1000.0,287.78,339.94,1000.0,4.23,184.08,180.92,15.89,1000.0,0.0,20.0,18.0,0.0,107.0,12.0,24.0,40.0,0.0,Mer,2.0,6.0,6.0,8.0,28.0,10.0,6.0,11.0,19.0,16.0,5.0,1.0,36.0,5.0,0.0,348.81,112.88,64.71,89.43,60.15,52.0,104.25,85.34,58.33,55.1,53.91,282.17,94.8,59.49,1000.0,"(4.614, 9.228]",0.49,692.5,18.92331,69.67368,6.8,60,4.0,16.0,78.0,48.0,2.0,14.0,6.0,6,6/6,180.92,trunk
ec4b5d401dce2c415758e2725e8e1d71,5,130,4.7710602759622365,68.70326797385621,400.0,St1 Lading Stormyra,Norway,153,POINT (14.42093 67.28084),251.95,92.09,237.08,1000.0,33.78,23.63,47.16,115.73,1000.0,23.0,15.0,45.0,0.0,114.0,28.0,24.0,20.0,0.0,St1 Charge,0.0,16.0,7.0,5.0,15.0,6.0,4.0,9.0,14.0,13.0,3.0,5.0,31.0,6.0,0.0,1000.0,224.65,257.79,300.83,318.08,318.72,319.08,157.11,230.89,201.7,347.31,204.98,64.26,237.65,1000.0,"(4.614, 9.228]",0.49,572.5,14.42093,67.28084,5.6,61,4.0,15.0,54.0,46.0,0.0,9.0,16.0,5,5/6,47.16,trunk
bbad494a592e105f2875e037b6de7352,2,310,4.765030441400306,68.61643835616438,50.0,Circle K Hommelstø,Norway,365,POINT (12.54726 65.40361),1000.0,36.31,48.42,464.96,3.15,1000.0,1000.0,471.52,1000.0,0.0,7.0,13.0,2.0,28.0,0.0,0.0,1.0,0.0,Mer,1.0,0.0,0.0,1.0,0.0,0.0,0.0,1.0,0.0,0.0,0.0,0.0,2.0,0.0,0.0,332.45,1000.0,1000.0,48.43,1000.0,1000.0,1000.0,70.81,1000.0,1000.0,1000.0,1000.0,5.08,1000.0,1000.0,"(4.614, 9.228]",1.96,217.5,12.54726,65.40361,3.6,62,4.0,1.0,0.0,2.0,1.0,1.0,0.0,4,4/6,36.31,primary
8f892622702a4778c9029ff7c748d156,2,305,4.74124809741248,68.27397260273973,150.0,Recharge Shell Balsfjord,Norway,365,POINT (19.55375 69.21543),1000.0,1000.0,54.94,1000.0,13.71,52.26,58.02,55.59,1000.0,0.0,0.0,9.0,0.0,27.0,13.0,22.0,3.0,0.0,Recharge,0.0,3.0,0.0,1.0,0.0,0.0,0.0,5.0,1.0,0.0,1.0,0.0,8.0,0.0,1.0,1000.0,394.05,1000.0,315.44,1000.0,1000.0,1000.0,95.57,309.79,1000.0,303.96,1000.0,3.13,1000.0,283.22,"(4.614, 9.228]",0.49,337.5,19.55375,69.21543,4.8,63,4.0,5.0,1.0,9.0,0.0,1.0,4.0,5,5/6,58.02,trunk
13cd2079e0ff654586f470800499f875,4,341,4.722079528158295,67.99794520547945,300.0,Uno-X Nyrud,Norway,365,POINT (13.21225 65.83403),1000.0,69.54,41.92,1000.0,12.03,410.24,72.69,459.05,1000.0,0.0,6.0,75.0,0.0,244.0,2.0,20.0,3.0,0.0,Uno-X,3.0,6.0,0.0,3.0,0.0,1.0,1.0,5.0,1.0,3.0,0.0,9.0,9.0,0.0,1.0,205.03,349.63,1000.0,177.33,1000.0,149.52,16.4,6.18,342.88,237.4,1000.0,81.79,83.3,1000.0,217.41,"(4.614, 9.228]",0.49,502.5,13.21225,65.83403,5.6,64,4.0,5.0,5.0,18.0,3.0,4.0,7.0,6,6/6,69.54,primary
d57fa2d43730091b7cbbc24aa38a77de,8,345,4.711924467275494,67.85171232876712,200.0,Ishavskraft - Tromsø Taxi,Norway,365,POINT (19.01587 69.69295),1000.0,1000.0,373.46,1000.0,39.43,149.04,1000.0,149.07,1000.0,0.0,0.0,13.0,0.0,50.0,4.0,0.0,13.0,0.0,Kople As,0.0,3.0,0.0,0.0,0.0,0.0,0.0,0.0,0.0,0.0,0.0,2.0,31.0,0.0,0.0,1000.0,289.9,1000.0,1000.0,1000.0,1000.0,1000.0,1000.0,1000.0,1000.0,1000.0,392.78,39.94,1000.0,1000.0,"(4.614, 9.228]",0.49,150.0,19.01587,69.69295,3.4,65,4.0,0.0,0.0,33.0,0.0,0.0,3.0,2,2/6,1000.0,motorway
c2b5d88d5a90cb0eec02a491320e59a9,2,325,4.686259920634921,67.48214285714286,180.0,ChargeUp - Dragefossen Rognan,Norway,364,POINT (15.3915 67.10341),1000.0,1000.0,25.35,143.89,29.53,1000.0,1000.0,1000.0,1000.0,0.0,0.0,55.0,14.0,32.0,0.0,0.0,0.0,0.0,Kople As,1.0,5.0,0.0,7.0,2.0,2.0,1.0,5.0,2.0,1.0,0.0,3.0,9.0,1.0,0.0,12.74,33.07,1000.0,81.31,103.61,155.27,200.16,102.89,102.11,94.07,1000.0,80.61,63.3,101.72,1000.0,"(4.614, 9.228]",0.49,572.5,15.3915,67.10341,5.6,66,4.0,6.0,8.0,12.0,1.0,8.0,5.0,6,6/6,1000.0,motorway
cdbcaab6df0ccbc1652a1a9b5bbcf78d,1,215,4.62728310502283,66.63287671232877,225.0,Recharge Grong,Norway,365,POINT (12.31639 64.46479),1000.0,1000.0,21.84,30.8,12.14,1000.0,417.89,11.24,1000.0,0.0,0.0,44.0,19.0,57.0,0.0,9.0,11.0,0.0,Recharge,1.0,4.0,0.0,4.0,2.0,0.0,0.0,1.0,3.0,0.0,1.0,5.0,11.0,2.0,0.0,76.91,129.77,1000.0,144.76,49.84,1000.0,1000.0,140.76,124.43,1000.0,124.86,256.42,24.8,122.9,1000.0,"(4.614, 9.228]",1.96,557.5,12.31639,64.46479,5.6,67,4.0,3.0,7.0,17.0,1.0,4.0,4.0,6,6/6,417.89,trunk
25d57283fcde4814d8bf617185e15cae,2,227,4.5898950131233605,66.09448818897638,180.0,ChargeUp - Snåsakroa,Norway,254,POINT (12.2157 64.25354),1000.0,1000.0,1000.0,1000.0,8.94,1000.0,56.93,1000.0,1000.0,0.0,0.0,0.0,0.0,6.0,0.0,1.0,0.0,0.0,Kople As,0.0,0.0,0.0,0.0,0.0,0.0,0.0,0.0,0.0,0.0,0.0,0.0,2.0,0.0,0.0,1000.0,1000.0,1000.0,1000.0,1000.0,1000.0,1000.0,1000.0,1000.0,1000.0,1000.0,1000.0,0.47,1000.0,1000.0,"(0.0, 4.614]",1.96,30.0,12.2157,64.25354,2.6,68,5.0,0.0,0.0,2.0,0.0,0.0,0.0,1,1/6,56.93,trunk
7a227ddffc2473e1010dfad94bd91675,4,298,4.585283485540334,66.02808219178083,50.0,Recharge Saltdal Turistsenter,Norway,365,POINT (15.40207 66.81399),1000.0,1000.0,1000.0,1000.0,12.12,1000.0,93.03,66.26,1000.0,0.0,0.0,0.0,0.0,28.0,0.0,9.0,5.0,0.0,Recharge,2.0,3.0,0.0,0.0,0.0,0.0,0.0,0.0,0.0,0.0,0.0,0.0,3.0,0.0,0.0,49.62,68.37,1000.0,1000.0,1000.0,1000.0,1000.0,1000.0,1000.0,1000.0,1000.0,1000.0,66.57,1000.0,1000.0,"(0.0, 4.614]",0.49,240.0,15.40207,66.81399,3.4,69,5.0,0.0,0.0,3.0,2.0,0.0,3.0,3,3/6,93.03,trunk
91c07d2b7a1cac0defe9a63e51270907,4,332,4.283913622526636,61.68835616438356,50.0,Coop Extra Ballangen,Norway,365,POINT (16.83286 68.34252),1000.0,165.59,48.07,458.93,10.5,55.71,1000.0,1000.0,1000.0,0.0,5.0,42.0,2.0,46.0,15.0,0.0,0.0,0.0,Mer,2.0,2.0,0.0,1.0,0.0,0.0,1.0,2.0,2.0,0.0,0.0,5.0,5.0,0.0,0.0,64.68,215.36,1000.0,129.41,1000.0,1000.0,197.49,35.58,67.94,1000.0,1000.0,64.7,67.66,1000.0,1000.0,"(0.0, 4.614]",0.49,382.5,16.83286,68.34252,4.4,70,5.0,2.0,2.0,10.0,2.0,2.0,2.0,6,6/6,165.59,primary
cae6dc1c62a7c6e04fbce1ec00b13eec,2,288,4.238394216133941,61.032876712328765,75.0,LAD OPP - Nygårdsjøen - AC,Norway,365,POINT (14.32353 67.12154),1000.0,16.77,484.51,23.73,9.83,105.92,1000.0,1000.0,1000.0,0.0,2.0,1.0,3.0,27.0,3.0,0.0,0.0,0.0,Kople As,1.0,0.0,0.0,0.0,0.0,0.0,0.0,0.0,0.0,0.0,0.0,0.0,3.0,0.0,0.0,355.64,1000.0,1000.0,1000.0,1000.0,1000.0,1000.0,1000.0,1000.0,1000.0,1000.0,1000.0,0.17,1000.0,1000.0,"(0.0, 4.614]",0.49,150.0,14.32353,67.12154,3.4,71,5.0,0.0,0.0,3.0,1.0,0.0,0.0,2,2/6,16.77,primary
8369308520a3686dfcf00da2bbc432f0,4,343,4.027587519025875,57.9972602739726,300.0,Kople Spar Heggmo Bardufoss,Norway,365,POINT (18.50888 69.04361),1000.0,1000.0,3.25,1000.0,3.39,1000.0,62.17,1000.0,1000.0,0.0,0.0,34.0,0.0,93.0,0.0,15.0,0.0,0.0,Kople As,0.0,4.0,0.0,2.0,0.0,0.0,0.0,1.0,0.0,0.0,0.0,2.0,4.0,0.0,1.0,1000.0,267.05,1000.0,268.4,1000.0,1000.0,1000.0,44.59,1000.0,1000.0,1000.0,334.74,70.76,1000.0,185.23,"(0.0, 4.614]",0.49,277.5,18.50888,69.04361,4.2,72,5.0,1.0,0.0,6.0,0.0,2.0,5.0,4,4/6,62.17,trunk
3324b0cd0ee1403f8de33e3d932bce46,4,295,3.931031202435312,56.606849315068494,50.0,Recharge Sandnessjøen,Norway,365,POINT (12.63677 66.02312),1000.0,134.51,17.62,1000.0,3.93,63.05,1000.0,290.34,1000.0,0.0,16.0,28.0,0.0,25.0,6.0,0.0,3.0,0.0,Recharge,2.0,9.0,0.0,11.0,4.0,2.0,1.0,5.0,6.0,4.0,3.0,13.0,20.0,2.0,1.0,46.86,85.15,1000.0,41.46,98.04,188.76,387.75,59.33,106.67,106.62,43.52,66.43,24.69,126.83,276.34,"(0.0, 4.614]",1.96,692.5,12.63677,66.02312,7.4,73,5.0,7.0,18.0,36.0,2.0,12.0,10.0,6,6/6,134.51,primary
0714ad45029cd561d42d821d0b6021bf,2,323,3.880612633181127,55.88082191780822,200.0,PWR UP - Coop Berg,Norway,365,POINT (12.19671 65.36867),1000.0,22.09,33.18,141.27,1.89,1000.0,1000.0,1000.0,1000.0,0.0,6.0,28.0,3.0,91.0,0.0,0.0,0.0,0.0,Kople As,0.0,0.0,0.0,1.0,0.0,0.0,0.0,2.0,0.0,0.0,0.0,1.0,5.0,0.0,0.0,1000.0,1000.0,1000.0,92.51,1000.0,1000.0,1000.0,24.53,1000.0,1000.0,1000.0,86.13,77.04,1000.0,1000.0,"(0.0, 4.614]",1.96,127.5,12.19671,65.36867,4.6,74,5.0,2.0,0.0,6.0,0.0,1.0,0.0,3,3/6,22.09,primary
ccee725d0028641a185994b7ee2064c0,4,307,3.858970700152207,55.56917808219178,50.0,Recharge Innhavet,Norway,365,POINT (15.92953 67.96251),1000.0,1000.0,70.52,114.16,4.87,1000.0,53.07,142.79,1000.0,0.0,0.0,9.0,4.0,48.0,0.0,15.0,1.0,0.0,Recharge,2.0,1.0,0.0,1.0,0.0,0.0,0.0,1.0,0.0,0.0,0.0,0.0,2.0,0.0,0.0,27.97,277.15,1000.0,31.4,1000.0,1000.0,1000.0,77.41,1000.0,1000.0,1000.0,1000.0,80.1,1000.0,1000.0,"(0.0, 4.614]",0.49,307.5,15.92953,67.96251,4.0,75,5.0,1.0,0.0,2.0,2.0,1.0,1.0,5,5/6,53.07,trunk
c3e45527b6ebe319ed107752db6b3524,6,342,3.852232369355657,55.47214611872147,300.0,Kople Coop Extra Olsborg,Norway,365,POINT (18.59822 69.1427),1000.0,31.12,135.4,1000.0,96.67,1000.0,58.34,1000.0,1000.0,0.0,12.0,19.0,0.0,28.0,0.0,5.0,0.0,0.0,Kople As,1.0,2.0,0.0,0.0,0.0,0.0,0.0,1.0,3.0,0.0,0.0,1.0,1.0,0.0,0.0,264.43,183.28,1000.0,1000.0,1000.0,1000.0,1000.0,21.48,228.15,1000.0,1000.0,499.28,193.58,1000.0,1000.0,"(0.0, 4.614]",0.49,300.0,18.59822,69.1427,3.6,76,5.0,1.0,3.0,2.0,1.0,0.0,2.0,5,5/6,31.12,primary
ba697922682c64ab9021e41154332e2e,2,284,3.8453665442301808,55.3732782369146,180.0,Alti Nerstranda,Norway,363,POINT (18.95394 69.64651),173.0,315.11,106.12,1000.0,4.11,59.04,1000.0,6.37,1000.0,1.0,9.0,52.0,0.0,265.0,18.0,0.0,48.0,0.0,Eviny,23.0,62.0,9.0,74.0,24.0,2.0,13.0,14.0,22.0,8.0,9.0,57.0,116.0,2.0,8.0,121.76,29.1,2.94,27.11,6.53,22.44,44.68,55.32,22.71,23.79,24.64,31.29,20.98,30.76,144.57,"(0.0, 4.614]",0.49,752.5,18.95394,69.64651,8.0,77,5.0,16.0,58.0,191.0,23.0,87.0,70.0,6,6/6,315.11,primary
289e4d885c0673e23a1f615968d3fada,9,341,3.809318450870962,54.85418569254187,200.0,Grong Kjøpesenter,Norway,365,POINT (12.31588 64.46449),1000.0,1000.0,6.47,7.19,23.11,1000.0,423.71,9.18,1000.0,0.0,0.0,44.0,19.0,57.0,0.0,8.0,11.0,0.0,Eviny,1.0,4.0,0.0,4.0,2.0,0.0,0.0,2.0,3.0,0.0,1.0,5.0,11.0,2.0,0.0,73.31,94.44,1000.0,108.59,9.51,1000.0,1000.0,105.75,91.85,1000.0,84.54,222.85,41.61,87.76,1000.0,"(0.0, 4.614]",1.96,557.5,12.31588,64.46449,6.0,78,5.0,4.0,7.0,17.0,1.0,4.0,4.0,6,6/6,423.71,trunk
bb195ae56a5c226b80a5199a822785b1,2,331,3.802416286149162,54.75479452054795,150.0,Kople YX Høylandet,Norway,365,POINT (12.29867 64.62597),1000.0,35.09,86.33,1000.0,15.55,1000.0,1000.0,303.01,1000.0,0.0,12.0,27.0,0.0,27.0,0.0,0.0,4.0,0.0,Kople As,1.0,2.0,0.0,0.0,0.0,0.0,0.0,2.0,0.0,0.0,0.0,2.0,4.0,0.0,0.0,374.17,452.85,1000.0,1000.0,1000.0,1000.0,1000.0,108.06,1000.0,1000.0,1000.0,197.43,33.53,1000.0,1000.0,"(0.0, 4.614]",1.96,270.0,12.29867,64.62597,3.0,79,5.0,2.0,0.0,6.0,1.0,0.0,2.0,4,4/6,35.09,primary
307a24b0611fae9331c688aefc6b341a,2,328,3.785388127853881,54.50958904109589,150.0,Kople Coop Extra Sjøvegan,Norway,365,POINT (17.83002 68.87709),1000.0,13.34,128.55,1000.0,0.21,136.6,1000.0,369.98,1000.0,0.0,5.0,9.0,0.0,58.0,3.0,0.0,2.0,0.0,Kople As,1.0,11.0,0.0,3.0,1.0,1.0,1.0,2.0,2.0,3.0,1.0,1.0,6.0,0.0,0.0,366.29,17.28,1000.0,61.13,279.68,275.02,272.21,5.04,173.37,163.7,359.24,130.4,230.81,1000.0,1000.0,"(0.0, 4.614]",0.49,542.5,17.83002,68.87709,6.0,80,5.0,2.0,7.0,8.0,1.0,4.0,11.0,6,6/6,13.34,primary
d43dc3508961671399603327ba01de61,4,296,3.776588660578386,54.382876712328766,50.0,Storjord Servicehandel,Norway,365,POINT (16.02965 68.19396),1000.0,1000.0,185.78,1000.0,9.61,1000.0,13.19,360.57,1000.0,0.0,0.0,2.0,0.0,14.0,0.0,1.0,1.0,0.0,Mer,1.0,1.0,0.0,0.0,0.0,0.0,0.0,1.0,0.0,0.0,0.0,0.0,1.0,0.0,0.0,192.09,168.75,1000.0,1000.0,1000.0,1000.0,1000.0,52.24,1000.0,1000.0,1000.0,1000.0,26.09,1000.0,1000.0,"(0.0, 4.614]",0.49,240.0,16.02965,68.19396,2.8,81,5.0,1.0,0.0,1.0,1.0,0.0,1.0,4,4/6,13.19,trunk
cd8df4a55f55b19eacf1782569bbc0ad,2,245,3.7724505327245055,54.32328767123288,300.0,PWR UP - Røkland,Norway,365,POINT (15.31518 66.98087),1000.0,1000.0,194.71,95.21,2.33,1000.0,26.51,143.54,1000.0,0.0,0.0,17.0,9.0,18.0,0.0,9.0,1.0,0.0,Kople As,2.0,0.0,0.0,0.0,0.0,0.0,0.0,0.0,1.0,0.0,0.0,0.0,1.0,1.0,0.0,38.36,1000.0,1000.0,1000.0,1000.0,1000.0,1000.0,1000.0,278.17,1000.0,1000.0,1000.0,61.6,40.28,1000.0,"(0.0, 4.614]",0.49,270.0,15.31518,66.98087,3.8,82,5.0,1.0,2.0,1.0,2.0,0.0,0.0,4,4/6,26.51,trunk
1829497bb8b1701701f07ae88a24b628,1,282,3.7402701465201456,53.85989010989011,150.0,St1 Ankenes,Norway,364,POINT (17.4173 68.40566),1000.0,1000.0,455.7,1000.0,4.09,1000.0,16.6,11.32,1000.0,0.0,0.0,4.0,0.0,16.0,0.0,11.0,1.0,0.0,Recharge,0.0,0.0,0.0,0.0,0.0,0.0,0.0,3.0,0.0,2.0,0.0,1.0,12.0,0.0,0.0,1000.0,1000.0,1000.0,1000.0,1000.0,1000.0,1000.0,136.55,1000.0,82.68,1000.0,298.39,1.62,1000.0,1000.0,"(0.0, 4.614]",0.49,90.0,17.4173,68.40566,3.8,83,5.0,3.0,2.0,13.0,0.0,0.0,0.0,3,3/6,16.6,trunk
0b8b58f3524dc21a9bb5120813aa05ec,6,341,3.667269152714358,52.80867579908677,150.0,Extra Bardufoss,Norway,365,POINT (18.51226 69.0651),1000.0,1000.0,33.42,90.25,24.58,72.87,119.09,34.75,1000.0,0.0,0.0,6.0,5.0,41.0,18.0,26.0,3.0,0.0,Mer,1.0,5.0,0.0,7.0,2.0,1.0,0.0,2.0,1.0,3.0,2.0,3.0,5.0,0.0,0.0,51.56,50.21,1000.0,49.02,85.87,137.74,1000.0,11.93,69.45,202.8,140.64,230.76,53.11,1000.0,1000.0,"(0.0, 4.614]",0.49,527.5,18.51226,69.0651,6.6,84,5.0,2.0,7.0,10.0,1.0,7.0,5.0,6,6/6,119.09,trunk
c18ea35605b0b649ca188b37f14c7655,2,139,3.6404006046863193,52.42176870748299,180.0,LAD OPP - Nygårdsjøen - AC,Norway,147,POINT (14.32353 67.12154),1000.0,16.77,484.51,23.73,9.83,105.92,1000.0,1000.0,1000.0,0.0,2.0,1.0,3.0,27.0,3.0,0.0,0.0,0.0,Kople As,1.0,0.0,0.0,0.0,0.0,0.0,0.0,0.0,0.0,0.0,0.0,0.0,3.0,0.0,0.0,355.64,1000.0,1000.0,1000.0,1000.0,1000.0,1000.0,1000.0,1000.0,1000.0,1000.0,1000.0,0.17,1000.0,1000.0,"(0.0, 4.614]",0.49,150.0,14.32353,67.12154,3.2,85,5.0,0.0,0.0,3.0,1.0,0.0,0.0,2,2/6,16.77,primary
9f2d46f2144061316a2e45bc07183784,2,242,3.601978691019786,51.86849315068493,50.0,Amfi Fauske,Norway,365,POINT (15.39623 67.25832),1000.0,1000.0,45.78,1000.0,30.18,484.89,87.93,33.07,1000.0,0.0,0.0,68.0,0.0,73.0,3.0,49.0,7.0,0.0,Mer,3.0,5.0,0.0,11.0,4.0,2.0,3.0,4.0,6.0,3.0,3.0,8.0,32.0,2.0,0.0,121.83,63.32,1000.0,22.85,11.58,19.17,20.02,17.91,16.51,20.56,26.39,157.01,12.15,9.2,1000.0,"(0.0, 4.614]",0.49,632.5,15.39623,67.25832,7.0,86,5.0,6.0,17.0,43.0,3.0,14.0,5.0,6,6/6,87.93,trunk
65479b9596278b7c5892412b2575aaf4,4,334,3.559646118721461,51.25890410958904,50.0,Prix Snåsa,Norway,365,POINT (12.38506 64.2465),1000.0,102.7,35.39,28.9,4.78,1000.0,1000.0,156.45,1000.0,0.0,7.0,17.0,5.0,41.0,0.0,0.0,1.0,0.0,Mer,2.0,5.0,0.0,1.0,0.0,0.0,0.0,2.0,1.0,0.0,0.0,7.0,7.0,0.0,0.0,182.04,39.85,1000.0,120.38,1000.0,1000.0,1000.0,46.1,98.65,1000.0,1000.0,98.28,47.29,1000.0,1000.0,"(0.0, 4.614]",1.96,367.5,12.38506,64.2465,5.2,87,5.0,2.0,1.0,14.0,2.0,1.0,5.0,6,6/6,102.7,primary
2a2318dd0d79b54254e8518d66c11f9b,1,274,3.5559360730593608,51.2054794520548,150.0,Recharge Esso Rønvik,Norway,365,POINT (14.40705 67.29354),1000.0,211.85,213.04,1000.0,25.21,18.4,1000.0,89.64,1000.0,0.0,17.0,50.0,0.0,121.0,11.0,0.0,3.0,0.0,Recharge,0.0,6.0,0.0,1.0,0.0,0.0,0.0,3.0,1.0,4.0,0.0,4.0,13.0,0.0,1.0,1000.0,216.09,1000.0,343.07,1000.0,1000.0,1000.0,195.62,234.6,327.45,1000.0,210.77,43.82,1000.0,417.29,"(0.0, 4.614]",0.49,337.5,14.40705,67.29354,5.0,88,5.0,3.0,5.0,17.0,0.0,1.0,7.0,5,5/6,211.85,primary
95c8892eee74854e196139bdfefa7c8c,4,285,3.4963560744810738,50.347527472527474,50.0,Namsskogan Hotell,Norway,364,POINT (12.84465 64.7423),1000.0,1000.0,15.97,1000.0,16.36,1000.0,24.67,29.36,1000.0,0.0,0.0,12.0,0.0,22.0,0.0,6.0,3.0,0.0,Mer,2.0,2.0,0.0,0.0,0.0,0.0,0.0,1.0,0.0,0.0,0.0,0.0,2.0,0.0,1.0,41.03,93.41,1000.0,1000.0,1000.0,1000.0,1000.0,55.68,1000.0,1000.0,1000.0,1000.0,59.98,1000.0,317.32,"(0.0, 4.614]",1.96,300.0,12.84465,64.7423,4.0,89,5.0,1.0,0.0,2.0,2.0,0.0,3.0,4,4/6,24.67,trunk
2b92d930e6e49e8d2a4df1cd9a2f5214,1,271,3.4263698630136985,49.33972602739726,225.0,Recharge Esso Ytteren,Norway,365,POINT (14.14288 66.34082),1000.0,59.01,66.53,1000.0,7.49,62.09,1000.0,23.52,1000.0,0.0,16.0,53.0,0.0,64.0,11.0,0.0,2.0,0.0,Recharge,0.0,2.0,0.0,1.0,0.0,0.0,0.0,3.0,0.0,1.0,2.0,3.0,5.0,0.0,0.0,1000.0,154.53,1000.0,116.56,1000.0,1000.0,1000.0,48.81,1000.0,79.61,34.27,248.9,27.14,1000.0,1000.0,"(0.0, 4.614]",0.49,307.5,14.14288,66.34082,4.8,90,5.0,3.0,1.0,10.0,0.0,1.0,2.0,5,5/6,59.01,primary
57028db69a1e97120b34bb64f6860af2,1,102,3.402317880794702,48.99337748344371,300.0,St1 Lading Stormyra,Norway,151,POINT (14.42093 67.28084),251.95,92.09,237.08,1000.0,33.78,23.63,47.16,115.73,1000.0,23.0,15.0,45.0,0.0,114.0,28.0,24.0,20.0,0.0,St1 Charge,0.0,16.0,7.0,5.0,15.0,6.0,4.0,9.0,14.0,13.0,3.0,5.0,31.0,6.0,0.0,1000.0,224.65,257.79,300.83,318.08,318.72,319.08,157.11,230.89,201.7,347.31,204.98,64.26,237.65,1000.0,"(0.0, 4.614]",0.49,572.5,14.42093,67.28084,5.6,91,5.0,15.0,54.0,46.0,0.0,9.0,16.0,5,5/6,47.16,trunk
c3c10eef0d447fa0ddf70a3a4d7a6af6,7,249,3.3971243748641022,48.91859099804306,400.0,LAD OPP - Esso Mosjøen Halsøy,Norway,365,POINT (13.1958 65.86326),1000.0,54.65,25.11,1000.0,5.73,1000.0,56.81,1000.0,1000.0,0.0,13.0,68.0,0.0,215.0,0.0,19.0,0.0,0.0,Kople As,0.0,2.0,0.0,2.0,1.0,0.0,0.0,5.0,0.0,1.0,1.0,1.0,11.0,0.0,0.0,1000.0,69.9,1000.0,89.5,171.49,1000.0,1000.0,52.41,1000.0,107.06,91.3,69.9,13.87,1000.0,1000.0,"(0.0, 4.614]",0.49,347.5,13.1958,65.86326,6.4,92,5.0,5.0,2.0,13.0,0.0,2.0,2.0,5,5/6,54.65,primary
ccf249ccad41679e40f8a9781366ae91,2,275,3.2664573820395737,47.036986301369865,50.0,Ishavsveien - Manndalen,Norway,365,POINT (20.5506 69.54169),1000.0,1000.0,41.68,25.56,19.24,1000.0,69.34,38.89,1000.0,0.0,0.0,11.0,12.0,20.0,0.0,12.0,5.0,0.0,Kople As,2.0,2.0,0.0,0.0,0.0,0.0,0.0,3.0,2.0,0.0,0.0,1.0,1.0,0.0,0.0,163.58,413.21,1000.0,1000.0,1000.0,1000.0,1000.0,110.28,64.57,1000.0,1000.0,182.73,23.94,1000.0,1000.0,"(0.0, 4.614]",0.49,300.0,20.5506,69.54169,4.4,93,5.0,3.0,2.0,2.0,2.0,0.0,2.0,5,5/6,69.34,trunk
17692c617be947929e27b091ddcda7a6,4,305,3.167427701674277,45.61095890410959,225.0,Recharge Esso Grubhei,Norway,365,POINT (14.20314 66.32036),1000.0,1000.0,69.97,1000.0,8.73,52.15,31.31,1000.0,1000.0,0.0,0.0,53.0,0.0,64.0,11.0,23.0,0.0,0.0,Recharge,0.0,2.0,0.0,1.0,0.0,0.0,0.0,4.0,0.0,2.0,0.0,2.0,3.0,0.0,0.0,1000.0,210.05,1000.0,312.08,1000.0,1000.0,1000.0,209.32,1000.0,307.94,1000.0,346.81,35.13,1000.0,1000.0,"(0.0, 4.614]",0.49,247.5,14.20314,66.32036,3.8,94,5.0,4.0,2.0,5.0,0.0,1.0,2.0,5,5/6,31.31,trunk
c4279639e4eeb7bb748720d41deaefe8,2,222,3.1432648401826486,45.26301369863014,50.0,Recharge Røkland Senter,Norway,365,POINT (15.31508 66.98049),1000.0,1000.0,221.4,136.49,28.5,1000.0,23.76,134.93,1000.0,0.0,0.0,16.0,9.0,18.0,0.0,9.0,1.0,0.0,Recharge,2.0,0.0,0.0,0.0,0.0,0.0,0.0,0.0,1.0,0.0,0.0,0.0,1.0,1.0,0.0,77.21,1000.0,1000.0,1000.0,1000.0,1000.0,1000.0,1000.0,320.3,1000.0,1000.0,1000.0,101.75,76.01,1000.0,"(0.0, 4.614]",0.49,270.0,15.31508,66.98049,3.6,95,5.0,1.0,2.0,1.0,2.0,0.0,0.0,4,4/6,23.76,trunk
23c761dd9c49d89164a0d91da9ebf73c,6,238,3.103310002916302,44.68766404199475,180.0,Kople Kiwi Ankenes,Norway,254,POINT (17.41476 68.4067),1000.0,1000.0,300.22,1000.0,2.98,1000.0,43.02,134.65,1000.0,0.0,0.0,6.0,0.0,22.0,0.0,12.0,1.0,0.0,Kople As,0.0,0.0,0.0,0.0,0.0,0.0,0.0,3.0,0.0,2.0,0.0,1.0,12.0,0.0,0.0,1000.0,1000.0,1000.0,1000.0,1000.0,1000.0,1000.0,22.74,1000.0,142.24,1000.0,197.67,2.32,1000.0,1000.0,"(0.0, 4.614]",0.49,90.0,17.41476,68.4067,4.0,96,5.0,3.0,2.0,13.0,0.0,0.0,0.0,3,3/6,43.02,trunk
29923690c97a2154afdd6f925d6f25ef,6,305,3.0893264840182653,44.48630136986301,200.0,Recharge Shell Balsfjord,Norway,365,POINT (19.55375 69.21543),1000.0,1000.0,54.94,1000.0,13.71,52.26,58.02,55.59,1000.0,0.0,0.0,9.0,0.0,27.0,13.0,22.0,3.0,0.0,Recharge,0.0,3.0,0.0,1.0,0.0,0.0,0.0,5.0,1.0,0.0,1.0,0.0,8.0,0.0,1.0,1000.0,394.05,1000.0,315.44,1000.0,1000.0,1000.0,95.57,309.79,1000.0,303.96,1000.0,3.13,1000.0,283.22,"(0.0, 4.614]",0.49,337.5,19.55375,69.21543,4.8,97,5.0,5.0,1.0,9.0,0.0,1.0,4.0,5,5/6,58.02,trunk
601ac60091ee898ea5d9cba83c82fa59,2,214,3.010694061830425,43.353994490358126,50.0,Ishavsveien - Kautokeino,Norway,363,POINT (23.04088 69.01338),1000.0,1000.0,103.52,103.42,6.62,1000.0,23.96,104.21,1000.0,0.0,0.0,37.0,10.0,79.0,0.0,5.0,2.0,0.0,Kople As,4.0,2.0,0.0,1.0,1.0,0.0,0.0,1.0,1.0,0.0,0.0,9.0,6.0,0.0,0.0,140.32,90.45,1000.0,142.22,69.35,1000.0,1000.0,153.84,182.7,1000.0,1000.0,79.72,35.19,1000.0,1000.0,"(0.0, 4.614]",0.01,407.5,23.04088,69.01338,4.6,98,5.0,1.0,2.0,15.0,4.0,1.0,2.0,6,6/6,23.96,trunk
9e391581f1773862b1647c8a1be5ba6b,1,211,2.9912622100122097,43.07417582417583,300.0,St1 Lading Mosjøen,Norway,364,POINT (13.19574 65.86385),1000.0,17.67,21.75,1000.0,32.94,1000.0,105.13,1000.0,1000.0,0.0,13.0,78.0,0.0,209.0,0.0,19.0,0.0,0.0,St1 Charge,0.0,2.0,0.0,2.0,1.0,0.0,0.0,5.0,0.0,1.0,1.0,1.0,11.0,0.0,0.0,1000.0,109.75,1000.0,112.28,228.21,1000.0,1000.0,109.75,1000.0,138.79,124.02,109.75,31.38,1000.0,1000.0,"(0.0, 4.614]",0.49,347.5,13.19574,65.86385,5.0,99,5.0,5.0,2.0,13.0,0.0,2.0,2.0,5,5/6,17.67,primary
b26ef3be6f1884d5426394e0f7c41bc0,2,198,2.862431129476584,41.21900826446281,50.0,ChargeUp - Knut Hamsund VGS,Norway,363,POINT (15.6241 68.08347),1000.0,161.3,30.77,1000.0,85.17,1000.0,1000.0,18.03,1000.0,0.0,7.0,33.0,0.0,25.0,0.0,0.0,8.0,0.0,Kople As,0.0,4.0,0.0,0.0,0.0,0.0,0.0,0.0,1.0,1.0,0.0,6.0,2.0,0.0,0.0,1000.0,100.87,1000.0,1000.0,1000.0,1000.0,1000.0,1000.0,451.3,336.26,1000.0,32.06,2.22,1000.0,1000.0,"(0.0, 4.614]",0.49,210.0,15.6241,68.08347,4.4,100,5.0,0.0,2.0,8.0,0.0,0.0,4.0,3,3/6,161.3,primary
5fd7c79f91a0778e2af7eee19d109446,1,252,2.771499238964992,39.90958904109589,175.0,Ishavsveien - Maze,Norway,365,POINT (23.66693 69.44374),1000.0,1000.0,1000.0,6.36,13.91,1000.0,464.41,1000.0,1000.0,0.0,0.0,0.0,3.0,15.0,0.0,1.0,0.0,0.0,Kople As,1.0,0.0,0.0,1.0,0.0,0.0,0.0,1.0,0.0,0.0,0.0,0.0,0.0,0.0,1.0,35.77,1000.0,1000.0,35.77,1000.0,1000.0,1000.0,41.27,1000.0,1000.0,1000.0,1000.0,1000.0,1000.0,45.44,"(0.0, 4.614]",0.0,247.5,23.66693,69.44374,3.8,101,5.0,1.0,0.0,0.0,1.0,1.0,1.0,4,4/6,464.41,trunk
464e7b2ab3ac5510b6977621b87fd0ca,4,210,2.751614987080103,39.62325581395349,300.0,Uno-X Bardufoss,Norway,215,POINT (18.50623 69.06381),1000.0,428.24,165.14,202.72,0.17,65.84,33.38,224.95,1000.0,0.0,12.0,1.0,5.0,33.0,18.0,28.0,3.0,0.0,Uno-X,1.0,4.0,0.0,7.0,2.0,1.0,0.0,2.0,1.0,1.0,2.0,0.0,5.0,0.0,0.0,329.42,321.46,1000.0,254.59,358.8,167.64,1000.0,71.0,197.31,481.99,418.49,1000.0,248.73,1000.0,1000.0,"(0.0, 4.614]",0.49,497.5,18.50623,69.06381,4.8,102,5.0,2.0,5.0,7.0,1.0,7.0,4.0,6,6/6,33.38,trunk
e63329a6a6c5543d7184609bc4cd4768,1,236,2.733066971080669,39.35616438356164,180.0,Ishavskraft - Shell Øverbygd,Norway,365,POINT (19.29722 69.0252),1000.0,88.53,273.97,44.68,30.96,1000.0,1000.0,19.34,1000.0,0.0,5.0,1.0,2.0,58.0,0.0,0.0,2.0,0.0,Kople As,0.0,2.0,0.0,0.0,1.0,0.0,0.0,1.0,0.0,0.0,0.0,4.0,3.0,0.0,0.0,1000.0,100.34,1000.0,1000.0,191.4,1000.0,1000.0,98.76,1000.0,1000.0,1000.0,24.15,19.79,1000.0,1000.0,"(0.0, 4.614]",0.49,190.0,19.29722,69.0252,4.2,103,5.0,1.0,1.0,7.0,0.0,0.0,2.0,4,4/6,88.53,primary
e4d40bd6caa8adbe8fa0242d36cb9cca,2,304,2.7141362252663623,39.083561643835615,100.0,LAD OPP - Mosjøen Camping - AC,Norway,365,POINT (13.22013 65.83445),1000.0,360.85,13.11,401.69,6.91,1000.0,29.41,159.62,1000.0,0.0,4.0,61.0,17.0,172.0,0.0,27.0,11.0,0.0,Kople As,3.0,3.0,0.0,3.0,0.0,1.0,1.0,2.0,1.0,2.0,0.0,4.0,7.0,0.0,0.0,32.98,43.33,1000.0,37.82,1000.0,364.62,375.19,355.18,298.59,377.69,1000.0,221.99,8.92,1000.0,1000.0,"(0.0, 4.614]",0.49,442.5,13.22013,65.83445,5.4,104,5.0,2.0,4.0,11.0,3.0,4.0,3.0,6,6/6,29.41,trunk
9e61290f6990393311c24f46e150139e,4,301,2.7036114926739923,38.932005494505496,50.0,Coop Prix Straumen,Norway,364,POINT (15.59077 67.3467),1000.0,1000.0,24.85,28.42,72.36,1000.0,373.96,1000.0,1000.0,0.0,0.0,60.0,13.0,24.0,0.0,3.0,0.0,0.0,Mer,1.0,3.0,0.0,0.0,0.0,0.0,0.0,2.0,0.0,0.0,0.0,5.0,1.0,0.0,0.0,222.54,131.95,1000.0,1000.0,1000.0,1000.0,1000.0,137.38,1000.0,1000.0,1000.0,201.7,71.68,1000.0,1000.0,"(0.0, 4.614]",0.49,270.0,15.59077,67.3467,3.0,105,5.0,2.0,0.0,6.0,1.0,0.0,3.0,4,4/6,373.96,trunk
68145c83c094261657d10bdeda3bbf80,2,106,2.4172374429223744,34.80821917808219,180.0,PWR UP - Kjerringøy,Norway,146,POINT (14.76145 67.51986),1000.0,1000.0,19.59,40.55,4.39,1000.0,1000.0,77.06,1000.0,0.0,0.0,16.0,8.0,21.0,0.0,0.0,6.0,0.0,Kople As,1.0,5.0,0.0,2.0,0.0,0.0,0.0,1.0,0.0,0.0,0.0,0.0,1.0,0.0,1.0,171.68,88.64,1000.0,175.2,1000.0,1000.0,1000.0,19.39,1000.0,1000.0,1000.0,1000.0,3.53,1000.0,157.79,"(0.0, 4.614]",0.49,367.5,14.76145,67.51986,4.6,106,5.0,1.0,0.0,1.0,1.0,2.0,6.0,5,5/6,1000.0,motorway
70a43de8cb4cba29206ec2c7bf24c96d,8,247,2.351764649923896,33.86541095890411,300.0,LAD OPP - Brekkvasselv,Norway,365,POINT (13.01462 64.8474),1000.0,1000.0,32.74,1000.0,2.42,1000.0,68.93,317.5,1000.0,0.0,0.0,19.0,0.0,18.0,0.0,3.0,1.0,0.0,Kople As,1.0,1.0,0.0,2.0,0.0,0.0,0.0,1.0,0.0,0.0,0.0,0.0,1.0,0.0,1.0,324.86,340.22,1000.0,29.57,1000.0,1000.0,1000.0,23.05,1000.0,1000.0,1000.0,1000.0,50.07,1000.0,146.47,"(0.0, 4.614]",1.96,367.5,13.01462,64.8474,3.6,107,5.0,1.0,0.0,1.0,1.0,2.0,2.0,5,5/6,68.93,trunk
f341be7b42df113d71906936dcdbcef4,4,323,2.3462233637747336,33.785616438356165,50.0,Laksvatn,Norway,365,POINT (19.36219 69.37626),1000.0,1000.0,20.05,19.22,38.92,1000.0,140.65,137.24,1000.0,0.0,0.0,6.0,9.0,12.0,0.0,8.0,1.0,0.0,Mer,0.0,0.0,0.0,0.0,0.0,0.0,0.0,0.0,0.0,0.0,0.0,0.0,2.0,0.0,0.0,1000.0,1000.0,1000.0,1000.0,1000.0,1000.0,1000.0,1000.0,1000.0,1000.0,1000.0,1000.0,29.49,1000.0,1000.0,"(0.0, 4.614]",0.49,30.0,19.36219,69.37626,3.2,108,5.0,0.0,0.0,2.0,0.0,0.0,0.0,1,1/6,140.65,trunk
d335dac8c2f0747b6ad2c2021b030f0b,4,305,2.3395643074581427,33.68972602739726,400.0,St1 Namdalseid,Norway,365,POINT (11.22365 64.22263),1000.0,16.56,88.27,1000.0,30.73,1000.0,1000.0,137.24,1000.0,0.0,11.0,11.0,0.0,30.0,0.0,0.0,8.0,0.0,Recharge,0.0,1.0,0.0,0.0,0.0,0.0,0.0,1.0,0.0,0.0,0.0,0.0,3.0,0.0,0.0,1000.0,234.41,1000.0,1000.0,1000.0,1000.0,1000.0,107.76,1000.0,1000.0,1000.0,1000.0,2.87,1000.0,1000.0,"(0.0, 4.614]",1.96,120.0,11.22365,64.22263,3.2,109,5.0,1.0,0.0,3.0,0.0,0.0,1.0,3,3/6,16.56,primary
6104519029d1ad716b4b9171068a0613,2,284,2.292142313546424,33.00684931506849,150.0,PWR UP - Terråk,Norway,365,POINT (12.37507 65.08909),1000.0,46.94,49.07,291.07,12.41,79.08,1000.0,108.67,1000.0,0.0,6.0,30.0,4.0,17.0,3.0,0.0,5.0,0.0,Kople As,2.0,4.0,0.0,0.0,0.0,0.0,0.0,1.0,1.0,0.0,0.0,3.0,3.0,0.0,0.0,159.36,43.01,1000.0,1000.0,1000.0,1000.0,1000.0,1.44,66.68,1000.0,1000.0,91.86,37.21,1000.0,1000.0,"(0.0, 4.614]",1.96,300.0,12.37507,65.08909,4.8,110,5.0,1.0,1.0,6.0,2.0,0.0,4.0,5,5/6,46.94,primary
410eb19aef80f189b84a52625d58e56c,2,283,2.2685821123321124,32.667582417582416,100.0,ChargeUp - Dragefossen Rognan,Norway,364,POINT (15.3915 67.10341),1000.0,1000.0,25.35,143.89,29.53,1000.0,1000.0,1000.0,1000.0,0.0,0.0,55.0,14.0,32.0,0.0,0.0,0.0,0.0,Kople As,1.0,5.0,0.0,7.0,2.0,2.0,1.0,5.0,2.0,1.0,0.0,3.0,9.0,1.0,0.0,12.74,33.07,1000.0,81.31,103.61,155.27,200.16,102.89,102.11,94.07,1000.0,80.61,63.3,101.72,1000.0,"(0.0, 4.614]",0.49,572.5,15.3915,67.10341,5.4,111,5.0,6.0,8.0,12.0,1.0,8.0,5.0,6,6/6,1000.0,motorway
9d38b3952aeef181216942362270143a,4,246,2.2505707762557083,32.40821917808219,200.0,St1 Ankenes,Norway,365,POINT (17.4173 68.40566),1000.0,1000.0,455.7,1000.0,4.09,1000.0,16.6,11.32,1000.0,0.0,0.0,4.0,0.0,16.0,0.0,11.0,1.0,0.0,Recharge,0.0,0.0,0.0,0.0,0.0,0.0,0.0,3.0,0.0,2.0,0.0,1.0,12.0,0.0,0.0,1000.0,1000.0,1000.0,1000.0,1000.0,1000.0,1000.0,136.55,1000.0,82.68,1000.0,298.39,1.62,1000.0,1000.0,"(0.0, 4.614]",0.49,90.0,17.4173,68.40566,4.0,112,5.0,3.0,2.0,13.0,0.0,0.0,0.0,3,3/6,16.6,trunk
98dc86c6cc3f2e44bdfaffd83895dab8,5,335,2.2191780821917813,31.95616438356164,200.0,Lyngseidet,Norway,365,POINT (20.2054 69.57461),1000.0,44.16,5.06,1000.0,69.15,1000.0,1000.0,18.76,1000.0,0.0,6.0,18.0,0.0,25.0,0.0,0.0,6.0,0.0,Eviny,0.0,2.0,0.0,2.0,0.0,0.0,0.0,5.0,0.0,0.0,0.0,0.0,6.0,0.0,1.0,1000.0,359.43,1000.0,423.2,1000.0,1000.0,1000.0,58.91,1000.0,1000.0,1000.0,1000.0,50.44,1000.0,283.68,"(0.0, 4.614]",0.49,247.5,20.2054,69.57461,4.2,113,5.0,5.0,0.0,6.0,0.0,2.0,3.0,4,4/6,44.16,primary
518810656794f00b2f42becf613c3882,4,262,2.189973363774733,31.535616438356165,50.0,Recharge Setermoen,Norway,365,POINT (18.34695 68.86022),1000.0,1000.0,69.35,87.07,6.01,171.86,34.66,460.64,1000.0,0.0,0.0,37.0,6.0,66.0,5.0,18.0,1.0,0.0,Recharge,2.0,5.0,0.0,7.0,0.0,1.0,0.0,2.0,4.0,0.0,1.0,1.0,14.0,0.0,0.0,91.16,244.09,1000.0,66.31,1000.0,154.02,1000.0,141.43,143.89,1000.0,163.02,130.94,24.38,1000.0,1000.0,"(0.0, 4.614]",0.49,457.5,18.34695,68.86022,6.2,114,5.0,2.0,5.0,16.0,2.0,7.0,5.0,6,6/6,34.66,trunk
5d8935113b804dee8233488cbc611ee0,4,233,2.178224885844749,31.366438356164384,300.0,LAD OPP - Røkland,Norway,365,POINT (15.31404 66.98229),1000.0,1000.0,71.21,62.54,18.81,1000.0,92.73,232.44,1000.0,0.0,0.0,18.0,10.0,21.0,0.0,9.0,1.0,0.0,Kople As,2.0,0.0,0.0,0.0,0.0,0.0,0.0,0.0,1.0,0.0,0.0,0.0,1.0,1.0,0.0,128.08,1000.0,1000.0,1000.0,1000.0,1000.0,1000.0,1000.0,161.21,1000.0,1000.0,1000.0,103.93,129.48,1000.0,"(0.0, 4.614]",0.49,270.0,15.31404,66.98229,3.6,115,5.0,1.0,2.0,1.0,2.0,0.0,0.0,4,4/6,92.73,trunk
ef95881f3e97c8cfc77adce90a2a8920,2,294,2.1581050228310503,31.076712328767123,150.0,Kople Overhalla kommunehus,Norway,365,POINT (11.94781 64.49398),1000.0,37.55,26.03,60.01,39.99,1000.0,1000.0,16.58,1000.0,0.0,17.0,14.0,4.0,39.0,0.0,0.0,7.0,0.0,Kople As,1.0,4.0,0.0,2.0,0.0,0.0,0.0,2.0,1.0,1.0,1.0,2.0,7.0,0.0,1.0,324.02,160.58,1000.0,125.2,1000.0,1000.0,1000.0,65.12,414.29,452.47,82.65,177.13,11.17,1000.0,171.12,"(0.0, 4.614]",1.96,517.5,11.94781,64.49398,5.4,116,5.0,2.0,2.0,10.0,1.0,2.0,5.0,6,6/6,37.55,primary
d96feda08c6dc9de32d3227fcb609168,1,173,2.135607448107448,30.75274725274725,50.0,Recharge Esso Grubhei,Norway,364,POINT (14.20314 66.32036),1000.0,1000.0,69.97,1000.0,8.73,52.15,31.31,1000.0,1000.0,0.0,0.0,53.0,0.0,64.0,11.0,23.0,0.0,0.0,Recharge,0.0,2.0,0.0,1.0,0.0,0.0,0.0,4.0,0.0,2.0,0.0,2.0,3.0,0.0,0.0,1000.0,210.05,1000.0,312.08,1000.0,1000.0,1000.0,209.32,1000.0,307.94,1000.0,346.81,35.13,1000.0,1000.0,"(0.0, 4.614]",0.49,247.5,14.20314,66.32036,3.6,117,5.0,4.0,2.0,5.0,0.0,1.0,2.0,5,5/6,31.31,trunk
d56c1f4e74edf6b0808ea7e68e5516b3,2,198,2.0795071931435563,29.94490358126722,50.0,Alti Nerstranda,Norway,363,POINT (18.95394 69.64651),173.0,315.11,106.12,1000.0,4.11,59.04,1000.0,6.37,1000.0,1.0,9.0,52.0,0.0,265.0,18.0,0.0,48.0,0.0,Eviny,23.0,62.0,9.0,74.0,24.0,2.0,13.0,14.0,22.0,8.0,9.0,57.0,116.0,2.0,8.0,121.76,29.1,2.94,27.11,6.53,22.44,44.68,55.32,22.71,23.79,24.64,31.29,20.98,30.76,144.57,"(0.0, 4.614]",0.49,752.5,18.95394,69.64651,8.0,118,5.0,16.0,58.0,191.0,23.0,87.0,70.0,6,6/6,315.11,primary
b2bb1aa98c829ccb21f7ae6b7a085369,5,335,2.076560121765602,29.902465753424657,400.0,Ishavskraft - Esso Tømmerelv,Norway,365,POINT (19.30145 69.21704),1000.0,68.05,1000.0,1000.0,22.88,1000.0,54.62,1000.0,1000.0,0.0,6.0,0.0,0.0,6.0,0.0,9.0,0.0,0.0,Kople As,0.0,1.0,0.0,0.0,0.0,0.0,0.0,0.0,0.0,0.0,0.0,0.0,4.0,0.0,0.0,1000.0,459.41,1000.0,1000.0,1000.0,1000.0,1000.0,1000.0,1000.0,1000.0,1000.0,1000.0,0.47,1000.0,1000.0,"(0.0, 4.614]",0.49,120.0,19.30145,69.21704,3.4,119,5.0,0.0,0.0,4.0,0.0,0.0,1.0,2,2/6,54.62,trunk
32e82c4be863f8ef2e7e5bab37969c7b,5,128,2.032135076252723,29.26274509803921,400.0,St1 Lading Mørkved,Norway,153,POINT (14.54853 67.28222),1000.0,1000.0,95.56,1000.0,17.98,31.37,9.97,1000.0,1000.0,0.0,0.0,96.0,0.0,74.0,43.0,7.0,0.0,0.0,St1 Charge,0.0,2.0,0.0,1.0,0.0,0.0,0.0,2.0,4.0,5.0,2.0,2.0,5.0,1.0,1.0,1000.0,270.81,1000.0,198.09,1000.0,1000.0,1000.0,177.03,187.22,126.6,187.67,259.92,47.03,177.85,258.56,"(0.0, 4.614]",0.49,487.5,14.54853,67.28222,4.4,120,5.0,3.0,10.0,9.0,0.0,1.0,3.0,5,5/6,9.97,trunk
f0af9ddc6fa573d60ec6cfa42ffb1393,2,304,1.9930555555555556,28.7,150.0,Bodø Energi - Skauvoll,Norway,365,POINT (14.04286 66.98669),1000.0,12.24,306.73,1000.0,13.5,1000.0,1000.0,40.69,1000.0,0.0,4.0,4.0,0.0,18.0,0.0,0.0,1.0,0.0,Kople As,1.0,0.0,0.0,0.0,0.0,0.0,0.0,0.0,0.0,0.0,0.0,0.0,1.0,0.0,0.0,22.7,1000.0,1000.0,1000.0,1000.0,1000.0,1000.0,1000.0,1000.0,1000.0,1000.0,1000.0,36.09,1000.0,1000.0,"(0.0, 4.614]",0.49,150.0,14.04286,66.98669,3.0,121,5.0,0.0,0.0,1.0,1.0,0.0,0.0,2,2/6,12.24,primary
dd996a15f71b7b46fe02ede3353f4431,4,273,1.95914193302892,28.21164383561644,50.0,Recharge Coop Prix Storforshei,Norway,365,POINT (14.52831 66.40434),1000.0,1000.0,9.87,1000.0,2.02,1000.0,74.89,146.02,1000.0,0.0,0.0,46.0,0.0,37.0,0.0,11.0,11.0,0.0,Recharge,0.0,1.0,0.0,0.0,0.0,0.0,0.0,1.0,0.0,0.0,0.0,0.0,1.0,0.0,0.0,1000.0,107.66,1000.0,1000.0,1000.0,1000.0,1000.0,33.78,1000.0,1000.0,1000.0,1000.0,139.52,1000.0,1000.0,"(0.0, 4.614]",0.49,120.0,14.52831,66.40434,3.2,122,5.0,1.0,0.0,1.0,0.0,0.0,1.0,3,3/6,74.89,trunk
fbd3a07e8ddf39be48f2b5f371b31ef6,5,298,1.8616818873668188,26.80821917808219,400.0,St1 Lading Mosjøen,Norway,365,POINT (13.19574 65.86385),1000.0,17.67,21.75,1000.0,32.94,1000.0,105.13,1000.0,1000.0,0.0,13.0,78.0,0.0,209.0,0.0,19.0,0.0,0.0,St1 Charge,0.0,2.0,0.0,2.0,1.0,0.0,0.0,5.0,0.0,1.0,1.0,1.0,11.0,0.0,0.0,1000.0,109.75,1000.0,112.28,228.21,1000.0,1000.0,109.75,1000.0,138.79,124.02,109.75,31.38,1000.0,1000.0,"(0.0, 4.614]",0.49,347.5,13.19574,65.86385,5.2,123,5.0,5.0,2.0,13.0,0.0,2.0,2.0,5,5/6,17.67,primary
b4549728e963405a61a6c466170361e7,2,267,1.7669223137973136,25.44368131868132,150.0,PWR UP - Beiarn,Norway,364,POINT (14.7604 66.98871),1000.0,91.81,454.36,23.42,58.07,1000.0,1000.0,95.4,1000.0,0.0,6.0,2.0,2.0,11.0,0.0,0.0,4.0,0.0,Kople As,2.0,0.0,0.0,0.0,0.0,0.0,0.0,2.0,0.0,0.0,0.0,0.0,3.0,0.0,0.0,79.7,1000.0,1000.0,1000.0,1000.0,1000.0,1000.0,25.83,1000.0,1000.0,1000.0,1000.0,0.36,1000.0,1000.0,"(0.0, 4.614]",0.49,150.0,14.7604,66.98871,3.4,124,5.0,2.0,0.0,3.0,2.0,0.0,0.0,3,3/6,91.81,primary
79c20abc77e32c6055f63117933b8261,2,270,1.7330669710806696,24.95616438356164,300.0,St1 Namdalseid,Norway,365,POINT (11.22365 64.22263),1000.0,16.56,88.27,1000.0,30.73,1000.0,1000.0,137.24,1000.0,0.0,11.0,11.0,0.0,30.0,0.0,0.0,8.0,0.0,Recharge,0.0,1.0,0.0,0.0,0.0,0.0,0.0,1.0,0.0,0.0,0.0,0.0,3.0,0.0,0.0,1000.0,234.41,1000.0,1000.0,1000.0,1000.0,1000.0,107.76,1000.0,1000.0,1000.0,1000.0,2.87,1000.0,1000.0,"(0.0, 4.614]",1.96,120.0,11.22365,64.22263,3.2,125,5.0,1.0,0.0,3.0,0.0,0.0,1.0,3,3/6,16.56,primary
e023c348a1dd3416b96369cc3d9b7051,4,107,1.7230783866057835,24.812328767123287,400.0,Circle K Olav VS Gate,Norway,365,POINT (14.40442 67.27489),1000.0,1000.0,59.11,1000.0,19.87,381.64,47.45,1000.0,1000.0,0.0,0.0,58.0,0.0,56.0,10.0,18.0,0.0,0.0,Circle K,0.0,5.0,0.0,1.0,0.0,1.0,0.0,1.0,0.0,3.0,0.0,6.0,29.0,0.0,0.0,1000.0,34.98,1000.0,125.19,1000.0,136.54,1000.0,276.97,1000.0,116.56,1000.0,109.46,28.96,1000.0,1000.0,"(0.0, 4.614]",0.49,277.5,14.40442,67.27489,4.4,126,5.0,1.0,4.0,35.0,0.0,1.0,5.0,5,5/6,47.45,trunk
ae4c8818488f5c8a264f778fce5e4de0,8,248,1.614250380517504,23.245205479452054,400.0,LAD OPP - Korgen,Norway,365,POINT (13.82583 66.08122),1000.0,1000.0,73.34,34.26,38.18,141.65,22.57,146.15,1000.0,0.0,0.0,11.0,3.0,25.0,4.0,2.0,4.0,0.0,Kople As,1.0,0.0,0.0,0.0,0.0,0.0,0.0,1.0,2.0,0.0,1.0,3.0,7.0,0.0,0.0,51.6,1000.0,1000.0,1000.0,1000.0,1000.0,1000.0,117.27,107.04,1000.0,100.38,76.68,58.43,1000.0,1000.0,"(0.0, 4.614]",0.49,270.0,13.82583,66.08122,4.6,127,5.0,1.0,2.0,11.0,1.0,0.0,0.0,4,4/6,22.57,trunk
fc1b23bf124f2e441b727acc3bf112b9,3,201,1.5054540842212076,21.678538812785398,50.0,Leinesfjord,Norway,365,POINT (15.01868 67.77662),1000.0,9.66,191.17,1000.0,10.63,1000.0,1000.0,131.17,1000.0,0.0,5.0,3.0,0.0,35.0,0.0,0.0,8.0,0.0,Eviny,2.0,5.0,0.0,0.0,1.0,0.0,0.0,2.0,0.0,0.0,0.0,5.0,8.0,0.0,1.0,262.21,114.09,1000.0,1000.0,168.22,1000.0,1000.0,171.34,1000.0,1000.0,1000.0,95.94,33.4,1000.0,120.27,"(0.0, 4.614]",0.49,370.0,15.01868,67.77662,4.4,128,5.0,2.0,1.0,13.0,2.0,0.0,6.0,5,5/6,9.66,primary
97b6adfaed23fcab097d70bd3327ba24,2,231,1.4707001522070016,21.17808219178082,50.0,St1 Namdalseid,Norway,365,POINT (11.22365 64.22263),1000.0,16.56,88.27,1000.0,30.73,1000.0,1000.0,137.24,1000.0,0.0,11.0,11.0,0.0,30.0,0.0,0.0,8.0,0.0,Recharge,0.0,1.0,0.0,0.0,0.0,0.0,0.0,1.0,0.0,0.0,0.0,0.0,3.0,0.0,0.0,1000.0,234.41,1000.0,1000.0,1000.0,1000.0,1000.0,107.76,1000.0,1000.0,1000.0,1000.0,2.87,1000.0,1000.0,"(0.0, 4.614]",1.96,120.0,11.22365,64.22263,3.2,129,5.0,1.0,0.0,3.0,0.0,0.0,1.0,3,3/6,16.56,primary
3f5bea865ce437edbeaac075f1345d8b,2,161,1.3006284916201118,18.72905027932961,50.0,Ishavskraft - Shell Øverbygd,Norway,358,POINT (19.29722 69.0252),1000.0,88.53,273.97,44.68,30.96,1000.0,1000.0,19.34,1000.0,0.0,5.0,1.0,2.0,58.0,0.0,0.0,2.0,0.0,Kople As,0.0,2.0,0.0,0.0,1.0,0.0,0.0,1.0,0.0,0.0,0.0,4.0,3.0,0.0,0.0,1000.0,100.34,1000.0,1000.0,191.4,1000.0,1000.0,98.76,1000.0,1000.0,1000.0,24.15,19.79,1000.0,1000.0,"(0.0, 4.614]",0.49,190.0,19.29722,69.0252,4.0,130,5.0,1.0,1.0,7.0,0.0,0.0,2.0,4,4/6,88.53,primary
e6e6fd6be5e7b31bc170fe1bd5ef07a3,2,260,1.287671232876712,18.542465753424658,150.0,PWR UP - Misvær,Norway,365,POINT (15.00377 67.11659),1000.0,29.75,46.98,1000.0,25.92,1000.0,1000.0,1000.0,1000.0,0.0,8.0,26.0,0.0,37.0,0.0,0.0,0.0,0.0,Kople As,0.0,4.0,0.0,1.0,0.0,0.0,0.0,2.0,1.0,0.0,0.0,1.0,3.0,0.0,0.0,1000.0,87.08,1000.0,72.88,1000.0,1000.0,1000.0,72.69,203.13,1000.0,1000.0,345.15,25.47,1000.0,1000.0,"(0.0, 4.614]",0.49,247.5,15.00377,67.11659,3.6,131,5.0,2.0,1.0,4.0,0.0,1.0,4.0,5,5/6,29.75,primary
1e04626a1feab4372ba6b5492994a79b,4,234,1.271832191780822,18.31438356164384,50.0,Recharge Coop Korgen,Norway,365,POINT (13.82327 66.08059),1000.0,1000.0,141.5,169.06,15.23,190.93,10.91,245.13,1000.0,0.0,0.0,7.0,5.0,26.0,4.0,2.0,2.0,0.0,Recharge,1.0,0.0,0.0,0.0,0.0,0.0,0.0,1.0,2.0,0.0,1.0,5.0,8.0,0.0,1.0,126.63,1000.0,1000.0,1000.0,1000.0,1000.0,1000.0,64.16,53.12,1000.0,19.79,168.04,56.19,1000.0,442.07,"(0.0, 4.614]",0.49,330.0,13.82327,66.08059,4.6,132,5.0,1.0,2.0,14.0,1.0,0.0,1.0,5,5/6,10.91,trunk
5254f5239b7eef35fa928081c276d764,4,231,1.1959665144596652,17.221917808219178,50.0,Recharge Vollan Gjestestue,Norway,365,POINT (19.5593 69.21858),1000.0,1000.0,59.36,1000.0,26.0,20.49,118.79,468.6,1000.0,0.0,0.0,14.0,0.0,44.0,13.0,24.0,1.0,0.0,Recharge,0.0,4.0,0.0,1.0,0.0,0.0,0.0,5.0,1.0,0.0,1.0,1.0,9.0,0.0,1.0,1000.0,71.03,1000.0,97.81,1000.0,1000.0,1000.0,99.48,113.43,1000.0,117.02,499.96,62.06,1000.0,137.01,"(0.0, 4.614]",0.49,367.5,19.5593,69.21858,5.0,133,5.0,5.0,1.0,11.0,0.0,1.0,5.0,5,5/6,118.79,trunk
8eedf3c7f1f6067214e8667cf5f56f11,2,195,1.1934931506849311,17.186301369863013,150.0,YX Røyrvik,Norway,365,POINT (13.55841 64.88649),1000.0,1000.0,105.82,30.86,9.92,1000.0,1000.0,438.38,1000.0,0.0,0.0,23.0,5.0,22.0,0.0,0.0,1.0,0.0,Kople As,1.0,0.0,0.0,0.0,0.0,0.0,1.0,1.0,1.0,0.0,0.0,2.0,6.0,0.0,1.0,94.06,1000.0,1000.0,1000.0,1000.0,1000.0,430.2,430.2,381.12,1000.0,1000.0,144.05,13.37,1000.0,128.61,"(0.0, 4.614]",3.07,285.0,13.55841,64.88649,4.0,134,5.0,1.0,1.0,8.0,1.0,1.0,1.0,6,6/6,1000.0,motorway
57752b6b0ed31f13e0b582c4d4b2be35,4,163,1.1759259259259258,16.933333333333334,225.0,Recharge Spar Storsteinnes,Norway,360,POINT (19.23491 69.23967),1000.0,42.93,85.54,322.42,18.42,346.79,1000.0,1000.0,1000.0,0.0,6.0,14.0,3.0,34.0,3.0,0.0,0.0,0.0,Recharge,0.0,4.0,0.0,1.0,2.0,2.0,0.0,4.0,1.0,1.0,1.0,3.0,9.0,0.0,0.0,1000.0,171.22,1000.0,293.45,315.48,282.58,1000.0,27.41,242.19,116.21,310.41,230.38,205.31,1000.0,1000.0,"(0.0, 4.614]",0.49,407.5,19.23491,69.23967,4.6,135,5.0,4.0,6.0,13.0,0.0,1.0,4.0,5,5/6,42.93,primary
c7b339760ed56053851a3325e6d2a694,2,217,1.137842465753425,16.384931506849316,150.0,Kople YX Brøstadbotn,Norway,365,POINT (17.70315 69.0933),1000.0,1000.0,368.28,24.84,5.9,1000.0,1000.0,273.61,1000.0,0.0,0.0,6.0,2.0,10.0,0.0,0.0,14.0,0.0,Kople As,0.0,0.0,0.0,0.0,0.0,0.0,0.0,1.0,0.0,0.0,0.0,1.0,4.0,0.0,0.0,1000.0,1000.0,1000.0,1000.0,1000.0,1000.0,1000.0,386.88,1000.0,1000.0,1000.0,400.19,0.24,1000.0,1000.0,"(0.0, 4.614]",0.49,60.0,17.70315,69.0933,3.2,136,5.0,1.0,0.0,5.0,0.0,0.0,0.0,2,2/6,1000.0,motorway
57b72ac2c3fc202a506934d3e017b0fb,4,201,1.0402348224513172,14.97938144329897,300.0,Kjøpsvik,Norway,291,POINT (16.3762 68.09834),1000.0,1000.0,11.67,1000.0,1.17,25.88,266.33,287.84,1000.0,0.0,0.0,64.0,0.0,21.0,26.0,14.0,3.0,0.0,Eviny,3.0,1.0,0.0,1.0,0.0,0.0,0.0,2.0,0.0,0.0,0.0,1.0,1.0,0.0,1.0,116.06,198.92,1000.0,156.7,1000.0,1000.0,1000.0,61.55,1000.0,1000.0,1000.0,235.47,345.2,1000.0,188.81,"(0.0, 4.614]",0.49,397.5,16.3762,68.09834,4.0,137,5.0,2.0,0.0,2.0,3.0,1.0,2.0,5,5/6,266.33,trunk
16ec4a631100ed139f5a55a4c00f8904,5,282,1.0334855403348553,14.882191780821918,50.0,Grong Kjøpesenter,Norway,365,POINT (12.31588 64.46449),1000.0,1000.0,6.47,7.19,23.11,1000.0,423.71,9.18,1000.0,0.0,0.0,44.0,19.0,57.0,0.0,8.0,11.0,0.0,Eviny,1.0,4.0,0.0,4.0,2.0,0.0,0.0,2.0,3.0,0.0,1.0,5.0,11.0,2.0,0.0,73.31,94.44,1000.0,108.59,9.51,1000.0,1000.0,105.75,91.85,1000.0,84.54,222.85,41.61,87.76,1000.0,"(0.0, 4.614]",1.96,557.5,12.31588,64.46449,5.8,138,5.0,4.0,7.0,17.0,1.0,4.0,4.0,6,6/6,423.71,trunk
fd0de869e238a09fcff19ea14d716561,2,171,0.9670711233211232,13.925824175824175,50.0,Recharge Shell Balsfjord,Norway,364,POINT (19.55375 69.21543),1000.0,1000.0,54.94,1000.0,13.71,52.26,58.02,55.59,1000.0,0.0,0.0,9.0,0.0,27.0,13.0,22.0,3.0,0.0,Recharge,0.0,3.0,0.0,1.0,0.0,0.0,0.0,5.0,1.0,0.0,1.0,0.0,8.0,0.0,1.0,1000.0,394.05,1000.0,315.44,1000.0,1000.0,1000.0,95.57,309.79,1000.0,303.96,1000.0,3.13,1000.0,283.22,"(0.0, 4.614]",0.49,337.5,19.55375,69.21543,4.6,139,5.0,5.0,1.0,9.0,0.0,1.0,4.0,5,5/6,58.02,trunk
8f1e2ab3f88667cad72a0f3fda9f31c2,2,117,0.824771689497717,11.876712328767123,50.0,Ishavsveien - Maze,Norway,365,POINT (23.66693 69.44374),1000.0,1000.0,1000.0,6.36,13.91,1000.0,464.41,1000.0,1000.0,0.0,0.0,0.0,3.0,15.0,0.0,1.0,0.0,0.0,Kople As,1.0,0.0,0.0,1.0,0.0,0.0,0.0,1.0,0.0,0.0,0.0,0.0,0.0,0.0,1.0,35.77,1000.0,1000.0,35.77,1000.0,1000.0,1000.0,41.27,1000.0,1000.0,1000.0,1000.0,1000.0,1000.0,45.44,"(0.0, 4.614]",0.0,247.5,23.66693,69.44374,3.8,140,5.0,1.0,0.0,0.0,1.0,1.0,1.0,4,4/6,464.41,trunk
47f35e3342b8184abb2cccedc9e36347,4,218,0.6392694063926941,9.205479452054794,180.0,Bunnpris Setermoen,Norway,365,POINT (18.35617 68.87734),1000.0,1000.0,79.67,1000.0,9.96,1000.0,29.54,104.26,1000.0,0.0,0.0,11.0,0.0,43.0,0.0,7.0,7.0,0.0,Eviny,1.0,0.0,0.0,0.0,0.0,0.0,1.0,1.0,1.0,1.0,0.0,0.0,4.0,0.0,0.0,235.51,1000.0,1000.0,1000.0,1000.0,1000.0,63.94,63.94,63.31,189.73,1000.0,1000.0,124.42,1000.0,1000.0,"(0.0, 4.614]",0.49,225.0,18.35617,68.87734,3.6,141,5.0,1.0,2.0,4.0,1.0,1.0,0.0,5,5/6,29.54,trunk
