id,accommodation_count,activities_count,beauty_count,cafe_and_restaurant_count,clothing_count,electronics_count,food_count,grocery_count,hobby_count,home_count,medical_count,public_service_count,service_count,shopping_center_count,religious_count,accommodation_dist,activities_dist,beauty_dist,cafe_and_restaurant_dist,clothing_dist,electronics_dist,food_dist,grocery_dist,hobby_dist,home_dist,medical_dist,public_service_dist,service_dist,shopping_center_dist,religious_dist
63382301d2c136fca3bb93f60d11875d,1.0,0.0,0.0,0.0,0.0,0.0,0.0,0.0,0.0,0.0,0.0,2.0,0.0,0.0,1.0,422.8277962521709,1000.0,1000.0,1000.0,1000.0,1000.0,1000.0,1000.0,1000.0,1000.0,1000.0,55.286808597113186,1000.0,1000.0,290.6932528975217
f6ef637eb61c9095d1e97ed8088b4908,0.0,0.0,0.0,1.0,0.0,0.0,0.0,2.0,0.0,0.0,0.0,1.0,5.0,0.0,0.0,1000.0,1000.0,1000.0,92.51273364109376,1000.0,1000.0,1000.0,24.527583700737477,1000.0,1000.0,1000.0,86.1288156702773,77.04150151505897,1000.0,1000.0
93a9bebd18ba399e34c11d5233ea4620,1.0,11.0,0.0,3.0,1.0,1.0,1.0,2.0,2.0,3.0,1.0,1.0,6.0,0.0,0.0,366.2946731757182,17.277341551092672,1000.0,61.13278190460269,279.67957695160624,275.0239161066962,272.2068134937966,5.035878430012466,173.37414847966556,163.69578454638898,359.23709811209335,130.39858443717554,230.81064670080977,1000.0,1000.0
a3c36c7ef6eb303e39cbfca423bc200e,0.0,0.0,0.0,0.0,0.0,0.0,0.0,0.0,0.0,0.0,0.0,0.0,0.0,0.0,0.0,1000.0,1000.0,1000.0,1000.0,1000.0,1000.0,1000.0,1000.0,1000.0,1000.0,1000.0,1000.0,1000.0,1000.0,1000.0
93dac09bca00923e49bbe7390495798d,0.0,3.0,0.0,1.0,0.0,1.0,0.0,3.0,0.0,3.0,0.0,6.0,31.0,0.0,0.0,1000.0,216.4578983091637,1000.0,99.66157819173252,1000.0,187.12553827045213,1000.0,390.1816283618301,1000.0,100.15417516738572,1000.0,24.385641837009494,2.674106845987006,1000.0,1000.0
638bacbd9f18c016e649b9eee59efa73,0.0,4.0,0.0,1.0,0.0,0.0,0.0,2.0,1.0,0.0,0.0,1.0,3.0,0.0,0.0,1000.0,87.07553017501566,1000.0,72.88402248194622,1000.0,1000.0,1000.0,72.68676252137419,203.13228171706214,1000.0,1000.0,345.1478928627919,25.46720913508728,1000.0,1000.0
b6a00d121568c1323a5e884abbb9c176,1.0,2.0,0.0,0.0,0.0,0.0,0.0,2.0,0.0,0.0,0.0,2.0,4.0,0.0,0.0,374.17394762592096,452.84634312217923,1000.0,1000.0,1000.0,1000.0,1000.0,108.05982597014138,1000.0,1000.0,1000.0,197.42675649349056,33.52856325719144,1000.0,1000.0
bc9a46872bcc6e9497c1c5235c6dd7a8,2.0,6.0,6.0,8.0,28.0,10.0,6.0,11.0,19.0,16.0,5.0,1.0,36.0,5.0,0.0,348.80595418308855,112.87588924250407,64.705138166697,89.42580921628182,60.14637807979941,52.00234230098813,104.25290334062171,85.33950395528227,58.32528108866384,55.103577804315314,53.906407965921154,282.17223132222784,94.79711957329131,59.49163358416953,1000.0
d19ae78cc789f861f848b6b3515d3973,1.0,0.0,0.0,0.0,0.0,0.0,0.0,0.0,0.0,0.0,0.0,0.0,1.0,0.0,0.0,22.697175500773714,1000.0,1000.0,1000.0,1000.0,1000.0,1000.0,1000.0,1000.0,1000.0,1000.0,1000.0,36.09325173361288,1000.0,1000.0
77488afd8aa3d167e8264e60805ad995,0.0,4.0,0.0,3.0,4.0,1.0,4.0,5.0,4.0,4.0,3.0,0.0,12.0,4.0,0.0,1000.0,358.04580676254056,1000.0,78.64407250990956,50.04131999023674,353.9708022587761,23.881212115865683,41.47494626900615,12.023348600735083,64.23467407447164,18.72291021714166,1000.0,41.4016208248782,90.95243838858043,1000.0
7dd1c554e3ecc5b89883ad2a567a8c00,1.0,4.0,0.0,2.0,0.0,0.0,0.0,2.0,1.0,1.0,1.0,2.0,7.0,0.0,1.0,324.02469119454736,160.58105814455712,1000.0,125.19613769751436,1000.0,1000.0,1000.0,65.12361170029163,414.2946067594634,452.46883464669276,82.64870742078219,177.12720243113463,11.16908130420568,1000.0,171.123535723714
7d0208cddba62ef72c77f85145cecc13,0.0,6.0,0.0,1.0,0.0,0.0,0.0,3.0,1.0,4.0,0.0,4.0,13.0,0.0,1.0,1000.0,216.08905757619706,1000.0,343.07187037433636,1000.0,1000.0,1000.0,195.61996155854337,234.59614551740793,327.45407319440443,1000.0,210.7652760892831,43.82459352771012,1000.0,417.2912069253585
84766dc04b47c5f442f3714af593b052,0.0,0.0,0.0,0.0,0.0,0.0,0.0,0.0,0.0,0.0,0.0,0.0,0.0,0.0,0.0,1000.0,1000.0,1000.0,1000.0,1000.0,1000.0,1000.0,1000.0,1000.0,1000.0,1000.0,1000.0,1000.0,1000.0,1000.0
ae2c627dd02355b40b1c5424f380b235,2.0,4.0,0.0,0.0,0.0,0.0,0.0,1.0,1.0,0.0,0.0,3.0,3.0,0.0,0.0,159.3562741303069,43.010409224017515,1000.0,1000.0,1000.0,1000.0,1000.0,1.4385629197505807,66.68253754342486,1000.0,1000.0,91.85983704109267,37.21366651199983,1000.0,1000.0
303e23a20828d3bd51eecda66383e525,0.0,0.0,0.0,0.0,0.0,0.0,0.0,0.0,0.0,0.0,0.0,0.0,0.0,0.0,0.0,1000.0,1000.0,1000.0,1000.0,1000.0,1000.0,1000.0,1000.0,1000.0,1000.0,1000.0,1000.0,1000.0,1000.0,1000.0
a17880ad0d882c4f06f232a83c2d1037,0.0,1.0,0.0,0.0,0.0,0.0,0.0,1.0,1.0,0.0,0.0,0.0,1.0,0.0,0.0,1000.0,265.8248925418986,1000.0,1000.0,1000.0,1000.0,1000.0,21.66360545961347,15.337281812362946,1000.0,1000.0,1000.0,6.5877296721189635,1000.0,1000.0
6dd859991c7faed1367eb49f8abe9231,0.0,0.0,0.0,0.0,0.0,0.0,0.0,0.0,0.0,0.0,0.0,0.0,3.0,0.0,0.0,1000.0,1000.0,1000.0,1000.0,1000.0,1000.0,1000.0,1000.0,1000.0,1000.0,1000.0,1000.0,0.503299158270618,1000.0,1000.0
df4229c822a5349d9867e36e4c6a289c,0.0,2.0,0.0,2.0,0.0,0.0,0.0,1.0,0.0,0.0,0.0,0.0,5.0,0.0,1.0,1000.0,48.03213120121703,1000.0,56.94384949843656,1000.0,1000.0,1000.0,56.280475375227994,1000.0,1000.0,1000.0,1000.0,36.47344707163675,1000.0,303.82703342964965
53c5f0e4462f75ce099dc6b5055fd101,0.0,0.0,0.0,0.0,0.0,0.0,0.0,0.0,0.0,0.0,0.0,0.0,0.0,0.0,0.0,1000.0,1000.0,1000.0,1000.0,1000.0,1000.0,1000.0,1000.0,1000.0,1000.0,1000.0,1000.0,1000.0,1000.0,1000.0
0e6e5d26963b1b83183beb70aadc63d5,2.0,4.0,0.0,5.0,3.0,2.0,2.0,4.0,3.0,6.0,0.0,4.0,20.0,4.0,0.0,376.6016299799088,148.23481732016506,1000.0,208.3920372384392,196.90934522760156,24.883766521895108,193.01795135775296,41.91008755463219,66.42087676404232,53.28651761745673,1000.0,348.63320295948427,43.39577879153386,200.33059952719725,1000.0
47fceadb3a4d4745d2c06158c0dafd9d,2.0,18.0,1.0,16.0,14.0,4.0,5.0,4.0,9.0,8.0,4.0,11.0,53.0,1.0,3.0,104.4896026724343,70.96503437197943,80.4871518762748,72.66552994220937,76.380956037943,73.59302291233547,45.97980554206356,112.77658689472418,71.37273597652799,64.26281876555262,61.45128554702116,200.91564752796324,75.9966685861668,50.74190711694039,231.05011010777693
2c0a1c43ce2b61b2fce6a2a3a7f3856f,0.0,2.0,0.0,0.0,2.0,0.0,0.0,3.0,3.0,0.0,0.0,6.0,4.0,0.0,1.0,1000.0,96.68657669376874,1000.0,1000.0,80.73592545356593,1000.0,1000.0,74.20964778638822,113.09148715349184,1000.0,1000.0,120.71463918832511,84.10115839728196,1000.0,491.5399443245429
bd4bb2002760ffeee11970b085a2cc77,0.0,10.0,0.0,4.0,0.0,2.0,1.0,4.0,1.0,1.0,1.0,9.0,20.0,0.0,1.0,1000.0,167.51596559203412,1000.0,283.88711539311396,1000.0,120.11584404993027,272.4592031008925,75.26865442012698,413.5964803096921,330.7796273666406,160.3901353270242,80.52481965076755,21.605160748801744,1000.0,356.3862521579542
ca229a07bbf1291dee1067adc73e0194,0.0,5.0,0.0,0.0,0.0,1.0,0.0,2.0,1.0,2.0,0.0,6.0,11.0,0.0,1.0,1000.0,361.51086203510323,1000.0,1000.0,1000.0,59.743255695110925,1000.0,86.87691917845217,420.00256501530043,106.8167756117891,1000.0,93.11582190926627,1.5638969731842518,1000.0,318.9862808719737
7d6c6baa493871fdbdb06fc321abb272,2.0,0.0,0.0,0.0,0.0,0.0,0.0,2.0,0.0,0.0,0.0,0.0,3.0,0.0,0.0,79.69881601826414,1000.0,1000.0,1000.0,1000.0,1000.0,1000.0,25.82990834232344,1000.0,1000.0,1000.0,1000.0,0.3581675708474669,1000.0,1000.0
4d2e027600b2ea83462bd18048cd8bfe,0.0,0.0,0.0,0.0,0.0,0.0,0.0,1.0,0.0,0.0,0.0,1.0,4.0,0.0,0.0,1000.0,1000.0,1000.0,1000.0,1000.0,1000.0,1000.0,386.8827140737114,1000.0,1000.0,1000.0,400.18975997515184,0.23612561411059696,1000.0,1000.0
a72260cea22b829cc647c738f06f6064,2.0,0.0,0.0,0.0,0.0,0.0,0.0,0.0,1.0,0.0,0.0,0.0,1.0,1.0,0.0,38.357636829087724,1000.0,1000.0,1000.0,1000.0,1000.0,1000.0,1000.0,278.1689521729553,1000.0,1000.0,1000.0,61.5964813575762,40.28347118976633,1000.0
cb2d5c723eda68efd4251ad33371e360,6.0,15.0,0.0,5.0,0.0,1.0,1.0,2.0,0.0,1.0,0.0,9.0,25.0,0.0,1.0,116.20485979859242,128.6815357793165,1000.0,258.97015291842587,1000.0,128.6815357793165,493.41054393923145,437.6782990748081,1000.0,371.19375814139113,1000.0,217.89454705554243,34.02597691988645,1000.0,162.55435850997372
f232f11904846cfd5f2df752ee4a01aa,6.0,5.0,3.0,9.0,4.0,3.0,3.0,3.0,3.0,3.0,4.0,12.0,21.0,1.0,3.0,262.3772082715523,49.076150931378855,67.32875513166495,64.43657496662364,38.8737241630879,50.127194751476196,52.61869445750044,55.55243568336498,66.8004382629629,46.109672995397744,44.115700797864655,72.30083126083994,60.31234275265393,70.9713411037183,310.5541879248636
e7e0aaf79e62d04f4cc7942ef73f4e9e,0.0,0.0,0.0,0.0,0.0,0.0,0.0,0.0,0.0,0.0,0.0,0.0,0.0,0.0,0.0,1000.0,1000.0,1000.0,1000.0,1000.0,1000.0,1000.0,1000.0,1000.0,1000.0,1000.0,1000.0,1000.0,1000.0,1000.0
31013ee21240556dbc13d39e11e0017e,2.0,3.0,0.0,5.0,2.0,0.0,1.0,2.0,0.0,1.0,0.0,7.0,8.0,0.0,1.0,12.193599404284859,230.23203385696547,1000.0,98.94497740986355,74.62261558206477,1000.0,275.0719389482949,201.75492819808156,1000.0,185.42502558386641,1000.0,139.09186880379522,11.415633748562996,1000.0,416.7094583437681
7c6e05e11c28e57d149dd5655d5356b7,0.0,0.0,0.0,0.0,0.0,0.0,0.0,0.0,0.0,0.0,0.0,0.0,0.0,0.0,0.0,1000.0,1000.0,1000.0,1000.0,1000.0,1000.0,1000.0,1000.0,1000.0,1000.0,1000.0,1000.0,1000.0,1000.0,1000.0
f9c127088677b3ae7f4d795447075d35,0.0,0.0,0.0,0.0,0.0,0.0,0.0,0.0,0.0,0.0,0.0,0.0,0.0,0.0,0.0,1000.0,1000.0,1000.0,1000.0,1000.0,1000.0,1000.0,1000.0,1000.0,1000.0,1000.0,1000.0,1000.0,1000.0,1000.0
e044abcbac71dd92fc7e8ecc4ed07f93,0.0,0.0,0.0,0.0,0.0,0.0,0.0,0.0,0.0,0.0,0.0,0.0,0.0,0.0,0.0,1000.0,1000.0,1000.0,1000.0,1000.0,1000.0,1000.0,1000.0,1000.0,1000.0,1000.0,1000.0,1000.0,1000.0,1000.0
84a696b102c8238ed6f6a0519294892a,0.0,0.0,0.0,0.0,0.0,0.0,0.0,0.0,0.0,0.0,0.0,0.0,0.0,0.0,0.0,1000.0,1000.0,1000.0,1000.0,1000.0,1000.0,1000.0,1000.0,1000.0,1000.0,1000.0,1000.0,1000.0,1000.0,1000.0
2aa9415f4a702f9e10823ca808633b79,0.0,6.0,0.0,1.0,0.0,0.0,0.0,3.0,1.0,4.0,0.0,4.0,13.0,0.0,1.0,1000.0,216.08905757619706,1000.0,343.07187037433636,1000.0,1000.0,1000.0,195.61996155854337,234.59614551740793,327.45407319440443,1000.0,210.7652760892831,43.82459352771012,1000.0,417.2912069253585
02f8f5166b240ad19dcad7453b8f2668,2.0,2.0,0.0,0.0,0.0,0.0,0.0,3.0,2.0,0.0,0.0,1.0,1.0,0.0,0.0,163.579349612026,413.20753621019253,1000.0,1000.0,1000.0,1000.0,1000.0,110.2829121573219,64.57201803684428,1000.0,1000.0,182.73463715179045,23.939090560955506,1000.0,1000.0
f789526ac445984e3c8135c1d17423ef,4.0,28.0,3.0,22.0,11.0,4.0,4.0,9.0,13.0,12.0,4.0,29.0,55.0,1.0,2.0,214.19966284648913,60.8409213611113,97.27929608061775,98.88237133997924,57.680157902206105,103.92764473696754,55.70140267138824,93.84216954198851,55.42753340699014,34.681121400660956,56.44513103556724,150.826982599658,94.4987647714567,63.49626130095447,365.492179894852
bbc97c4ba71332f2ffab1251e50155d3,2.0,3.0,0.0,5.0,2.0,0.0,1.0,2.0,0.0,1.0,0.0,7.0,8.0,0.0,1.0,176.8099503684819,155.27772612074287,1000.0,133.20309447060774,156.93629180372128,1000.0,459.8187545228631,54.54134594309225,1000.0,60.023053627355885,1000.0,155.65408116648996,14.964912002951568,1000.0,334.77851559310966
a93a2e90f0c1e498c030ae4548c1fe8f,0.0,1.0,0.0,0.0,0.0,0.0,0.0,1.0,0.0,0.0,0.0,1.0,0.0,0.0,0.0,1000.0,134.1201600576498,1000.0,1000.0,1000.0,1000.0,1000.0,47.395162183097284,1000.0,1000.0,1000.0,63.734063904097724,1000.0,1000.0,1000.0
4ad0525fd4c60cd6639d7b0675f4e8d0,1.0,0.0,0.0,0.0,0.0,0.0,0.0,0.0,0.0,0.0,0.0,0.0,1.0,0.0,0.0,23.606943479880552,1000.0,1000.0,1000.0,1000.0,1000.0,1000.0,1000.0,1000.0,1000.0,1000.0,1000.0,41.0979980394492,1000.0,1000.0
9b480c73cc2a5e9b705485e4c7a6697d,2.0,4.0,0.0,5.0,3.0,2.0,2.0,4.0,3.0,6.0,0.0,4.0,20.0,4.0,0.0,376.6016299799088,148.23481732016506,1000.0,208.3920372384392,196.90934522760156,24.883766521895108,193.01795135775296,41.91008755463219,66.42087676404232,53.28651761745673,1000.0,348.63320295948427,43.39577879153386,200.33059952719725,1000.0
a8330b99e2c0817b68b70398ca21ea4b,0.0,0.0,0.0,0.0,0.0,0.0,0.0,0.0,0.0,0.0,0.0,0.0,0.0,0.0,0.0,1000.0,1000.0,1000.0,1000.0,1000.0,1000.0,1000.0,1000.0,1000.0,1000.0,1000.0,1000.0,1000.0,1000.0,1000.0
01716bdeedb37b1c6f03492ffb19b51f,2.0,9.0,0.0,12.0,4.0,2.0,1.0,5.0,6.0,4.0,3.0,12.0,20.0,2.0,1.0,63.48967592601113,120.53892979970988,1000.0,55.10364335205539,132.3029374424573,218.77040526570832,413.4024270223771,124.65430440401563,114.64597310978854,124.65430440401563,88.09158362139016,51.06085543520811,65.88511886933232,146.67431911173063,241.95722513340806
6363f0c010b3b8dbe7974c0284bd9f4f,0.0,0.0,0.0,0.0,0.0,0.0,0.0,0.0,0.0,0.0,0.0,0.0,0.0,0.0,0.0,1000.0,1000.0,1000.0,1000.0,1000.0,1000.0,1000.0,1000.0,1000.0,1000.0,1000.0,1000.0,1000.0,1000.0,1000.0
408b9578600d477d89725de1bfe312d4,0.0,0.0,0.0,0.0,0.0,0.0,0.0,0.0,0.0,0.0,0.0,0.0,0.0,0.0,0.0,1000.0,1000.0,1000.0,1000.0,1000.0,1000.0,1000.0,1000.0,1000.0,1000.0,1000.0,1000.0,1000.0,1000.0,1000.0
7c5f671ad294eaf0c5ef3330286a485e,0.0,0.0,0.0,0.0,0.0,0.0,0.0,0.0,0.0,0.0,0.0,0.0,0.0,0.0,0.0,1000.0,1000.0,1000.0,1000.0,1000.0,1000.0,1000.0,1000.0,1000.0,1000.0,1000.0,1000.0,1000.0,1000.0,1000.0
4c258985bcdae96673e50fd6ee746a0f,4.0,2.0,0.0,1.0,1.0,0.0,0.0,1.0,1.0,0.0,0.0,9.0,6.0,0.0,0.0,140.3183710861764,90.45201034166323,1000.0,142.222613757231,69.35083000932187,1000.0,1000.0,153.84345563286146,182.703080000154,1000.0,1000.0,79.72256011234565,35.19377549088755,1000.0,1000.0
02687dbcea9336e264ada304e761bbdd,1.0,3.0,0.0,0.0,2.0,0.0,0.0,1.0,4.0,3.0,1.0,4.0,10.0,0.0,1.0,370.2453447052909,406.7680277154207,1000.0,1000.0,472.2977803478789,1000.0,1000.0,88.29386301013517,108.74822228673034,125.98247590751255,121.68622240448516,254.63466265558444,32.89332486242467,1000.0,398.0364526526913
166276db9f02968c6d62e4f9c46941c4,0.0,1.0,0.0,0.0,0.0,0.0,0.0,1.0,1.0,0.0,0.0,0.0,1.0,0.0,0.0,1000.0,265.8248925418986,1000.0,1000.0,1000.0,1000.0,1000.0,21.66360545961347,15.337281812362946,1000.0,1000.0,1000.0,6.5877296721189635,1000.0,1000.0
619d1cffae00d0a6026700f4853dc97d,1.0,9.0,1.0,4.0,2.0,0.0,1.0,3.0,7.0,5.0,1.0,4.0,13.0,0.0,0.0,30.58416089268664,140.8468334518132,69.27944645935442,126.9381539851996,50.805623008607725,1000.0,202.2967002339237,61.16796142941182,78.97979759437447,80.2776362613308,45.57435493057378,216.6013803648893,45.68952826723869,1000.0,1000.0
c9e1bbdfcc2f9b622ae9db6bfea89fcf,2.0,3.0,0.0,5.0,2.0,0.0,1.0,2.0,0.0,1.0,0.0,7.0,8.0,0.0,1.0,176.8099503684819,155.27772612074287,1000.0,133.20309447060774,156.93629180372128,1000.0,459.8187545228631,54.54134594309225,1000.0,60.023053627355885,1000.0,155.65408116648996,14.964912002951568,1000.0,334.77851559310966
2e2147715e658d975dcbe4aede1e5b74,0.0,0.0,0.0,0.0,0.0,0.0,0.0,0.0,0.0,0.0,0.0,0.0,0.0,0.0,0.0,1000.0,1000.0,1000.0,1000.0,1000.0,1000.0,1000.0,1000.0,1000.0,1000.0,1000.0,1000.0,1000.0,1000.0,1000.0
6fb93712030f4280008a7bdf911d5dc6,2.0,5.0,0.0,0.0,1.0,0.0,0.0,2.0,0.0,0.0,0.0,5.0,8.0,0.0,1.0,75.14578359790193,114.27542967314811,1000.0,1000.0,104.95441699726041,1000.0,1000.0,39.683464076180385,1000.0,1000.0,1000.0,71.92213824596499,45.182522719161945,1000.0,112.63062724281144
ad6804db45f11303ff21a2ce176961d7,1.0,1.0,0.0,0.0,0.0,0.0,0.0,1.0,0.0,0.0,0.0,0.0,4.0,0.0,0.0,343.305171780664,27.24918887037931,1000.0,1000.0,1000.0,1000.0,1000.0,338.43326627895755,1000.0,1000.0,1000.0,1000.0,0.13868797181056478,1000.0,1000.0
1ec25f8ea9579cc00b41f0b5f6f21540,9.0,44.0,5.0,35.0,19.0,3.0,5.0,10.0,8.0,4.0,5.0,33.0,62.0,1.0,4.0,69.20239239833944,163.88141144888658,325.23123618951547,126.68433887144707,332.78611820300296,361.08675558736616,322.638731132308,103.98362234533352,341.8588417569352,437.221633108378,366.6964566512473,0.0,30.65110299553577,466.51483711320685,304.7234620095015
e724eb2e71b901e4d457c4fc9e9eebe7,1.0,0.0,0.0,0.0,0.0,0.0,1.0,1.0,1.0,0.0,0.0,2.0,6.0,0.0,1.0,94.0613031063185,1000.0,1000.0,1000.0,1000.0,1000.0,430.19821128706093,430.19821128706093,381.1245705648396,1000.0,1000.0,144.04900384895774,13.371060120058083,1000.0,128.61257403744986
cbec968fd09486e4e5c2b29c839b178c,0.0,0.0,0.0,0.0,0.0,0.0,0.0,0.0,0.0,0.0,0.0,0.0,0.0,0.0,0.0,1000.0,1000.0,1000.0,1000.0,1000.0,1000.0,1000.0,1000.0,1000.0,1000.0,1000.0,1000.0,1000.0,1000.0,1000.0
338f6ce2681c3f93982a668d67837cfc,0.0,0.0,0.0,0.0,0.0,0.0,0.0,0.0,0.0,0.0,0.0,0.0,0.0,0.0,0.0,1000.0,1000.0,1000.0,1000.0,1000.0,1000.0,1000.0,1000.0,1000.0,1000.0,1000.0,1000.0,1000.0,1000.0,1000.0
2a3ba8312f98687a1e3d6f4ea347e52c,0.0,0.0,0.0,2.0,0.0,0.0,0.0,0.0,0.0,1.0,0.0,3.0,3.0,0.0,0.0,1000.0,1000.0,1000.0,157.20755819216075,1000.0,1000.0,1000.0,1000.0,1000.0,242.57917827712353,1000.0,314.1386659411907,79.63137883976385,1000.0,1000.0
c0d2b4650bf6ac24dd167a3717454ea0,3.0,9.0,0.0,11.0,4.0,3.0,3.0,5.0,6.0,3.0,3.0,9.0,35.0,2.0,0.0,296.2635328705877,70.94909659928474,1000.0,77.74103781820351,173.63495869203817,158.91674100174376,132.6756538345062,138.86911241756465,88.72645505614496,77.94784677919765,198.99021781181753,53.75406700743983,27.010844440710958,209.11270344672621,1000.0
0836733fea85d46fa055c7de3ba40b84,2.0,5.0,0.0,7.0,0.0,1.0,0.0,2.0,4.0,0.0,1.0,3.0,14.0,0.0,2.0,245.3974710396083,117.30680676659293,1000.0,71.61998365825892,1000.0,34.45560723759396,1000.0,51.104110845030654,31.22457096482778,1000.0,29.273162969653463,226.2702720705249,45.70862803429465,1000.0,364.7023974608277
c311a27df7cf9bfa183c541427be43a1,0.0,2.0,0.0,2.0,0.0,0.0,0.0,1.0,0.0,0.0,0.0,0.0,5.0,0.0,1.0,1000.0,48.03213120121703,1000.0,56.94384949843656,1000.0,1000.0,1000.0,56.280475375227994,1000.0,1000.0,1000.0,1000.0,36.47344707163675,1000.0,303.82703342964965
f7757a2347f2d11451bfae0bf4e94237,0.0,2.0,0.0,2.0,1.0,0.0,0.0,5.0,0.0,1.0,1.0,1.0,11.0,0.0,0.0,1000.0,181.00647443953093,1000.0,169.85394585199637,300.0652073247262,1000.0,1000.0,181.00647443953093,1000.0,198.10616939673406,185.96280381226137,181.00647443953093,95.07277260245894,1000.0,1000.0
0185873b6f7c2bab46991612a58594b6,2.0,5.0,0.0,7.0,0.0,1.0,0.0,2.0,4.0,0.0,1.0,3.0,14.0,0.0,2.0,226.07950986122802,135.684778894427,1000.0,7.189486117731219,1000.0,125.46720909641877,1000.0,136.14587297757814,23.835754308890277,1000.0,124.27282066211995,173.96737943786434,0.727957212814508,1000.0,377.0148461970663
fb1ec9df54528942fc7464b04476fe81,1.0,13.0,1.0,8.0,3.0,2.0,1.0,5.0,5.0,4.0,1.0,4.0,27.0,5.0,4.0,258.14138059223563,58.35991371371616,175.57023451896245,26.01942539327315,49.14927721453552,55.46090994454604,338.77889697542827,90.55573771559135,167.31883055830576,176.40332456176927,187.11704885881917,218.2197406087562,99.15736679317963,165.2430086862006,231.75645941605973
254a0b4aa0060cc8f5580d9a7efce3f2,4.0,28.0,3.0,22.0,11.0,4.0,4.0,9.0,13.0,12.0,4.0,29.0,55.0,1.0,2.0,214.19966284648913,60.8409213611113,97.27929608061775,98.88237133997924,57.680157902206105,103.92764473696754,55.70140267138824,93.84216954198851,55.42753340699014,34.681121400660956,56.44513103556724,150.826982599658,94.4987647714567,63.49626130095447,365.492179894852
f3870a14cddc01b6d4f27f18b77618d1,0.0,0.0,0.0,0.0,0.0,0.0,0.0,0.0,0.0,0.0,0.0,0.0,0.0,0.0,0.0,1000.0,1000.0,1000.0,1000.0,1000.0,1000.0,1000.0,1000.0,1000.0,1000.0,1000.0,1000.0,1000.0,1000.0,1000.0
35c10ac30ad1ca52d7849032f6d539d2,3.0,13.0,2.0,13.0,10.0,2.0,1.0,3.0,13.0,1.0,3.0,7.0,41.0,1.0,0.0,60.70155439820283,139.09832030125594,288.4082941716195,51.941232345011976,179.9235295552802,291.4529748509625,410.2820591717515,370.5043956452008,268.3489226861314,254.34134527486458,179.88015815551552,124.08528819908008,140.4334277679827,292.2434938451024,1000.0
9e7e7339ec36310e359323013c94b5da,0.0,0.0,0.0,0.0,0.0,0.0,0.0,0.0,0.0,0.0,0.0,0.0,0.0,0.0,0.0,1000.0,1000.0,1000.0,1000.0,1000.0,1000.0,1000.0,1000.0,1000.0,1000.0,1000.0,1000.0,1000.0,1000.0,1000.0
e2ac043b1bfcb0620188ce7055f0184b,0.0,0.0,0.0,0.0,0.0,0.0,0.0,0.0,0.0,0.0,0.0,0.0,3.0,0.0,0.0,1000.0,1000.0,1000.0,1000.0,1000.0,1000.0,1000.0,1000.0,1000.0,1000.0,1000.0,1000.0,47.16573658624604,1000.0,1000.0
c79304635c809773be36b1a11ce19ab9,1.0,5.0,0.0,1.0,0.0,1.0,3.0,3.0,6.0,6.0,1.0,6.0,19.0,2.0,0.0,489.7679892903805,118.85535696114721,1000.0,491.8802667848466,1000.0,495.0876092395677,123.85306015608883,57.58411457791032,161.55394665651087,201.3238504884,433.2689231344349,211.5108657175915,123.68687259963085,109.23521966881822,1000.0
c3c7884e79d441175ca80895408d802e,0.0,2.0,0.0,2.0,1.0,0.0,0.0,5.0,0.0,1.0,1.0,1.0,11.0,0.0,0.0,1000.0,69.8995197216422,1000.0,89.49629122126355,171.48974648066843,1000.0,1000.0,52.41228371277094,1000.0,107.0579279727474,91.2951371273682,69.8995197216422,13.871088100641705,1000.0,1000.0
4244ef78d62d6368ce54de6e274be224,0.0,4.0,2.0,0.0,0.0,0.0,0.0,2.0,2.0,5.0,2.0,3.0,19.0,0.0,0.0,1000.0,10.29143048380115,90.74227670546448,1000.0,1000.0,1000.0,1000.0,59.34619838332986,68.60573141707268,4.496815920871398,33.715875190832485,344.96360999561176,60.301154309452514,1000.0,1000.0
929ea6fd58d0760ca11d12f482e09a4b,0.0,0.0,0.0,0.0,0.0,0.0,0.0,0.0,0.0,0.0,0.0,0.0,0.0,0.0,0.0,1000.0,1000.0,1000.0,1000.0,1000.0,1000.0,1000.0,1000.0,1000.0,1000.0,1000.0,1000.0,1000.0,1000.0,1000.0
77eb4a0d3b6a0f198ca76a87243c762c,0.0,0.0,0.0,0.0,0.0,0.0,0.0,0.0,0.0,0.0,0.0,0.0,0.0,0.0,0.0,1000.0,1000.0,1000.0,1000.0,1000.0,1000.0,1000.0,1000.0,1000.0,1000.0,1000.0,1000.0,1000.0,1000.0,1000.0
798476b1e96bdeb03254c11f91cd07d4,0.0,0.0,0.0,0.0,0.0,0.0,0.0,0.0,0.0,0.0,0.0,0.0,0.0,0.0,0.0,1000.0,1000.0,1000.0,1000.0,1000.0,1000.0,1000.0,1000.0,1000.0,1000.0,1000.0,1000.0,1000.0,1000.0,1000.0
376f11c79a0280da153fb9ea04946928,0.0,0.0,0.0,0.0,0.0,0.0,0.0,1.0,1.0,0.0,0.0,4.0,2.0,0.0,0.0,1000.0,1000.0,1000.0,1000.0,1000.0,1000.0,1000.0,37.3323066353838,179.7260720910175,1000.0,1000.0,87.4259449785437,78.37581400981291,1000.0,1000.0
6e7e28e598aedc6bf649dee9e980841f,1.0,1.0,0.0,0.0,0.0,0.0,0.0,1.0,0.0,0.0,0.0,0.0,2.0,0.0,0.0,463.6521836287024,463.6659802231134,1000.0,1000.0,1000.0,1000.0,1000.0,37.84742057786085,1000.0,1000.0,1000.0,1000.0,29.46244446724992,1000.0,1000.0
1434428627402f5b7fde67ecfa1ea0b8,1.0,0.0,0.0,0.0,0.0,0.0,0.0,0.0,0.0,0.0,0.0,0.0,1.0,0.0,0.0,23.606943479880552,1000.0,1000.0,1000.0,1000.0,1000.0,1000.0,1000.0,1000.0,1000.0,1000.0,1000.0,41.0979980394492,1000.0,1000.0
d645950917387ec67135e74ce4b34fc0,0.0,2.0,0.0,1.0,0.0,0.0,0.0,2.0,1.0,0.0,0.0,2.0,2.0,0.0,1.0,1000.0,105.11223297649217,1000.0,27.820226574665476,1000.0,1000.0,1000.0,78.44873319467503,359.09572475647616,1000.0,1000.0,45.46565339758843,11.316073424826612,1000.0,433.25604212589707
ac2e8f50444be3cc1ba04183c4ddea5f,0.0,0.0,0.0,0.0,0.0,0.0,0.0,0.0,0.0,0.0,0.0,0.0,0.0,0.0,0.0,1000.0,1000.0,1000.0,1000.0,1000.0,1000.0,1000.0,1000.0,1000.0,1000.0,1000.0,1000.0,1000.0,1000.0,1000.0
6fb8cddf267eb9f34272cb0463acec81,2.0,3.0,0.0,5.0,2.0,0.0,1.0,2.0,0.0,1.0,0.0,7.0,8.0,0.0,1.0,176.8099503684819,155.27772612074287,1000.0,133.20309447060774,156.93629180372128,1000.0,459.8187545228631,54.54134594309225,1000.0,60.023053627355885,1000.0,155.65408116648996,14.964912002951568,1000.0,334.77851559310966
db60c006cfdba2d1f0c47108da25f63e,0.0,0.0,0.0,0.0,0.0,0.0,0.0,0.0,0.0,0.0,0.0,0.0,0.0,0.0,0.0,1000.0,1000.0,1000.0,1000.0,1000.0,1000.0,1000.0,1000.0,1000.0,1000.0,1000.0,1000.0,1000.0,1000.0,1000.0
7a07202bbb65222fea62107aa058798f,0.0,2.0,0.0,1.0,0.0,0.0,0.0,3.0,0.0,1.0,0.0,1.0,1.0,2.0,1.0,1000.0,213.46932065646672,1000.0,86.74591046503548,1000.0,1000.0,1000.0,57.33781289431125,1000.0,236.18714395014698,1000.0,170.85419177929847,213.46932065646672,81.88749295054843,403.9549293400694
619bcd43c2357423a3e7c6f3150d0e0a,1.0,4.0,0.0,0.0,0.0,0.0,0.0,0.0,0.0,0.0,0.0,2.0,1.0,0.0,1.0,316.0226113237968,21.04083439752234,1000.0,1000.0,1000.0,1000.0,1000.0,1000.0,1000.0,1000.0,1000.0,127.07890942173859,214.84376838003067,1000.0,204.7500703482169
1720a6b4711b70b2e4dc436aa0830393,3.0,5.0,0.0,11.0,4.0,2.0,3.0,4.0,6.0,3.0,3.0,8.0,32.0,2.0,0.0,121.82573651039999,63.31788914581656,1000.0,22.84747270941303,11.580371239230917,19.16501191789136,20.022455307434747,17.912982443697597,16.505254387569533,20.55609868312795,26.38731883246927,157.01201908411568,12.153376687218051,9.19922025225771,1000.0
6ce55a58b825a1057c7b763ebb179aa6,0.0,0.0,0.0,0.0,0.0,0.0,0.0,0.0,0.0,0.0,0.0,0.0,0.0,0.0,0.0,1000.0,1000.0,1000.0,1000.0,1000.0,1000.0,1000.0,1000.0,1000.0,1000.0,1000.0,1000.0,1000.0,1000.0,1000.0
a9eaac9d6bd9131f3b2a63ba5243e81d,3.0,3.0,0.0,3.0,0.0,1.0,1.0,2.0,1.0,2.0,0.0,4.0,7.0,0.0,0.0,32.97654492938283,43.332518308320736,1000.0,37.823964326428815,1000.0,364.6246574884401,375.1876436296741,355.1832836505204,298.5855765811455,377.6949671622347,1000.0,221.99097997984347,8.923358263481134,1000.0,1000.0
d49b70854d994779200d5ab9a0c0b68f,1.0,14.0,1.0,8.0,3.0,3.0,1.0,5.0,5.0,4.0,1.0,4.0,28.0,5.0,4.0,41.21564779718019,171.3130206417906,389.31544106974485,92.02776820661924,194.32471194134285,203.80826550543154,428.02567279767516,208.8407765082295,128.25717704515608,85.34152510600414,397.32916617113955,85.97457641235917,84.66096697304035,181.3326982750331,36.92095905480299
c73ce6f9c4708686ee6224cfe829de7a,0.0,2.0,0.0,1.0,0.0,0.0,0.0,1.0,0.0,0.0,0.0,0.0,3.0,0.0,0.0,1000.0,32.385191104538606,1000.0,43.537080020861595,1000.0,1000.0,1000.0,355.749257571663,1000.0,1000.0,1000.0,1000.0,382.994121399203,1000.0,1000.0
7093d36ad48ccaa0de70ef796adc5454,1.0,0.0,0.0,0.0,0.0,0.0,0.0,0.0,0.0,0.0,0.0,0.0,0.0,0.0,0.0,31.935790186754094,1000.0,1000.0,1000.0,1000.0,1000.0,1000.0,1000.0,1000.0,1000.0,1000.0,1000.0,1000.0,1000.0,1000.0
56375d503081c2293356a24adbbc56d7,2.0,6.0,6.0,8.0,28.0,10.0,6.0,11.0,19.0,16.0,5.0,1.0,36.0,5.0,0.0,348.80595418308855,112.87588924250407,64.705138166697,89.42580921628182,60.14637807979941,52.00234230098813,104.25290334062171,85.33950395528227,58.32528108866384,55.103577804315314,53.906407965921154,282.17223132222784,94.79711957329131,59.49163358416953,1000.0
5376f763c089118714f63c70e1582585,0.0,0.0,0.0,0.0,0.0,0.0,0.0,0.0,0.0,0.0,0.0,0.0,0.0,0.0,0.0,1000.0,1000.0,1000.0,1000.0,1000.0,1000.0,1000.0,1000.0,1000.0,1000.0,1000.0,1000.0,1000.0,1000.0,1000.0
ec4b5d401dce2c415758e2725e8e1d71,0.0,16.0,7.0,5.0,15.0,6.0,4.0,9.0,14.0,13.0,3.0,5.0,31.0,6.0,0.0,1000.0,224.6511772313486,257.7865664484433,300.82920637346996,318.07894620767325,318.7195599693884,319.08200054215223,157.11117692251796,230.8890132937623,201.7000211863921,347.30923245122085,204.97739371422,64.26267346059753,237.65076710701123,1000.0
bbad494a592e105f2875e037b6de7352,1.0,0.0,0.0,1.0,0.0,0.0,0.0,1.0,0.0,0.0,0.0,0.0,2.0,0.0,0.0,332.4507048336363,1000.0,1000.0,48.42818388824635,1000.0,1000.0,1000.0,70.81000666519652,1000.0,1000.0,1000.0,1000.0,5.080724666993074,1000.0,1000.0
8f892622702a4778c9029ff7c748d156,0.0,3.0,0.0,1.0,0.0,0.0,0.0,5.0,1.0,0.0,1.0,0.0,8.0,0.0,1.0,1000.0,394.0539828037576,1000.0,315.4440076424302,1000.0,1000.0,1000.0,95.56507000090262,309.78695168998746,1000.0,303.9585646572175,1000.0,3.13123212677717,1000.0,283.2217681189665
13cd2079e0ff654586f470800499f875,3.0,6.0,0.0,3.0,0.0,1.0,1.0,5.0,1.0,3.0,0.0,9.0,9.0,0.0,1.0,205.02742280094455,349.6293408073312,1000.0,177.33361096809878,1000.0,149.5204756267654,16.39814217395496,6.1846519424529305,342.8826014322093,237.40074247712448,1000.0,81.78595634816497,83.30262016060723,1000.0,217.4099095554565
c8aaa1134d72cc9ce5d9471be3de37d6,0.0,0.0,0.0,0.0,0.0,0.0,0.0,0.0,0.0,0.0,0.0,0.0,0.0,0.0,0.0,1000.0,1000.0,1000.0,1000.0,1000.0,1000.0,1000.0,1000.0,1000.0,1000.0,1000.0,1000.0,1000.0,1000.0,1000.0
d57fa2d43730091b7cbbc24aa38a77de,0.0,3.0,0.0,0.0,0.0,0.0,0.0,0.0,0.0,0.0,0.0,2.0,31.0,0.0,0.0,1000.0,289.9028749508068,1000.0,1000.0,1000.0,1000.0,1000.0,1000.0,1000.0,1000.0,1000.0,392.77615325609986,39.935953550242395,1000.0,1000.0
c2b5d88d5a90cb0eec02a491320e59a9,1.0,5.0,0.0,7.0,2.0,2.0,1.0,5.0,2.0,1.0,0.0,3.0,9.0,1.0,0.0,12.736806505841626,33.06798749446199,1000.0,81.30654042152608,103.61126392224115,155.2668013261318,200.1577171198684,102.89420390601566,102.11032032356844,94.06664006237966,1000.0,80.60680948123343,63.30063326912896,101.7179810601245,1000.0
cdbcaab6df0ccbc1652a1a9b5bbcf78d,1.0,4.0,0.0,4.0,2.0,0.0,0.0,1.0,3.0,0.0,1.0,5.0,11.0,2.0,0.0,76.90551512608525,129.7666657551895,1000.0,144.76272472695698,49.84409940510807,1000.0,1000.0,140.76121510590528,124.43132244244742,1000.0,124.86447536908923,256.424190024407,24.8025476353398,122.90221586383048,1000.0
25d57283fcde4814d8bf617185e15cae,0.0,0.0,0.0,0.0,0.0,0.0,0.0,0.0,0.0,0.0,0.0,0.0,2.0,0.0,0.0,1000.0,1000.0,1000.0,1000.0,1000.0,1000.0,1000.0,1000.0,1000.0,1000.0,1000.0,1000.0,0.46778986438801695,1000.0,1000.0
7a227ddffc2473e1010dfad94bd91675,2.0,3.0,0.0,0.0,0.0,0.0,0.0,0.0,0.0,0.0,0.0,0.0,3.0,0.0,0.0,49.62172150177214,68.37245315442762,1000.0,1000.0,1000.0,1000.0,1000.0,1000.0,1000.0,1000.0,1000.0,1000.0,66.57083784162387,1000.0,1000.0
9ef82ea16d46ef75e32e9abe46a8f4b4,0.0,0.0,0.0,0.0,0.0,0.0,0.0,0.0,0.0,0.0,0.0,0.0,0.0,0.0,0.0,1000.0,1000.0,1000.0,1000.0,1000.0,1000.0,1000.0,1000.0,1000.0,1000.0,1000.0,1000.0,1000.0,1000.0,1000.0
65b8bf7137f464bb5d84cc27728840f5,0.0,0.0,0.0,0.0,0.0,0.0,0.0,0.0,0.0,0.0,0.0,0.0,0.0,0.0,0.0,1000.0,1000.0,1000.0,1000.0,1000.0,1000.0,1000.0,1000.0,1000.0,1000.0,1000.0,1000.0,1000.0,1000.0,1000.0
4dc6e58344e66c1988e2ab87fa071d3c,0.0,0.0,0.0,0.0,0.0,0.0,0.0,0.0,0.0,0.0,0.0,0.0,0.0,0.0,0.0,1000.0,1000.0,1000.0,1000.0,1000.0,1000.0,1000.0,1000.0,1000.0,1000.0,1000.0,1000.0,1000.0,1000.0,1000.0
d8cb31d42cab8546a0f41eb8ef0a1cbf,0.0,0.0,0.0,0.0,0.0,0.0,0.0,0.0,0.0,0.0,0.0,0.0,0.0,0.0,0.0,1000.0,1000.0,1000.0,1000.0,1000.0,1000.0,1000.0,1000.0,1000.0,1000.0,1000.0,1000.0,1000.0,1000.0,1000.0
91c07d2b7a1cac0defe9a63e51270907,2.0,2.0,0.0,1.0,0.0,0.0,1.0,2.0,2.0,0.0,0.0,5.0,5.0,0.0,0.0,64.68291033775226,215.35743575435578,1000.0,129.4099620374623,1000.0,1000.0,197.48827310863987,35.57742135293656,67.94383056813494,1000.0,1000.0,64.69884154847195,67.6568186896738,1000.0,1000.0
cae6dc1c62a7c6e04fbce1ec00b13eec,1.0,0.0,0.0,0.0,0.0,0.0,0.0,0.0,0.0,0.0,0.0,0.0,3.0,0.0,0.0,355.6446615315365,1000.0,1000.0,1000.0,1000.0,1000.0,1000.0,1000.0,1000.0,1000.0,1000.0,1000.0,0.17083318150053692,1000.0,1000.0
822ecada5a2c14bde21571c00b49e6fd,0.0,0.0,0.0,0.0,0.0,0.0,0.0,0.0,0.0,0.0,0.0,0.0,0.0,0.0,0.0,1000.0,1000.0,1000.0,1000.0,1000.0,1000.0,1000.0,1000.0,1000.0,1000.0,1000.0,1000.0,1000.0,1000.0,1000.0
acaf6854dcff693da1e754140bd3e020,0.0,7.0,0.0,0.0,0.0,0.0,0.0,1.0,2.0,2.0,0.0,2.0,0.0,0.0,0.0,1000.0,198.39382049277376,1000.0,1000.0,1000.0,1000.0,1000.0,385.51436278663584,320.60270417493285,158.02672859885143,1000.0,268.1318374606054,1000.0,1000.0,1000.0
4538bd2c5c74618b76f439f92c187ece,1.0,2.0,1.0,4.0,4.0,1.0,1.0,2.0,4.0,1.0,0.0,2.0,7.0,1.0,2.0,368.60671411969247,346.09440757287723,460.7803469103678,422.542158678241,442.8362972081007,430.636653053059,487.34229884529435,400.02970052619304,437.75394624960126,486.78111744488746,1000.0,79.22302711824072,9.137000495510318,444.33103971620017,71.71020946851958
b930e540b2ffd316fdc00f59d72f16a4,2.0,1.0,0.0,0.0,0.0,0.0,0.0,0.0,0.0,0.0,0.0,0.0,0.0,0.0,0.0,38.118338366743174,224.5536471430294,1000.0,1000.0,1000.0,1000.0,1000.0,1000.0,1000.0,1000.0,1000.0,1000.0,1000.0,1000.0,1000.0
8369308520a3686dfcf00da2bbc432f0,0.0,4.0,0.0,2.0,0.0,0.0,0.0,1.0,0.0,0.0,0.0,2.0,4.0,0.0,1.0,1000.0,267.05347563818,1000.0,268.39531479760575,1000.0,1000.0,1000.0,44.58930437367393,1000.0,1000.0,1000.0,334.7423489963237,70.75941066910025,1000.0,185.23276567872026
3324b0cd0ee1403f8de33e3d932bce46,2.0,9.0,0.0,11.0,4.0,2.0,1.0,5.0,6.0,4.0,3.0,13.0,20.0,2.0,1.0,46.86401365314988,85.14507881931806,1000.0,41.45990942101333,98.03995972733277,188.75682370507522,387.75260056836095,59.334074965559594,106.66738363191527,106.61694420187482,43.51661815383742,66.4308053433068,24.69316527452463,126.82990950388977,276.33636074660393
0714ad45029cd561d42d821d0b6021bf,0.0,0.0,0.0,1.0,0.0,0.0,0.0,2.0,0.0,0.0,0.0,1.0,5.0,0.0,0.0,1000.0,1000.0,1000.0,92.51273364109376,1000.0,1000.0,1000.0,24.527583700737477,1000.0,1000.0,1000.0,86.1288156702773,77.04150151505897,1000.0,1000.0
ccee725d0028641a185994b7ee2064c0,2.0,1.0,0.0,1.0,0.0,0.0,0.0,1.0,0.0,0.0,0.0,0.0,2.0,0.0,0.0,27.9697586639291,277.14734667908294,1000.0,31.398596223729115,1000.0,1000.0,1000.0,77.4052919774492,1000.0,1000.0,1000.0,1000.0,80.100655681242,1000.0,1000.0
c3e45527b6ebe319ed107752db6b3524,1.0,2.0,0.0,0.0,0.0,0.0,0.0,1.0,3.0,0.0,0.0,1.0,1.0,0.0,0.0,264.4279757711513,183.28058437455948,1000.0,1000.0,1000.0,1000.0,1000.0,21.479225836354136,228.14701180547772,1000.0,1000.0,499.2805573335113,193.58199422912128,1000.0,1000.0
ba697922682c64ab9021e41154332e2e,23.0,62.0,9.0,74.0,24.0,2.0,13.0,14.0,22.0,8.0,9.0,57.0,116.0,2.0,8.0,121.7588273468829,29.099920057614764,2.935536502424734,27.109854302351245,6.5298229194461825,22.443094623013803,44.682312384507576,55.32279719418804,22.71141297857598,23.787278743221897,24.64164029160653,31.289136012429157,20.984731125537202,30.7634584097624,144.57230886919328
86faf378e905f2f327c1414e092d6a04,0.0,0.0,0.0,0.0,0.0,0.0,0.0,0.0,0.0,0.0,0.0,0.0,0.0,0.0,0.0,1000.0,1000.0,1000.0,1000.0,1000.0,1000.0,1000.0,1000.0,1000.0,1000.0,1000.0,1000.0,1000.0,1000.0,1000.0
289e4d885c0673e23a1f615968d3fada,1.0,4.0,0.0,4.0,2.0,0.0,0.0,2.0,3.0,0.0,1.0,5.0,11.0,2.0,0.0,73.30980510489096,94.44251669911898,1000.0,108.58576726258985,9.513461004282577,1000.0,1000.0,105.75030931106389,91.85233492596966,1000.0,84.53881353473781,222.85271334821147,41.60704189518648,87.75775257644268,1000.0
bb195ae56a5c226b80a5199a822785b1,1.0,2.0,0.0,0.0,0.0,0.0,0.0,2.0,0.0,0.0,0.0,2.0,4.0,0.0,0.0,374.17394762592096,452.84634312217923,1000.0,1000.0,1000.0,1000.0,1000.0,108.05982597014138,1000.0,1000.0,1000.0,197.42675649349056,33.52856325719144,1000.0,1000.0
79ffb992c86349b9f456bb72a13e34db,0.0,0.0,0.0,0.0,0.0,0.0,0.0,0.0,0.0,0.0,0.0,0.0,0.0,0.0,0.0,1000.0,1000.0,1000.0,1000.0,1000.0,1000.0,1000.0,1000.0,1000.0,1000.0,1000.0,1000.0,1000.0,1000.0,1000.0
307a24b0611fae9331c688aefc6b341a,1.0,11.0,0.0,3.0,1.0,1.0,1.0,2.0,2.0,3.0,1.0,1.0,6.0,0.0,0.0,366.2946731757182,17.277341551092672,1000.0,61.13278190460269,279.67957695160624,275.0239161066962,272.2068134937966,5.035878430012466,173.37414847966556,163.69578454638898,359.23709811209335,130.39858443717554,230.81064670080977,1000.0,1000.0
d43dc3508961671399603327ba01de61,1.0,1.0,0.0,0.0,0.0,0.0,0.0,1.0,0.0,0.0,0.0,0.0,1.0,0.0,0.0,192.08514608288007,168.7482425999773,1000.0,1000.0,1000.0,1000.0,1000.0,52.24031812075545,1000.0,1000.0,1000.0,1000.0,26.091571092921406,1000.0,1000.0
cd8df4a55f55b19eacf1782569bbc0ad,2.0,0.0,0.0,0.0,0.0,0.0,0.0,0.0,1.0,0.0,0.0,0.0,1.0,1.0,0.0,38.357636829087724,1000.0,1000.0,1000.0,1000.0,1000.0,1000.0,1000.0,278.1689521729553,1000.0,1000.0,1000.0,61.5964813575762,40.28347118976633,1000.0
1829497bb8b1701701f07ae88a24b628,0.0,0.0,0.0,0.0,0.0,0.0,0.0,3.0,0.0,2.0,0.0,1.0,12.0,0.0,0.0,1000.0,1000.0,1000.0,1000.0,1000.0,1000.0,1000.0,136.54916418587618,1000.0,82.68028265730925,1000.0,298.38538768673936,1.622352440106683,1000.0,1000.0
3d7d33f78a49818547921ec413f069ac,0.0,0.0,0.0,0.0,0.0,0.0,0.0,0.0,0.0,0.0,0.0,0.0,0.0,0.0,0.0,1000.0,1000.0,1000.0,1000.0,1000.0,1000.0,1000.0,1000.0,1000.0,1000.0,1000.0,1000.0,1000.0,1000.0,1000.0
0b8b58f3524dc21a9bb5120813aa05ec,1.0,5.0,0.0,7.0,2.0,1.0,0.0,2.0,1.0,3.0,2.0,3.0,5.0,0.0,0.0,51.55909361576609,50.20697313052733,1000.0,49.017362919692474,85.86651414795055,137.73799969743342,1000.0,11.929072440640827,69.45343052078252,202.79755391968112,140.6365677565849,230.76165796782888,53.11360146264082,1000.0,1000.0
c18ea35605b0b649ca188b37f14c7655,1.0,0.0,0.0,0.0,0.0,0.0,0.0,0.0,0.0,0.0,0.0,0.0,3.0,0.0,0.0,355.6446615315365,1000.0,1000.0,1000.0,1000.0,1000.0,1000.0,1000.0,1000.0,1000.0,1000.0,1000.0,0.17083318150053692,1000.0,1000.0
a96bfcf189116bff986b6383b74b031b,0.0,0.0,0.0,0.0,0.0,0.0,0.0,0.0,0.0,0.0,0.0,0.0,0.0,0.0,0.0,1000.0,1000.0,1000.0,1000.0,1000.0,1000.0,1000.0,1000.0,1000.0,1000.0,1000.0,1000.0,1000.0,1000.0,1000.0
7204d42e751f5c1ae399f508701e025d,0.0,0.0,0.0,0.0,0.0,0.0,0.0,0.0,0.0,0.0,0.0,0.0,0.0,0.0,0.0,1000.0,1000.0,1000.0,1000.0,1000.0,1000.0,1000.0,1000.0,1000.0,1000.0,1000.0,1000.0,1000.0,1000.0,1000.0
9f2d46f2144061316a2e45bc07183784,3.0,5.0,0.0,11.0,4.0,2.0,3.0,4.0,6.0,3.0,3.0,8.0,32.0,2.0,0.0,121.82573651039999,63.31788914581656,1000.0,22.84747270941303,11.580371239230917,19.16501191789136,20.022455307434747,17.912982443697597,16.505254387569533,20.55609868312795,26.38731883246927,157.01201908411568,12.153376687218051,9.19922025225771,1000.0
1bb53deee20ba263139c33f292cec50c,0.0,0.0,0.0,0.0,0.0,0.0,0.0,0.0,0.0,0.0,0.0,0.0,0.0,0.0,0.0,1000.0,1000.0,1000.0,1000.0,1000.0,1000.0,1000.0,1000.0,1000.0,1000.0,1000.0,1000.0,1000.0,1000.0,1000.0
65479b9596278b7c5892412b2575aaf4,2.0,5.0,0.0,1.0,0.0,0.0,0.0,2.0,1.0,0.0,0.0,7.0,7.0,0.0,0.0,182.03546521144497,39.85236234521302,1000.0,120.38471925149022,1000.0,1000.0,1000.0,46.102344926672416,98.64844695182353,1000.0,1000.0,98.27574850508063,47.29144592639117,1000.0,1000.0
2a2318dd0d79b54254e8518d66c11f9b,0.0,6.0,0.0,1.0,0.0,0.0,0.0,3.0,1.0,4.0,0.0,4.0,13.0,0.0,1.0,1000.0,216.08905757619706,1000.0,343.07187037433636,1000.0,1000.0,1000.0,195.61996155854337,234.59614551740793,327.45407319440443,1000.0,210.7652760892831,43.82459352771012,1000.0,417.2912069253585
f8162abc56c35b50b1208ed3979ad76e,1.0,0.0,0.0,0.0,0.0,0.0,0.0,0.0,0.0,0.0,0.0,0.0,0.0,0.0,1.0,150.28627111674356,1000.0,1000.0,1000.0,1000.0,1000.0,1000.0,1000.0,1000.0,1000.0,1000.0,1000.0,1000.0,1000.0,164.61115044646277
95c8892eee74854e196139bdfefa7c8c,2.0,2.0,0.0,0.0,0.0,0.0,0.0,1.0,0.0,0.0,0.0,0.0,2.0,0.0,1.0,41.026868074579184,93.40812737856513,1000.0,1000.0,1000.0,1000.0,1000.0,55.68030691982469,1000.0,1000.0,1000.0,1000.0,59.9794739439364,1000.0,317.32316530319076
2b92d930e6e49e8d2a4df1cd9a2f5214,0.0,2.0,0.0,1.0,0.0,0.0,0.0,3.0,0.0,1.0,2.0,3.0,5.0,0.0,0.0,1000.0,154.53301631460863,1000.0,116.56492700842337,1000.0,1000.0,1000.0,48.813984563202396,1000.0,79.60826054926859,34.270452586718065,248.90114917907997,27.14498893287973,1000.0,1000.0
57028db69a1e97120b34bb64f6860af2,0.0,16.0,7.0,5.0,15.0,6.0,4.0,9.0,14.0,13.0,3.0,5.0,31.0,6.0,0.0,1000.0,224.6511772313486,257.7865664484433,300.82920637346996,318.07894620767325,318.7195599693884,319.08200054215223,157.11117692251796,230.8890132937623,201.7000211863921,347.30923245122085,204.97739371422,64.26267346059753,237.65076710701123,1000.0
c3c10eef0d447fa0ddf70a3a4d7a6af6,0.0,2.0,0.0,2.0,1.0,0.0,0.0,5.0,0.0,1.0,1.0,1.0,11.0,0.0,0.0,1000.0,69.8995197216422,1000.0,89.49629122126355,171.48974648066843,1000.0,1000.0,52.41228371277094,1000.0,107.0579279727474,91.2951371273682,69.8995197216422,13.871088100641705,1000.0,1000.0
463b94cc2ce55ef4fb190707a604e344,2.0,5.0,0.0,7.0,0.0,1.0,0.0,2.0,4.0,0.0,1.0,3.0,14.0,0.0,2.0,226.07950986122802,135.684778894427,1000.0,7.189486117731219,1000.0,125.46720909641877,1000.0,136.14587297757814,23.835754308890277,1000.0,124.27282066211995,173.96737943786434,0.727957212814508,1000.0,377.0148461970663
983fc5a916c5e62855de110a3958dcec,1.0,1.0,0.0,0.0,0.0,0.0,0.0,0.0,0.0,0.0,0.0,0.0,0.0,0.0,0.0,31.58282919066965,38.054265902251686,1000.0,1000.0,1000.0,1000.0,1000.0,1000.0,1000.0,1000.0,1000.0,1000.0,1000.0,1000.0,1000.0
ccf249ccad41679e40f8a9781366ae91,2.0,2.0,0.0,0.0,0.0,0.0,0.0,3.0,2.0,0.0,0.0,1.0,1.0,0.0,0.0,163.579349612026,413.20753621019253,1000.0,1000.0,1000.0,1000.0,1000.0,110.2829121573219,64.57201803684428,1000.0,1000.0,182.73463715179045,23.939090560955506,1000.0,1000.0
e3c5fc50849142922e09fecc04723264,0.0,0.0,0.0,0.0,0.0,0.0,0.0,0.0,0.0,0.0,0.0,0.0,0.0,0.0,0.0,1000.0,1000.0,1000.0,1000.0,1000.0,1000.0,1000.0,1000.0,1000.0,1000.0,1000.0,1000.0,1000.0,1000.0,1000.0
17692c617be947929e27b091ddcda7a6,0.0,2.0,0.0,1.0,0.0,0.0,0.0,4.0,0.0,2.0,0.0,2.0,3.0,0.0,0.0,1000.0,210.05120546970358,1000.0,312.08455482061794,1000.0,1000.0,1000.0,209.3170363958875,1000.0,307.9409936730035,1000.0,346.8092315748567,35.131164098323595,1000.0,1000.0
c4279639e4eeb7bb748720d41deaefe8,2.0,0.0,0.0,0.0,0.0,0.0,0.0,0.0,1.0,0.0,0.0,0.0,1.0,1.0,0.0,77.20892214492707,1000.0,1000.0,1000.0,1000.0,1000.0,1000.0,1000.0,320.2991441711573,1000.0,1000.0,1000.0,101.75251342123565,76.01263379121352,1000.0
47258368554d425f410db466af7b909b,0.0,4.0,0.0,1.0,0.0,0.0,0.0,5.0,1.0,0.0,1.0,1.0,9.0,0.0,1.0,1000.0,109.13856707305318,1000.0,47.30801412532195,1000.0,1000.0,1000.0,37.70690341639988,51.434786952694836,1000.0,84.35514863518728,468.1880728977759,0.5899348619830485,1000.0,76.49318495144354
220df1737c89a16b63db9e16f1623f9a,1.0,2.0,0.0,0.0,0.0,0.0,0.0,1.0,0.0,0.0,0.0,1.0,0.0,0.0,0.0,201.57555111069058,462.8047911703368,1000.0,1000.0,1000.0,1000.0,1000.0,441.7884744773844,1000.0,1000.0,1000.0,262.4053894188022,1000.0,1000.0,1000.0
23c761dd9c49d89164a0d91da9ebf73c,0.0,0.0,0.0,0.0,0.0,0.0,0.0,3.0,0.0,2.0,0.0,1.0,12.0,0.0,0.0,1000.0,1000.0,1000.0,1000.0,1000.0,1000.0,1000.0,22.738584159403555,1000.0,142.23553766237703,1000.0,197.6650603106351,2.319609759995077,1000.0,1000.0
9a076d6b7b114967c78576e070ce5a0c,0.0,2.0,0.0,2.0,1.0,0.0,0.0,5.0,0.0,1.0,1.0,1.0,11.0,0.0,0.0,1000.0,181.00647443953093,1000.0,169.85394585199637,300.0652073247262,1000.0,1000.0,181.00647443953093,1000.0,198.10616939673406,185.96280381226137,181.00647443953093,95.07277260245894,1000.0,1000.0
29923690c97a2154afdd6f925d6f25ef,0.0,3.0,0.0,1.0,0.0,0.0,0.0,5.0,1.0,0.0,1.0,0.0,8.0,0.0,1.0,1000.0,394.0539828037576,1000.0,315.4440076424302,1000.0,1000.0,1000.0,95.56507000090262,309.78695168998746,1000.0,303.9585646572175,1000.0,3.13123212677717,1000.0,283.2217681189665
37afdb9ab9c570b1ce77987083c083db,0.0,0.0,0.0,0.0,0.0,0.0,0.0,0.0,0.0,0.0,0.0,0.0,0.0,0.0,0.0,1000.0,1000.0,1000.0,1000.0,1000.0,1000.0,1000.0,1000.0,1000.0,1000.0,1000.0,1000.0,1000.0,1000.0,1000.0
601ac60091ee898ea5d9cba83c82fa59,4.0,2.0,0.0,1.0,1.0,0.0,0.0,1.0,1.0,0.0,0.0,9.0,6.0,0.0,0.0,140.3183710861764,90.45201034166323,1000.0,142.222613757231,69.35083000932187,1000.0,1000.0,153.84345563286146,182.703080000154,1000.0,1000.0,79.72256011234565,35.19377549088755,1000.0,1000.0
9e391581f1773862b1647c8a1be5ba6b,0.0,2.0,0.0,2.0,1.0,0.0,0.0,5.0,0.0,1.0,1.0,1.0,11.0,0.0,0.0,1000.0,109.74869974198413,1000.0,112.28041550649317,228.21256116010457,1000.0,1000.0,109.74869974198413,1000.0,138.79290722356197,124.01773693501967,109.74869974198413,31.37864791345529,1000.0,1000.0
b26ef3be6f1884d5426394e0f7c41bc0,0.0,4.0,0.0,0.0,0.0,0.0,0.0,0.0,1.0,1.0,0.0,6.0,2.0,0.0,0.0,1000.0,100.86736446429751,1000.0,1000.0,1000.0,1000.0,1000.0,1000.0,451.29867328696173,336.25659114380477,1000.0,32.0644583137291,2.2230109506282814,1000.0,1000.0
988a39746e6f8110fd8b2fa06b200a43,0.0,3.0,0.0,0.0,0.0,0.0,0.0,0.0,0.0,0.0,0.0,1.0,0.0,0.0,0.0,1000.0,367.95283327736126,1000.0,1000.0,1000.0,1000.0,1000.0,1000.0,1000.0,1000.0,1000.0,161.64225251849885,1000.0,1000.0,1000.0
3336ab7244f6bc570d75621a021b94bd,0.0,1.0,0.0,0.0,0.0,0.0,0.0,0.0,0.0,0.0,0.0,0.0,0.0,0.0,0.0,1000.0,94.76845772850335,1000.0,1000.0,1000.0,1000.0,1000.0,1000.0,1000.0,1000.0,1000.0,1000.0,1000.0,1000.0,1000.0
5fd7c79f91a0778e2af7eee19d109446,1.0,0.0,0.0,1.0,0.0,0.0,0.0,1.0,0.0,0.0,0.0,0.0,0.0,0.0,1.0,35.77360548271157,1000.0,1000.0,35.77360548271157,1000.0,1000.0,1000.0,41.26641060259014,1000.0,1000.0,1000.0,1000.0,1000.0,1000.0,45.43514607572679
464e7b2ab3ac5510b6977621b87fd0ca,1.0,4.0,0.0,7.0,2.0,1.0,0.0,2.0,1.0,1.0,2.0,0.0,5.0,0.0,0.0,329.4197061931357,321.4612708430653,1000.0,254.5865252688395,358.797345085099,167.63914596353445,1000.0,70.99879358018772,197.30516122268733,481.9927816081244,418.48500759136624,1000.0,248.72813766806905,1000.0,1000.0
e63329a6a6c5543d7184609bc4cd4768,0.0,2.0,0.0,0.0,1.0,0.0,0.0,1.0,0.0,0.0,0.0,4.0,3.0,0.0,0.0,1000.0,100.33925827125148,1000.0,1000.0,191.39959973731234,1000.0,1000.0,98.76123986131873,1000.0,1000.0,1000.0,24.14503517701812,19.786754760752594,1000.0,1000.0
3b63c81cea02635b1e34c636336c1d2b,2.0,1.0,0.0,0.0,0.0,0.0,0.0,0.0,0.0,0.0,0.0,0.0,0.0,0.0,0.0,38.118338366743174,224.5536471430294,1000.0,1000.0,1000.0,1000.0,1000.0,1000.0,1000.0,1000.0,1000.0,1000.0,1000.0,1000.0,1000.0
e4d40bd6caa8adbe8fa0242d36cb9cca,3.0,3.0,0.0,3.0,0.0,1.0,1.0,2.0,1.0,2.0,0.0,4.0,7.0,0.0,0.0,32.97654492938283,43.332518308320736,1000.0,37.823964326428815,1000.0,364.6246574884401,375.1876436296741,355.1832836505204,298.5855765811455,377.6949671622347,1000.0,221.99097997984347,8.923358263481134,1000.0,1000.0
9e61290f6990393311c24f46e150139e,1.0,3.0,0.0,0.0,0.0,0.0,0.0,2.0,0.0,0.0,0.0,5.0,1.0,0.0,0.0,222.5373916835674,131.94802010157082,1000.0,1000.0,1000.0,1000.0,1000.0,137.37871649024976,1000.0,1000.0,1000.0,201.7032018096326,71.68357173002589,1000.0,1000.0
2383425b7d496ff065b650bba4989c12,2.0,0.0,0.0,0.0,0.0,0.0,0.0,0.0,0.0,0.0,0.0,0.0,0.0,0.0,0.0,22.397290595563224,1000.0,1000.0,1000.0,1000.0,1000.0,1000.0,1000.0,1000.0,1000.0,1000.0,1000.0,1000.0,1000.0,1000.0
da838e4832b899bb2b0c7e6fb2db7cb0,0.0,0.0,0.0,0.0,0.0,0.0,0.0,0.0,0.0,0.0,0.0,0.0,0.0,0.0,0.0,1000.0,1000.0,1000.0,1000.0,1000.0,1000.0,1000.0,1000.0,1000.0,1000.0,1000.0,1000.0,1000.0,1000.0,1000.0
74cf065a20babb836488b65682cdb740,0.0,1.0,0.0,1.0,0.0,0.0,0.0,2.0,4.0,2.0,2.0,1.0,8.0,1.0,1.0,1000.0,271.03042921118015,1000.0,278.33116664462904,1000.0,1000.0,1000.0,269.3164550301514,176.71764716997083,283.40571026782135,288.53456860771894,314.9554944950208,30.841957033424258,302.9083473280742,293.0846494025606
68145c83c094261657d10bdeda3bbf80,1.0,5.0,0.0,2.0,0.0,0.0,0.0,1.0,0.0,0.0,0.0,0.0,1.0,0.0,1.0,171.6771165546135,88.63586299346359,1000.0,175.20223994283023,1000.0,1000.0,1000.0,19.38858431466688,1000.0,1000.0,1000.0,1000.0,3.5328850510119527,1000.0,157.7922333952298
70a43de8cb4cba29206ec2c7bf24c96d,1.0,1.0,0.0,2.0,0.0,0.0,0.0,1.0,0.0,0.0,0.0,0.0,1.0,0.0,1.0,324.86008751399027,340.2225268925714,1000.0,29.57244112077014,1000.0,1000.0,1000.0,23.054582492596627,1000.0,1000.0,1000.0,1000.0,50.072812296427074,1000.0,146.47432229849844
f341be7b42df113d71906936dcdbcef4,0.0,0.0,0.0,0.0,0.0,0.0,0.0,0.0,0.0,0.0,0.0,0.0,2.0,0.0,0.0,1000.0,1000.0,1000.0,1000.0,1000.0,1000.0,1000.0,1000.0,1000.0,1000.0,1000.0,1000.0,29.487336936427855,1000.0,1000.0
4ee262cfb2ba4566a05655629a518d2c,0.0,0.0,0.0,0.0,0.0,0.0,0.0,0.0,0.0,0.0,0.0,0.0,0.0,0.0,0.0,1000.0,1000.0,1000.0,1000.0,1000.0,1000.0,1000.0,1000.0,1000.0,1000.0,1000.0,1000.0,1000.0,1000.0,1000.0
d335dac8c2f0747b6ad2c2021b030f0b,0.0,1.0,0.0,0.0,0.0,0.0,0.0,1.0,0.0,0.0,0.0,0.0,3.0,0.0,0.0,1000.0,234.41093198621806,1000.0,1000.0,1000.0,1000.0,1000.0,107.75865665525497,1000.0,1000.0,1000.0,1000.0,2.874473023270459,1000.0,1000.0
4a66298e15c6983dd6ffb2e3e0a780a3,0.0,0.0,0.0,0.0,0.0,0.0,0.0,0.0,0.0,0.0,0.0,0.0,0.0,0.0,0.0,1000.0,1000.0,1000.0,1000.0,1000.0,1000.0,1000.0,1000.0,1000.0,1000.0,1000.0,1000.0,1000.0,1000.0,1000.0
6104519029d1ad716b4b9171068a0613,2.0,4.0,0.0,0.0,0.0,0.0,0.0,1.0,1.0,0.0,0.0,3.0,3.0,0.0,0.0,159.3562741303069,43.010409224017515,1000.0,1000.0,1000.0,1000.0,1000.0,1.4385629197505807,66.68253754342486,1000.0,1000.0,91.85983704109267,37.21366651199983,1000.0,1000.0
410eb19aef80f189b84a52625d58e56c,1.0,5.0,0.0,7.0,2.0,2.0,1.0,5.0,2.0,1.0,0.0,3.0,9.0,1.0,0.0,12.736806505841626,33.06798749446199,1000.0,81.30654042152608,103.61126392224115,155.2668013261318,200.1577171198684,102.89420390601566,102.11032032356844,94.06664006237966,1000.0,80.60680948123343,63.30063326912896,101.7179810601245,1000.0
9d38b3952aeef181216942362270143a,0.0,0.0,0.0,0.0,0.0,0.0,0.0,3.0,0.0,2.0,0.0,1.0,12.0,0.0,0.0,1000.0,1000.0,1000.0,1000.0,1000.0,1000.0,1000.0,136.54916418587618,1000.0,82.68028265730925,1000.0,298.38538768673936,1.622352440106683,1000.0,1000.0
98dc86c6cc3f2e44bdfaffd83895dab8,0.0,2.0,0.0,2.0,0.0,0.0,0.0,5.0,0.0,0.0,0.0,0.0,6.0,0.0,1.0,1000.0,359.43342078673584,1000.0,423.198482501645,1000.0,1000.0,1000.0,58.91084571746728,1000.0,1000.0,1000.0,1000.0,50.444914839506296,1000.0,283.6824617378782
518810656794f00b2f42becf613c3882,2.0,5.0,0.0,7.0,0.0,1.0,0.0,2.0,4.0,0.0,1.0,1.0,14.0,0.0,0.0,91.1628575956893,244.09429248600998,1000.0,66.31115375805854,1000.0,154.02320340246706,1000.0,141.42978552863025,143.89265121625897,1000.0,163.0187274874939,130.94179488292292,24.384877136631097,1000.0,1000.0
5d8935113b804dee8233488cbc611ee0,2.0,0.0,0.0,0.0,0.0,0.0,0.0,0.0,1.0,0.0,0.0,0.0,1.0,1.0,0.0,128.08343088765815,1000.0,1000.0,1000.0,1000.0,1000.0,1000.0,1000.0,161.20860191485943,1000.0,1000.0,1000.0,103.9260528069889,129.4838015086048,1000.0
ef95881f3e97c8cfc77adce90a2a8920,1.0,4.0,0.0,2.0,0.0,0.0,0.0,2.0,1.0,1.0,1.0,2.0,7.0,0.0,1.0,324.02469119454736,160.58105814455712,1000.0,125.19613769751436,1000.0,1000.0,1000.0,65.12361170029163,414.2946067594634,452.46883464669276,82.64870742078219,177.12720243113463,11.16908130420568,1000.0,171.123535723714
d96feda08c6dc9de32d3227fcb609168,0.0,2.0,0.0,1.0,0.0,0.0,0.0,4.0,0.0,2.0,0.0,2.0,3.0,0.0,0.0,1000.0,210.05120546970358,1000.0,312.08455482061794,1000.0,1000.0,1000.0,209.3170363958875,1000.0,307.9409936730035,1000.0,346.8092315748567,35.131164098323595,1000.0,1000.0
d56c1f4e74edf6b0808ea7e68e5516b3,23.0,62.0,9.0,74.0,24.0,2.0,13.0,14.0,22.0,8.0,9.0,57.0,116.0,2.0,8.0,121.7588273468829,29.099920057614764,2.935536502424734,27.109854302351245,6.5298229194461825,22.443094623013803,44.682312384507576,55.32279719418804,22.71141297857598,23.787278743221897,24.64164029160653,31.289136012429157,20.984731125537202,30.7634584097624,144.57230886919328
b2bb1aa98c829ccb21f7ae6b7a085369,0.0,1.0,0.0,0.0,0.0,0.0,0.0,0.0,0.0,0.0,0.0,0.0,4.0,0.0,0.0,1000.0,459.4109859309428,1000.0,1000.0,1000.0,1000.0,1000.0,1000.0,1000.0,1000.0,1000.0,1000.0,0.4719502703500792,1000.0,1000.0
f9c13b5c5fc52952ab4744e8850d7a13,0.0,0.0,0.0,0.0,0.0,0.0,0.0,0.0,0.0,0.0,0.0,0.0,0.0,0.0,0.0,1000.0,1000.0,1000.0,1000.0,1000.0,1000.0,1000.0,1000.0,1000.0,1000.0,1000.0,1000.0,1000.0,1000.0,1000.0
dac19894655dcb5f6702e1471aa2e261,1.0,0.0,0.0,0.0,0.0,0.0,0.0,0.0,0.0,0.0,0.0,0.0,0.0,0.0,0.0,31.935790186754094,1000.0,1000.0,1000.0,1000.0,1000.0,1000.0,1000.0,1000.0,1000.0,1000.0,1000.0,1000.0,1000.0,1000.0
32e82c4be863f8ef2e7e5bab37969c7b,0.0,2.0,0.0,1.0,0.0,0.0,0.0,2.0,4.0,5.0,2.0,2.0,5.0,1.0,1.0,1000.0,270.8082000957192,1000.0,198.08881306233653,1000.0,1000.0,1000.0,177.0317421768352,187.2208770414422,126.59933182727414,187.67296608766765,259.9178940344879,47.02674619106308,177.84579022406197,258.5599290735302
f0af9ddc6fa573d60ec6cfa42ffb1393,1.0,0.0,0.0,0.0,0.0,0.0,0.0,0.0,0.0,0.0,0.0,0.0,1.0,0.0,0.0,22.697175500773714,1000.0,1000.0,1000.0,1000.0,1000.0,1000.0,1000.0,1000.0,1000.0,1000.0,1000.0,36.09325173361288,1000.0,1000.0
dd996a15f71b7b46fe02ede3353f4431,0.0,1.0,0.0,0.0,0.0,0.0,0.0,1.0,0.0,0.0,0.0,0.0,1.0,0.0,0.0,1000.0,107.65535239748837,1000.0,1000.0,1000.0,1000.0,1000.0,33.77673855820993,1000.0,1000.0,1000.0,1000.0,139.52162050735754,1000.0,1000.0
fbd3a07e8ddf39be48f2b5f371b31ef6,0.0,2.0,0.0,2.0,1.0,0.0,0.0,5.0,0.0,1.0,1.0,1.0,11.0,0.0,0.0,1000.0,109.74869974198413,1000.0,112.28041550649317,228.21256116010457,1000.0,1000.0,109.74869974198413,1000.0,138.79290722356197,124.01773693501967,109.74869974198413,31.37864791345529,1000.0,1000.0
b4549728e963405a61a6c466170361e7,2.0,0.0,0.0,0.0,0.0,0.0,0.0,2.0,0.0,0.0,0.0,0.0,3.0,0.0,0.0,79.69881601826414,1000.0,1000.0,1000.0,1000.0,1000.0,1000.0,25.82990834232344,1000.0,1000.0,1000.0,1000.0,0.3581675708474669,1000.0,1000.0
8dc9776fc0bb1120700cbdfdbb927d84,2.0,0.0,0.0,2.0,0.0,0.0,1.0,2.0,0.0,0.0,0.0,6.0,2.0,0.0,0.0,127.9836220267257,1000.0,1000.0,128.65878470846232,1000.0,1000.0,297.9788445338498,35.234428924019106,1000.0,1000.0,1000.0,67.64469140132618,127.9836220267257,1000.0,1000.0
79c20abc77e32c6055f63117933b8261,0.0,1.0,0.0,0.0,0.0,0.0,0.0,1.0,0.0,0.0,0.0,0.0,3.0,0.0,0.0,1000.0,234.41093198621806,1000.0,1000.0,1000.0,1000.0,1000.0,107.75865665525497,1000.0,1000.0,1000.0,1000.0,2.874473023270459,1000.0,1000.0
e023c348a1dd3416b96369cc3d9b7051,0.0,5.0,0.0,1.0,0.0,1.0,0.0,1.0,0.0,3.0,0.0,6.0,29.0,0.0,0.0,1000.0,34.97862375524709,1000.0,125.18570550701786,1000.0,136.54393050080705,1000.0,276.9711182232151,1000.0,116.55919388685493,1000.0,109.46410571667329,28.95991478059176,1000.0,1000.0
ae4c8818488f5c8a264f778fce5e4de0,1.0,0.0,0.0,0.0,0.0,0.0,0.0,1.0,2.0,0.0,1.0,3.0,7.0,0.0,0.0,51.59629695795634,1000.0,1000.0,1000.0,1000.0,1000.0,1000.0,117.26823882490176,107.03829385580902,1000.0,100.38058170679706,76.67792325069647,58.43083202170335,1000.0,1000.0
7f62f272ef00f33fd47028c1a774ec60,0.0,1.0,0.0,1.0,0.0,0.0,0.0,1.0,0.0,0.0,0.0,2.0,1.0,0.0,0.0,1000.0,401.2955256356225,1000.0,132.01653265306206,1000.0,1000.0,1000.0,452.8487591189833,1000.0,1000.0,1000.0,447.01071030688024,188.81695271858416,1000.0,1000.0
fc1b23bf124f2e441b727acc3bf112b9,2.0,5.0,0.0,0.0,1.0,0.0,0.0,2.0,0.0,0.0,0.0,5.0,8.0,0.0,1.0,262.20762681792183,114.0947845276289,1000.0,1000.0,168.21938320357268,1000.0,1000.0,171.33880661870847,1000.0,1000.0,1000.0,95.93696350878085,33.398160529636286,1000.0,120.27383083862426
97b6adfaed23fcab097d70bd3327ba24,0.0,1.0,0.0,0.0,0.0,0.0,0.0,1.0,0.0,0.0,0.0,0.0,3.0,0.0,0.0,1000.0,234.41093198621806,1000.0,1000.0,1000.0,1000.0,1000.0,107.75865665525497,1000.0,1000.0,1000.0,1000.0,2.874473023270459,1000.0,1000.0
3692448d06d34c0d51b0992510cdc084,0.0,2.0,0.0,0.0,0.0,0.0,0.0,0.0,0.0,0.0,0.0,0.0,2.0,0.0,1.0,1000.0,54.172077320210754,1000.0,1000.0,1000.0,1000.0,1000.0,1000.0,1000.0,1000.0,1000.0,1000.0,49.64108734981053,1000.0,460.1070610026082
1946316bdb4b84623835e1b8a88eba64,0.0,0.0,0.0,0.0,0.0,0.0,0.0,0.0,0.0,0.0,0.0,0.0,0.0,0.0,0.0,1000.0,1000.0,1000.0,1000.0,1000.0,1000.0,1000.0,1000.0,1000.0,1000.0,1000.0,1000.0,1000.0,1000.0,1000.0
1e735eb515c057a690e2c302ad3506e4,0.0,0.0,0.0,0.0,0.0,0.0,0.0,0.0,0.0,0.0,0.0,0.0,0.0,0.0,0.0,1000.0,1000.0,1000.0,1000.0,1000.0,1000.0,1000.0,1000.0,1000.0,1000.0,1000.0,1000.0,1000.0,1000.0,1000.0
3f5bea865ce437edbeaac075f1345d8b,0.0,2.0,0.0,0.0,1.0,0.0,0.0,1.0,0.0,0.0,0.0,4.0,3.0,0.0,0.0,1000.0,100.33925827125148,1000.0,1000.0,191.39959973731234,1000.0,1000.0,98.76123986131873,1000.0,1000.0,1000.0,24.14503517701812,19.786754760752594,1000.0,1000.0
e6e6fd6be5e7b31bc170fe1bd5ef07a3,0.0,4.0,0.0,1.0,0.0,0.0,0.0,2.0,1.0,0.0,0.0,1.0,3.0,0.0,0.0,1000.0,87.07553017501566,1000.0,72.88402248194622,1000.0,1000.0,1000.0,72.68676252137419,203.13228171706214,1000.0,1000.0,345.1478928627919,25.46720913508728,1000.0,1000.0
1e04626a1feab4372ba6b5492994a79b,1.0,0.0,0.0,0.0,0.0,0.0,0.0,1.0,2.0,0.0,1.0,5.0,8.0,0.0,1.0,126.63174307885133,1000.0,1000.0,1000.0,1000.0,1000.0,1000.0,64.1563916342595,53.123008851065705,1000.0,19.788832440304347,168.03775861190292,56.18958190117733,1000.0,442.0686019320302
727876db9a8adb1f93c435dbefffb00b,0.0,0.0,0.0,0.0,0.0,0.0,0.0,0.0,0.0,0.0,0.0,0.0,0.0,0.0,0.0,1000.0,1000.0,1000.0,1000.0,1000.0,1000.0,1000.0,1000.0,1000.0,1000.0,1000.0,1000.0,1000.0,1000.0,1000.0
92c30be62e8ba010157893fdb021d60a,0.0,1.0,0.0,0.0,0.0,0.0,0.0,1.0,0.0,0.0,0.0,1.0,0.0,0.0,0.0,1000.0,134.1201600576498,1000.0,1000.0,1000.0,1000.0,1000.0,47.395162183097284,1000.0,1000.0,1000.0,63.734063904097724,1000.0,1000.0,1000.0
5254f5239b7eef35fa928081c276d764,0.0,4.0,0.0,1.0,0.0,0.0,0.0,5.0,1.0,0.0,1.0,1.0,9.0,0.0,1.0,1000.0,71.0276846302496,1000.0,97.80524437945873,1000.0,1000.0,1000.0,99.47856716773535,113.4274775461595,1000.0,117.0175371868457,499.9595900272499,62.05566644640337,1000.0,137.01350839746183
8eedf3c7f1f6067214e8667cf5f56f11,1.0,0.0,0.0,0.0,0.0,0.0,1.0,1.0,1.0,0.0,0.0,2.0,6.0,0.0,1.0,94.0613031063185,1000.0,1000.0,1000.0,1000.0,1000.0,430.19821128706093,430.19821128706093,381.1245705648396,1000.0,1000.0,144.04900384895774,13.371060120058083,1000.0,128.61257403744986
57752b6b0ed31f13e0b582c4d4b2be35,0.0,4.0,0.0,1.0,2.0,2.0,0.0,4.0,1.0,1.0,1.0,3.0,9.0,0.0,0.0,1000.0,171.21709264662778,1000.0,293.4467426572508,315.48223835894174,282.58088977360023,1000.0,27.41280403643126,242.19026998627174,116.21483327030177,310.41362517457964,230.38226262072612,205.30645049564626,1000.0,1000.0
fc1dfb343d19e224b7f381d7c5dae0ed,0.0,0.0,0.0,0.0,0.0,0.0,0.0,0.0,0.0,0.0,0.0,0.0,0.0,0.0,0.0,1000.0,1000.0,1000.0,1000.0,1000.0,1000.0,1000.0,1000.0,1000.0,1000.0,1000.0,1000.0,1000.0,1000.0,1000.0
c7b339760ed56053851a3325e6d2a694,0.0,0.0,0.0,0.0,0.0,0.0,0.0,1.0,0.0,0.0,0.0,1.0,4.0,0.0,0.0,1000.0,1000.0,1000.0,1000.0,1000.0,1000.0,1000.0,386.8827140737114,1000.0,1000.0,1000.0,400.18975997515184,0.23612561411059696,1000.0,1000.0
57b72ac2c3fc202a506934d3e017b0fb,3.0,1.0,0.0,1.0,0.0,0.0,0.0,2.0,0.0,0.0,0.0,1.0,1.0,0.0,1.0,116.06392802568988,198.91540518047603,1000.0,156.69541483090217,1000.0,1000.0,1000.0,61.547086493520844,1000.0,1000.0,1000.0,235.47317214832023,345.2024353051152,1000.0,188.80651943503906
16ec4a631100ed139f5a55a4c00f8904,1.0,4.0,0.0,4.0,2.0,0.0,0.0,2.0,3.0,0.0,1.0,5.0,11.0,2.0,0.0,73.30980510489096,94.44251669911898,1000.0,108.58576726258985,9.513461004282577,1000.0,1000.0,105.75030931106389,91.85233492596966,1000.0,84.53881353473781,222.85271334821147,41.60704189518648,87.75775257644268,1000.0
02634c6f17d9da47709577c0516aa273,0.0,2.0,0.0,1.0,0.0,0.0,0.0,2.0,4.0,5.0,2.0,2.0,5.0,1.0,1.0,1000.0,270.8082000957192,1000.0,198.08881306233653,1000.0,1000.0,1000.0,177.0317421768352,187.2208770414422,126.59933182727414,187.67296608766765,259.9178940344879,47.02674619106308,177.84579022406197,258.5599290735302
4e79a2bdfd5767d84babcd8d1ced7d1f,0.0,7.0,0.0,0.0,0.0,0.0,0.0,1.0,2.0,2.0,0.0,2.0,0.0,0.0,0.0,1000.0,198.39382049277376,1000.0,1000.0,1000.0,1000.0,1000.0,385.51436278663584,320.60270417493285,158.02672859885143,1000.0,268.1318374606054,1000.0,1000.0,1000.0
fd0de869e238a09fcff19ea14d716561,0.0,3.0,0.0,1.0,0.0,0.0,0.0,5.0,1.0,0.0,1.0,0.0,8.0,0.0,1.0,1000.0,394.0539828037576,1000.0,315.4440076424302,1000.0,1000.0,1000.0,95.56507000090262,309.78695168998746,1000.0,303.9585646572175,1000.0,3.13123212677717,1000.0,283.2217681189665
eb72e16cfdf3a4b9565b5b57b7fcbdb4,0.0,0.0,0.0,0.0,0.0,0.0,0.0,0.0,0.0,0.0,0.0,0.0,0.0,0.0,0.0,1000.0,1000.0,1000.0,1000.0,1000.0,1000.0,1000.0,1000.0,1000.0,1000.0,1000.0,1000.0,1000.0,1000.0,1000.0
26fc2a49d6c10ca5290d11180722752e,0.0,0.0,0.0,0.0,0.0,0.0,0.0,0.0,0.0,0.0,0.0,0.0,0.0,0.0,0.0,1000.0,1000.0,1000.0,1000.0,1000.0,1000.0,1000.0,1000.0,1000.0,1000.0,1000.0,1000.0,1000.0,1000.0,1000.0
8f1e2ab3f88667cad72a0f3fda9f31c2,1.0,0.0,0.0,1.0,0.0,0.0,0.0,1.0,0.0,0.0,0.0,0.0,0.0,0.0,1.0,35.77360548271157,1000.0,1000.0,35.77360548271157,1000.0,1000.0,1000.0,41.26641060259014,1000.0,1000.0,1000.0,1000.0,1000.0,1000.0,45.43514607572679
40e832738976c4c2e36a936bd537ca9f,1.0,0.0,0.0,0.0,0.0,0.0,1.0,1.0,1.0,1.0,0.0,0.0,4.0,0.0,0.0,235.50771896770462,1000.0,1000.0,1000.0,1000.0,1000.0,63.94260740382134,63.94260740382134,63.30867201961989,189.72542118252113,1000.0,1000.0,124.42175980004583,1000.0,1000.0
4669cc9bdeea96865d0bc0c296562ad0,0.0,1.0,0.0,1.0,0.0,0.0,0.0,2.0,4.0,2.0,2.0,1.0,8.0,1.0,1.0,1000.0,271.03042921118015,1000.0,278.33116664462904,1000.0,1000.0,1000.0,269.3164550301514,176.71764716997083,283.40571026782135,288.53456860771894,314.9554944950208,30.841957033424258,302.9083473280742,293.0846494025606
ac05c40c61eb7e067c3353072e3a48b1,0.0,0.0,0.0,0.0,0.0,0.0,0.0,0.0,0.0,0.0,0.0,0.0,0.0,0.0,0.0,1000.0,1000.0,1000.0,1000.0,1000.0,1000.0,1000.0,1000.0,1000.0,1000.0,1000.0,1000.0,1000.0,1000.0,1000.0
47f35e3342b8184abb2cccedc9e36347,1.0,0.0,0.0,0.0,0.0,0.0,1.0,1.0,1.0,1.0,0.0,0.0,4.0,0.0,0.0,235.50771896770462,1000.0,1000.0,1000.0,1000.0,1000.0,63.94260740382134,63.94260740382134,63.30867201961989,189.72542118252113,1000.0,1000.0,124.42175980004583,1000.0,1000.0
075ab75c5b4cd4f569b5b9dddd475eb9,1.0,2.0,0.0,0.0,0.0,0.0,0.0,1.0,0.0,0.0,0.0,1.0,0.0,0.0,0.0,201.57555111069058,462.8047911703368,1000.0,1000.0,1000.0,1000.0,1000.0,441.7884744773844,1000.0,1000.0,1000.0,262.4053894188022,1000.0,1000.0,1000.0
b3ed1a49a42ae67229ad597f063ca452,0.0,0.0,0.0,0.0,0.0,0.0,0.0,0.0,0.0,0.0,0.0,0.0,0.0,0.0,0.0,1000.0,1000.0,1000.0,1000.0,1000.0,1000.0,1000.0,1000.0,1000.0,1000.0,1000.0,1000.0,1000.0,1000.0,1000.0
df508e21a47d02acc543ae390605af28,3.0,1.0,0.0,1.0,0.0,0.0,0.0,2.0,0.0,0.0,0.0,1.0,1.0,0.0,1.0,116.06392802568988,198.91540518047603,1000.0,156.69541483090217,1000.0,1000.0,1000.0,61.547086493520844,1000.0,1000.0,1000.0,235.47317214832023,345.2024353051152,1000.0,188.80651943503906
