id,road_distance_nan,road_distance_living_street,road_distance_primary,road_distance_residential,road_distance_secondary,road_distance_service,road_distance_tertiary,road_distance_trunk,road_distance_unclassified,road_distance_motorway,road_count_nan,road_count_living_street,road_count_primary,road_count_residential,road_count_secondary,road_count_service,road_count_tertiary,road_count_trunk,road_count_unclassified,road_count_motorway
01716bdeedb37b1c6f03492ffb19b51f,1000,1000.0,102.1239755361387,45.78073832389778,1000.0,10.983635245574401,25.964961863565005,1000.0,272.3570445356418,1000,0,0,16,37,0,33,6,0,3,0
02f8f5166b240ad19dcad7453b8f2668,1000,1000.0,1000.0,41.67771873025999,25.55865027632293,19.240085988608094,1000.0,69.34426238304302,38.89112309550505,1000,0,0,0,11,12,20,0,12,5,0
040c44a5a14d571790ba4f11ead330f6,1000,1000.0,1000.0,1000.0,1000.0,1000.0,1000.0,1000.0,1000.0,1000,0,0,0,0,0,0,0,0,0,0
0415db4e17a2fceedbfb194b4135bc22,1000,1000.0,1000.0,1000.0,1000.0,1000.0,1000.0,1000.0,1000.0,1000,0,0,0,0,0,0,0,0,0,0
05ac759c4a0f758ddd2fe074aba0f9ce,1000,1000.0,1000.0,1000.0,1000.0,1000.0,1000.0,1000.0,1000.0,1000,0,0,0,0,0,0,0,0,0,0
0714ad45029cd561d42d821d0b6021bf,1000,1000.0,22.094888409366146,33.18297518199654,141.26876352489327,1.8944340409305616,1000.0,1000.0,1000.0,1000,0,0,6,28,3,91,0,0,0,0
0836733fea85d46fa055c7de3ba40b84,1000,1000.0,1000.0,14.397782374116323,126.38390398935803,3.3487558693929333,301.1746011499432,71.99532841533383,1000.0,1000,0,0,0,52,6,67,5,19,0,0
0989c3df83bfd48be5ea5abd1be51b1f,1000,1000.0,1000.0,1000.0,1000.0,1000.0,1000.0,1000.0,1000.0,1000,0,0,0,0,0,0,0,0,0,0
0b8b58f3524dc21a9bb5120813aa05ec,1000,1000.0,1000.0,33.421611074992406,90.25249535039866,24.576191460285806,72.86908050290687,119.08594271831514,34.745586248411,1000,0,0,0,6,5,41,18,26,3,0
0e6e5d26963b1b83183beb70aadc63d5,1000,1000.0,1000.0,93.50338586844852,1000.0,8.27322647148762,110.44223051135636,62.83805639824648,54.276942323552746,1000,0,0,0,56,0,61,16,32,12,0
104ace25c390a0a0acfb3fcb4732643f,1000,1000.0,1000.0,1000.0,1000.0,1000.0,1000.0,1000.0,1000.0,1000,0,0,0,0,0,0,0,0,0,0
1068671a58c84269bc05a4b1c8af4652,1000,1000.0,1000.0,1000.0,1000.0,1000.0,1000.0,1000.0,1000.0,1000,0,0,0,0,0,0,0,0,0,0
13cd2079e0ff654586f470800499f875,1000,1000.0,69.54186383830431,41.91946726818999,1000.0,12.031489717033356,410.2412811420839,72.6942339660377,459.0456705973645,1000,0,0,6,75,0,244,2,20,3,0
13e42a60fbe425423e3b28e6bf540ad6,1000,1000.0,1000.0,1000.0,1000.0,1000.0,1000.0,1000.0,1000.0,1000,0,0,0,0,0,0,0,0,0,0
1434428627402f5b7fde67ecfa1ea0b8,1000,1000.0,78.0584484312843,431.2067442888529,1000.0,2.7099020025711695,1000.0,15.991818715086863,1000.0,1000,0,0,6,1,0,20,0,7,0,0
166276db9f02968c6d62e4f9c46941c4,1000,1000.0,21.077474435497304,423.09390166139156,1000.0,4.507440822864338,1000.0,1000.0,1000.0,1000,0,0,4,2,0,16,0,0,0,0
16ec4a631100ed139f5a55a4c00f8904,1000,1000.0,1000.0,6.4709174644893706,7.19393914591403,23.10656029878613,1000.0,423.7053731460511,9.183872538677488,1000,0,0,0,44,19,57,0,8,11,0
1720a6b4711b70b2e4dc436aa0830393,1000,1000.0,1000.0,45.775391997096655,1000.0,30.179747523172477,484.89217993690494,87.93025111781162,33.07284756429998,1000,0,0,0,68,0,73,3,49,7,0
17692c617be947929e27b091ddcda7a6,1000,1000.0,1000.0,69.97279809695806,1000.0,8.725623249223986,52.152025092041676,31.311718717761586,1000.0,1000,0,0,0,53,0,64,11,23,0,0
1829497bb8b1701701f07ae88a24b628,1000,1000.0,1000.0,455.70479523274895,1000.0,4.0862871043165025,1000.0,16.5952346529208,11.318029479903359,1000,0,0,0,4,0,16,0,11,1,0
1946316bdb4b84623835e1b8a88eba64,1000,1000.0,1000.0,1000.0,1000.0,1000.0,1000.0,1000.0,1000.0,1000,0,0,0,0,0,0,0,0,0,0
1a37c1eecb6e4a7f4b4ed07e3aee0dd1,1000,1000.0,1000.0,1000.0,1000.0,1000.0,1000.0,1000.0,1000.0,1000,0,0,0,0,0,0,0,0,0,0
1bb53deee20ba263139c33f292cec50c,1000,1000.0,1000.0,1000.0,1000.0,1000.0,1000.0,1000.0,1000.0,1000,0,0,0,0,0,0,0,0,0,0
1e04626a1feab4372ba6b5492994a79b,1000,1000.0,1000.0,141.4971084528869,169.06427162017965,15.231785584204149,190.92869432236867,10.913805519584288,245.12829197485496,1000,0,0,0,7,5,26,4,2,2,0
1e735eb515c057a690e2c302ad3506e4,1000,1000.0,1000.0,1000.0,1000.0,1000.0,1000.0,1000.0,1000.0,1000,0,0,0,0,0,0,0,0,0,0
1ec25f8ea9579cc00b41f0b5f6f21540,1000,1000.0,1000.0,23.820788750365868,1000.0,13.408622781151443,56.95190366354538,1000.0,1000.0,1000,0,0,0,132,0,74,26,0,0,0
1f19c4c8baefa70f5bcb4166f226b50c,1000,1000.0,1000.0,1000.0,1000.0,1000.0,1000.0,1000.0,1000.0,1000,0,0,0,0,0,0,0,0,0,0
220df1737c89a16b63db9e16f1623f9a,1000,1000.0,105.36784991505213,309.70540513312295,344.89147834796387,28.55077133326883,1000.0,1000.0,16.223790905999376,1000,0,0,6,37,2,14,0,0,6,0
2383425b7d496ff065b650bba4989c12,1000,1000.0,1000.0,1000.0,1000.0,12.323239233659871,18.04193599208011,94.24660170374864,24.822642727549844,1000,0,0,0,0,0,7,1,11,7,0
23c761dd9c49d89164a0d91da9ebf73c,1000,1000.0,1000.0,300.2192117737438,1000.0,2.9767528299664803,1000.0,43.01890800360118,134.64974896194303,1000,0,0,0,6,0,22,0,12,1,0
24e645be9d875bcd53946e9a7aeef51f,1000,1000.0,1000.0,1000.0,1000.0,1000.0,1000.0,1000.0,1000.0,1000,0,0,0,0,0,0,0,0,0,0
254a0b4aa0060cc8f5580d9a7efce3f2,1000,1000.0,1000.0,159.2160237199404,1000.0,4.537911679528121,95.86162632804616,204.1869484690636,112.02987757659507,1000,0,0,0,85,0,102,49,25,10,0
25d57283fcde4814d8bf617185e15cae,1000,1000.0,1000.0,1000.0,1000.0,8.9435452497224,1000.0,56.927397677759565,1000.0,1000,0,0,0,0,0,6,0,1,0,0
289e4d885c0673e23a1f615968d3fada,1000,1000.0,1000.0,6.4709174644893706,7.19393914591403,23.10656029878613,1000.0,423.7053731460511,9.183872538677488,1000,0,0,0,44,19,57,0,8,11,0
29923690c97a2154afdd6f925d6f25ef,1000,1000.0,1000.0,54.9418990216183,1000.0,13.70758786478272,52.26180863847311,58.01893038518907,55.586697904883586,1000,0,0,0,9,0,27,13,22,3,0
2a2318dd0d79b54254e8518d66c11f9b,1000,1000.0,211.8486952081509,213.03510003964428,1000.0,25.210756796180267,18.400155364726587,1000.0,89.64148800637655,1000,0,0,17,50,0,121,11,0,3,0
2a3ba8312f98687a1e3d6f4ea347e52c,1000,1000.0,1000.0,65.32868962288713,1000.0,15.800893284341049,20.678686495475006,84.39803183913567,228.61753831671487,1000,0,0,0,35,0,123,15,13,4,0
2aa9415f4a702f9e10823ca808633b79,1000,1000.0,211.8486952081509,213.03510003964428,1000.0,25.210756796180267,18.400155364726587,1000.0,89.64148800637655,1000,0,0,17,50,0,121,11,0,3,0
2b92d930e6e49e8d2a4df1cd9a2f5214,1000,1000.0,59.00861666431837,66.53195080000515,1000.0,7.492992355166804,62.090337350480794,1000.0,23.519383707381206,1000,0,0,16,53,0,64,11,0,2,0
2c0a1c43ce2b61b2fce6a2a3a7f3856f,1000,1000.0,16.76954315408864,131.53741029410392,1000.0,29.353180771462565,299.0924054307888,1000.0,1000.0,1000,0,0,14,40,0,46,4,0,0,0
2e2147715e658d975dcbe4aede1e5b74,1000,1000.0,1000.0,1000.0,1000.0,1.6109492428080514,1000.0,16.57148626129614,193.4786339602348,1000,0,0,0,0,0,68,0,17,10,0
303e23a20828d3bd51eecda66383e525,1000,1000.0,1000.0,1000.0,1000.0,1000.0,1000.0,1000.0,1000.0,1000,0,0,0,0,0,0,0,0,0,0
307a24b0611fae9331c688aefc6b341a,1000,1000.0,13.339426417313469,128.5483071337884,1000.0,0.20708696352701178,136.5974230963158,1000.0,369.98128228100774,1000,0,0,5,9,0,58,3,0,2,0
31013ee21240556dbc13d39e11e0017e,1000,1000.0,1000.0,66.64769202133336,402.7542796934222,9.066864196911201,1000.0,37.426447836590434,272.9245419345323,1000,0,0,0,40,5,28,0,19,3,0
32e82c4be863f8ef2e7e5bab37969c7b,1000,1000.0,1000.0,95.56288667494083,1000.0,17.982519271270412,31.374443300526814,9.968798131111413,1000.0,1000,0,0,0,96,0,74,43,7,0,0
3324b0cd0ee1403f8de33e3d932bce46,1000,1000.0,134.5056761627374,17.621794698006276,1000.0,3.9345823743774764,63.05289419040955,1000.0,290.33687397673003,1000,0,0,16,28,0,25,6,0,3,0
3336ab7244f6bc570d75621a021b94bd,1000,1000.0,1000.0,486.6491879211616,1000.0,0.07340747278483252,1000.0,10.521422767284337,209.70465228963002,1000,0,0,0,1,0,18,0,3,2,0
338f6ce2681c3f93982a668d67837cfc,1000,1000.0,1000.0,1000.0,1000.0,1000.0,1000.0,1000.0,1000.0,1000,0,0,0,0,0,0,0,0,0,0
35c10ac30ad1ca52d7849032f6d539d2,1000,1000.0,416.74816544086866,34.32462248403383,1000.0,8.292154286407325,28.063188025260562,1000.0,481.60436646533293,1000,0,0,18,81,0,137,34,0,2,0
376f11c79a0280da153fb9ea04946928,1000,1000.0,1000.0,31.150704052756623,31.958344399374358,1.0660018097408668,1000.0,1000.0,65.36803097949014,1000,0,0,0,26,9,41,0,0,6,0
37afdb9ab9c570b1ce77987083c083db,1000,1000.0,42.49448937683549,1000.0,1000.0,14.364029707884185,1000.0,170.1924532682109,172.82767209905796,1000,0,0,6,0,0,12,0,7,2,0
3807e79167fa49636658a9d7466ef198,1000,1000.0,1000.0,1000.0,1000.0,1000.0,1000.0,1000.0,1000.0,1000,0,0,0,0,0,0,0,0,0,0
382765884af7b1d2a3c4ada21202a800,1000,1000.0,1000.0,1000.0,1000.0,1000.0,1000.0,1000.0,1000.0,1000,0,0,0,0,0,0,0,0,0,0
383b7b741c6987e7443cb9902e520d32,1000,1000.0,1000.0,1000.0,1000.0,1000.0,1000.0,1000.0,1000.0,1000,0,0,0,0,0,0,0,0,0,0
3b63c81cea02635b1e34c636336c1d2b,1000,1000.0,68.82905570640224,209.48076032438786,1000.0,7.391759808847438,1000.0,79.7603833131005,132.45950389501087,1000,0,0,5,2,0,34,0,4,2,0
3cb4d39bd845a770362032deee44b466,1000,1000.0,1000.0,1000.0,1000.0,1000.0,1000.0,1000.0,1000.0,1000,0,0,0,0,0,0,0,0,0,0
3d3791daf2c7a7a4d6508dd69ab326ce,1000,1000.0,1000.0,1000.0,1000.0,1000.0,1000.0,1000.0,1000.0,1000,0,0,0,0,0,0,0,0,0,0
3d7d33f78a49818547921ec413f069ac,1000,1000.0,1000.0,1000.0,1000.0,1000.0,1000.0,1000.0,1000.0,1000,0,0,0,0,0,0,0,0,0,0
3f5bea865ce437edbeaac075f1345d8b,1000,1000.0,88.53175730070913,273.97091058756905,44.6839186357394,30.960460370695415,1000.0,1000.0,19.341111803099764,1000,0,0,5,1,2,58,0,0,2,0
408b9578600d477d89725de1bfe312d4,1000,1000.0,1000.0,1000.0,1000.0,1000.0,1000.0,1000.0,1000.0,1000,0,0,0,0,0,0,0,0,0,0
409ae64e72b75bcd48f805c3e15ce3ac,1000,1000.0,1000.0,1000.0,1000.0,1000.0,1000.0,1000.0,1000.0,1000,0,0,0,0,0,0,0,0,0,0
40d1cc9d113cb06240cf73bfb53bebf1,1000,1000.0,1000.0,1000.0,1000.0,1000.0,1000.0,1000.0,1000.0,1000,0,0,0,0,0,0,0,0,0,0
410eb19aef80f189b84a52625d58e56c,1000,1000.0,1000.0,25.35342261960627,143.8923288686161,29.53444827863553,1000.0,1000.0,1000.0,1000,0,0,0,55,14,32,0,0,0,0
423dbdab29ae9be5deb8b1e031beb532,1000,1000.0,1000.0,1000.0,1000.0,1000.0,1000.0,1000.0,1000.0,1000,0,0,0,0,0,0,0,0,0,0
4244ef78d62d6368ce54de6e274be224,1000,1000.0,1000.0,198.99465917680274,1000.0,0.6268981835870054,45.52320967241667,299.85927280523873,63.06460223992872,1000,0,0,0,26,0,33,10,9,9,0
448fffd4e4f3cf6f7d95baf3c953b6ce,1000,1000.0,1000.0,1000.0,1000.0,1000.0,1000.0,1000.0,1000.0,1000,0,0,0,0,0,0,0,0,0,0
464e7b2ab3ac5510b6977621b87fd0ca,1000,1000.0,428.2351627637449,165.1411887544159,202.71626125224242,0.16725884653352888,65.8385701625599,33.38074480009501,224.95107022412478,1000,0,0,12,1,5,33,18,28,3,0
47f35e3342b8184abb2cccedc9e36347,1000,1000.0,1000.0,79.6746579814965,1000.0,9.960019972298024,1000.0,29.544742451072747,104.25581516377487,1000,0,0,0,11,0,43,0,7,7,0
47fceadb3a4d4745d2c06158c0dafd9d,1000,1000.0,21.52426651938393,66.82650703028686,214.21047922406663,46.52225860705783,1000.0,1000.0,11.511737841040429,1000,0,0,41,75,7,32,0,0,63,0
495ae3261d2f6fefbddcc472131754da,1000,1000.0,1000.0,1000.0,1000.0,1000.0,1000.0,1000.0,1000.0,1000,0,0,0,0,0,0,0,0,0,0
4a66298e15c6983dd6ffb2e3e0a780a3,1000,1000.0,1000.0,1000.0,1000.0,1000.0,1000.0,1000.0,1000.0,1000,0,0,0,0,0,0,0,0,0,0
4ad0525fd4c60cd6639d7b0675f4e8d0,1000,1000.0,78.0584484312843,431.2067442888529,1000.0,2.7099020025711695,1000.0,15.991818715086863,1000.0,1000,0,0,6,1,0,20,0,7,0,0
4c258985bcdae96673e50fd6ee746a0f,1000,1000.0,1000.0,103.51857903656358,103.42326279625792,6.616715289162045,1000.0,23.961438103595096,104.20755925266184,1000,0,0,0,37,10,79,0,5,2,0
4d2e027600b2ea83462bd18048cd8bfe,1000,1000.0,1000.0,368.2805779794416,24.843073873430228,5.903719928882509,1000.0,1000.0,273.60545582774756,1000,0,0,0,6,2,10,0,0,14,0
4dc6e58344e66c1988e2ab87fa071d3c,1000,1000.0,1000.0,1000.0,1000.0,1000.0,1000.0,1000.0,1000.0,1000,0,0,0,0,0,0,0,0,0,0
4ee262cfb2ba4566a05655629a518d2c,1000,1000.0,1000.0,1000.0,1000.0,1000.0,1000.0,1000.0,1000.0,1000,0,0,0,0,0,0,0,0,0,0
4fc1e8f889b7b17a758a15828bedd266,1000,1000.0,1000.0,1000.0,1000.0,1000.0,1000.0,1000.0,1000.0,1000,0,0,0,0,0,0,0,0,0,0
518810656794f00b2f42becf613c3882,1000,1000.0,1000.0,69.34837293134254,87.07201703049279,6.010477718983239,171.863550687624,34.66455676594918,460.6402657042814,1000,0,0,0,37,6,66,5,18,1,0
5254f5239b7eef35fa928081c276d764,1000,1000.0,1000.0,59.356230301902905,1000.0,25.99744459099344,20.490062970758547,118.78527761265087,468.60220500722414,1000,0,0,0,14,0,44,13,24,1,0
5376f763c089118714f63c70e1582585,1000,1000.0,1000.0,1000.0,1000.0,1000.0,1000.0,1000.0,1000.0,1000,0,0,0,0,0,0,0,0,0,0
53c5f0e4462f75ce099dc6b5055fd101,1000,1000.0,1000.0,1000.0,1000.0,1000.0,1000.0,1000.0,1000.0,1000,0,0,0,0,0,0,0,0,0,0
56375d503081c2293356a24adbbc56d7,1000,1000.0,287.78440104220357,339.9406997997671,1000.0,4.229352522092135,184.08023779625762,180.92000789262002,15.888048146061337,1000,0,0,20,18,0,107,12,24,40,0
57028db69a1e97120b34bb64f6860af2,1000,251.94814130658787,92.08743817726725,237.0799828122145,1000.0,33.78076275786772,23.627612667427886,47.16243298512347,115.73028820929534,1000,0,23,15,45,0,114,28,24,20,0
57752b6b0ed31f13e0b582c4d4b2be35,1000,1000.0,42.92545043531336,85.542366289002,322.4219564469011,18.420533906313306,346.7924795494981,1000.0,1000.0,1000,0,0,6,14,3,34,3,0,0,0
57b72ac2c3fc202a506934d3e017b0fb,1000,1000.0,1000.0,11.67095833521864,1000.0,1.1652222275131363,25.87729914449233,266.33163392935865,287.83778303716576,1000,0,0,0,64,0,21,26,14,3,0
5d8935113b804dee8233488cbc611ee0,1000,1000.0,1000.0,71.21197522518445,62.543195905414876,18.810554567401617,1000.0,92.72700206291493,232.44133040613647,1000,0,0,0,18,10,21,0,9,1,0
5fd7c79f91a0778e2af7eee19d109446,1000,1000.0,1000.0,1000.0,6.356008061028399,13.908075323818366,1000.0,464.4116493216202,1000.0,1000,0,0,0,0,3,15,0,1,0,0
601ac60091ee898ea5d9cba83c82fa59,1000,1000.0,1000.0,103.51857903656358,103.42326279625792,6.616715289162045,1000.0,23.961438103595096,104.20755925266184,1000,0,0,0,37,10,79,0,5,2,0
6104519029d1ad716b4b9171068a0613,1000,1000.0,46.93678928984343,49.07496776872273,291.0671783436403,12.412092424915325,79.08112173930316,1000.0,108.6702326594669,1000,0,0,6,30,4,17,3,0,5,0
619bcd43c2357423a3e7c6f3150d0e0a,1000,1000.0,459.3798580841602,6.465482606318195,1000.0,13.40750259772302,1000.0,67.74117745738819,95.9442139166661,1000,0,0,3,28,0,44,0,17,7,0
619d1cffae00d0a6026700f4853dc97d,1000,1000.0,158.58355877094158,25.839024689482212,19.54393281675452,58.038636501788766,1000.0,1000.0,25.652294691528322,1000,0,0,7,57,10,56,0,0,9,0
63382301d2c136fca3bb93f60d11875d,1000,1000.0,1000.0,135.75044260661346,18.68972945440752,0.5525957492202727,1000.0,1000.0,1000.0,1000,0,0,0,2,3,27,0,0,0,0
6363f0c010b3b8dbe7974c0284bd9f4f,1000,1000.0,1000.0,1000.0,1000.0,1000.0,1000.0,1000.0,1000.0,1000,0,0,0,0,0,0,0,0,0,0
638bacbd9f18c016e649b9eee59efa73,1000,1000.0,29.751008044591273,46.97691190320876,1000.0,25.91855787710652,1000.0,1000.0,1000.0,1000,0,0,8,26,0,37,0,0,0,0
65479b9596278b7c5892412b2575aaf4,1000,1000.0,102.70033604421425,35.39343370317702,28.903460164881675,4.778524530820265,1000.0,1000.0,156.45279600603544,1000,0,0,7,17,5,41,0,0,1,0
65b8bf7137f464bb5d84cc27728840f5,1000,1000.0,1000.0,1000.0,1000.0,1000.0,1000.0,1000.0,1000.0,1000,0,0,0,0,0,0,0,0,0,0
68145c83c094261657d10bdeda3bbf80,1000,1000.0,1000.0,19.587003395221117,40.55032039753994,4.388485631498713,1000.0,1000.0,77.06320416215485,1000,0,0,0,16,8,21,0,0,6,0
6e7e28e598aedc6bf649dee9e980841f,1000,1000.0,77.47162837954468,1000.0,42.13481579166311,1.631335751385696,1000.0,1000.0,225.2400487905203,1000,0,0,3,0,3,19,0,0,1,0
6f3272d563ef671c89441f30aa660a21,1000,1000.0,1000.0,1000.0,1000.0,1000.0,1000.0,1000.0,1000.0,1000,0,0,0,0,0,0,0,0,0,0
6fb8cddf267eb9f34272cb0463acec81,1000,1000.0,1000.0,23.135726885864226,192.14118620644214,13.976712237245074,1000.0,27.874570891421577,239.2402848083414,1000,0,0,0,37,5,29,0,18,3,0
6fb93712030f4280008a7bdf911d5dc6,1000,1000.0,21.349147964938304,132.8245160699469,1000.0,6.088330803795133,1000.0,1000.0,35.14700164106227,1000,0,0,6,3,0,41,0,0,9,0
7093d36ad48ccaa0de70ef796adc5454,1000,1000.0,1000.0,1000.0,1000.0,1.2305579452295423,1000.0,18.899545408458177,1000.0,1000,0,0,0,0,0,45,0,1,0,0
70a43de8cb4cba29206ec2c7bf24c96d,1000,1000.0,1000.0,32.742403712882684,1000.0,2.4243812785294314,1000.0,68.93381559391963,317.49521957075234,1000,0,0,0,19,0,18,0,3,1,0
7204d42e751f5c1ae399f508701e025d,1000,1000.0,1000.0,1000.0,1000.0,1000.0,1000.0,1000.0,1000.0,1000,0,0,0,0,0,0,0,0,0,0
727876db9a8adb1f93c435dbefffb00b,1000,1000.0,1000.0,1000.0,1000.0,1000.0,1000.0,15.118743438899621,1000.0,1000,0,0,0,0,0,0,0,1,0,0
77488afd8aa3d167e8264e60805ad995,1000,1000.0,1000.0,116.31905155407819,1000.0,11.68876359214776,81.20507324748704,24.924535136877832,1000.0,1000,0,0,0,10,0,44,19,9,0,0
77eb4a0d3b6a0f198ca76a87243c762c,1000,1000.0,1000.0,1000.0,1000.0,1000.0,1000.0,1000.0,1000.0,1000,0,0,0,0,0,0,0,0,0,0
798476b1e96bdeb03254c11f91cd07d4,1000,1000.0,1000.0,1000.0,1000.0,1000.0,1000.0,1000.0,1000.0,1000,0,0,0,0,0,0,0,0,0,0
79c20abc77e32c6055f63117933b8261,1000,1000.0,16.563705662855458,88.27170386486033,1000.0,30.72893841222465,1000.0,1000.0,137.24367802809954,1000,0,0,11,11,0,30,0,0,8,0
79ffb992c86349b9f456bb72a13e34db,1000,1000.0,1000.0,1000.0,1000.0,1000.0,1000.0,1000.0,1000.0,1000,0,0,0,0,0,0,0,0,0,0
7a07202bbb65222fea62107aa058798f,1000,1000.0,26.282203405519144,260.92457808175135,304.88015160178367,52.37603954996532,1000.0,1000.0,47.2698590750321,1000,0,0,4,21,3,34,0,0,5,0
7a227ddffc2473e1010dfad94bd91675,1000,1000.0,1000.0,1000.0,1000.0,12.1183206770966,1000.0,93.03419735908687,66.26284378416523,1000,0,0,0,0,0,28,0,9,5,0
7c5f671ad294eaf0c5ef3330286a485e,1000,1000.0,1000.0,1000.0,1000.0,1000.0,1000.0,1000.0,1000.0,1000,0,0,0,0,0,0,0,0,0,0
7c6e05e11c28e57d149dd5655d5356b7,1000,1000.0,1000.0,1000.0,1000.0,1000.0,1000.0,1000.0,1000.0,1000,0,0,0,0,0,0,0,0,0,0
7d0208cddba62ef72c77f85145cecc13,1000,1000.0,211.8486952081509,213.03510003964428,1000.0,25.210756796180267,18.400155364726587,1000.0,89.64148800637655,1000,0,0,17,50,0,121,11,0,3,0
7d1e2d3dfc67d5ebc2e83cf4193a8d98,1000,1000.0,1000.0,1000.0,1000.0,1000.0,1000.0,1000.0,1000.0,1000,0,0,0,0,0,0,0,0,0,0
7d6c6baa493871fdbdb06fc321abb272,1000,1000.0,91.80817506129287,454.3594539488515,23.416612356482684,58.06901341067175,1000.0,1000.0,95.39653803455843,1000,0,0,6,2,2,11,0,0,4,0
7dd1c554e3ecc5b89883ad2a567a8c00,1000,1000.0,37.55188959093598,26.0261270044068,60.010384897601355,39.99199915192993,1000.0,1000.0,16.579634732962525,1000,0,0,17,14,4,39,0,0,7,0
7e9ecae9878850aa7bec005a56a19a99,1000,1000.0,1000.0,1000.0,1000.0,1000.0,1000.0,1000.0,1000.0,1000,0,0,0,0,0,0,0,0,0,0
7ffe936eb72fdd49f0c5ef2bbbde0b71,1000,1000.0,1000.0,1000.0,1000.0,1000.0,1000.0,1000.0,1000.0,1000,0,0,0,0,0,0,0,0,0,0
822ecada5a2c14bde21571c00b49e6fd,1000,1000.0,1000.0,1000.0,1000.0,1000.0,1000.0,1000.0,1000.0,1000,0,0,0,0,0,0,0,0,0,0
8369308520a3686dfcf00da2bbc432f0,1000,1000.0,1000.0,3.252897201004467,1000.0,3.388724270038538,1000.0,62.172025746465025,1000.0,1000,0,0,0,34,0,93,0,15,0,0
84766dc04b47c5f442f3714af593b052,1000,1000.0,1000.0,1000.0,1000.0,1000.0,1000.0,1000.0,1000.0,1000,0,0,0,0,0,0,0,0,0,0
84a696b102c8238ed6f6a0519294892a,1000,1000.0,1000.0,1000.0,1000.0,1000.0,1000.0,1000.0,1000.0,1000,0,0,0,0,0,0,0,0,0,0
86faf378e905f2f327c1414e092d6a04,1000,1000.0,1000.0,1000.0,1000.0,1000.0,1000.0,1000.0,1000.0,1000,0,0,0,0,0,0,0,0,0,0
87ea777821d5c882e749663de81a27ea,1000,1000.0,1000.0,1000.0,1000.0,1000.0,1000.0,1000.0,1000.0,1000,0,0,0,0,0,0,0,0,0,0
88a65f5f1fe6f810817f3c891852d1db,1000,1000.0,1000.0,1000.0,1000.0,1000.0,1000.0,1000.0,1000.0,1000,0,0,0,0,0,0,0,0,0,0
892ae1e067f41fda059d697510ef625e,1000,1000.0,1000.0,1000.0,1000.0,1000.0,1000.0,1000.0,1000.0,1000,0,0,0,0,0,0,0,0,0,0
8ad5359d4e5e56100941190b08b0fa5a,1000,1000.0,1000.0,1000.0,1000.0,1000.0,1000.0,1000.0,1000.0,1000,0,0,0,0,0,0,0,0,0,0
8c786a15e7122a1b6b1e077755871391,1000,1000.0,1000.0,1000.0,1000.0,1000.0,1000.0,1000.0,1000.0,1000,0,0,0,0,0,0,0,0,0,0
8eedf3c7f1f6067214e8667cf5f56f11,1000,1000.0,1000.0,105.81690400690518,30.864458799503126,9.917228948249878,1000.0,1000.0,438.37748256884896,1000,0,0,0,23,5,22,0,0,1,0
8f1e2ab3f88667cad72a0f3fda9f31c2,1000,1000.0,1000.0,1000.0,6.356008061028399,13.908075323818366,1000.0,464.4116493216202,1000.0,1000,0,0,0,0,3,15,0,1,0,0
8f892622702a4778c9029ff7c748d156,1000,1000.0,1000.0,54.9418990216183,1000.0,13.70758786478272,52.26180863847311,58.01893038518907,55.586697904883586,1000,0,0,0,9,0,27,13,22,3,0
9010bb089f28987bde27a534f1d85b55,1000,1000.0,1000.0,1000.0,1000.0,1000.0,1000.0,1000.0,1000.0,1000,0,0,0,0,0,0,0,0,0,0
91c07d2b7a1cac0defe9a63e51270907,1000,1000.0,165.58833976314722,48.071758330088315,458.9318938799217,10.495329772717058,55.71098460334085,1000.0,1000.0,1000,0,0,5,42,2,46,15,0,0,0
929ea6fd58d0760ca11d12f482e09a4b,1000,1000.0,1000.0,1000.0,1000.0,1000.0,1000.0,1000.0,1000.0,1000,0,0,0,0,0,0,0,0,0,0
92b82500240c78d1bf76f461838874f6,1000,1000.0,1000.0,1000.0,1000.0,1000.0,1000.0,1000.0,1000.0,1000,0,0,0,0,0,0,0,0,0,0
92c30be62e8ba010157893fdb021d60a,1000,1000.0,1000.0,1000.0,1000.0,1000.0,1000.0,1000.0,1000.0,1000,0,0,0,0,0,0,0,0,0,0
9376b4f5ed25fcecd6d6b0b20fb8ea2c,1000,1000.0,1000.0,1000.0,1000.0,1000.0,1000.0,1000.0,1000.0,1000,0,0,0,0,0,0,0,0,0,0
93a9bebd18ba399e34c11d5233ea4620,1000,1000.0,13.339426417313469,128.5483071337884,1000.0,0.20708696352701178,136.5974230963158,1000.0,369.98128228100774,1000,0,0,5,9,0,58,3,0,2,0
93dac09bca00923e49bbe7390495798d,1000,1000.0,1000.0,34.44336808548774,1000.0,40.58197398408417,223.1236887657464,121.21179711598788,1000.0,1000,0,0,0,102,0,57,12,16,0,0
95c8892eee74854e196139bdfefa7c8c,1000,1000.0,1000.0,15.969210477324893,1000.0,16.361959767190342,1000.0,24.668215068779197,29.361646537335652,1000,0,0,0,12,0,22,0,6,3,0
97b6adfaed23fcab097d70bd3327ba24,1000,1000.0,16.563705662855458,88.27170386486033,1000.0,30.72893841222465,1000.0,1000.0,137.24367802809954,1000,0,0,11,11,0,30,0,0,8,0
983fc5a916c5e62855de110a3958dcec,1000,1000.0,1000.0,1000.0,1000.0,13.48058362201441,1000.0,29.695273864556853,1000.0,1000,0,0,0,0,0,9,0,1,0,0
988a39746e6f8110fd8b2fa06b200a43,1000,1000.0,1000.0,209.21463006303765,319.3844109687041,22.114436363631366,5.975527095256591,278.7650185038015,10.62955325296368,1000,0,0,0,8,3,29,8,16,2,0
98dc86c6cc3f2e44bdfaffd83895dab8,1000,1000.0,44.15809578749135,5.063393836633116,1000.0,69.15393650903329,1000.0,1000.0,18.76259054912315,1000,0,0,6,18,0,25,0,0,6,0
9b480c73cc2a5e9b705485e4c7a6697d,1000,1000.0,1000.0,93.50338586844852,1000.0,8.27322647148762,110.44223051135636,62.83805639824648,54.276942323552746,1000,0,0,0,56,0,61,16,32,12,0
9d38b3952aeef181216942362270143a,1000,1000.0,1000.0,455.70479523274895,1000.0,4.0862871043165025,1000.0,16.5952346529208,11.318029479903359,1000,0,0,0,4,0,16,0,11,1,0
9e391581f1773862b1647c8a1be5ba6b,1000,1000.0,17.66648284570189,21.746287889146732,1000.0,32.93900305250813,1000.0,105.13259169669644,1000.0,1000,0,0,13,78,0,209,0,19,0,0
9e61290f6990393311c24f46e150139e,1000,1000.0,1000.0,24.846751398663333,28.420038363091212,72.35550957936262,1000.0,373.9555593762079,1000.0,1000,0,0,0,60,13,24,0,3,0,0
9e7e7339ec36310e359323013c94b5da,1000,1000.0,1000.0,1000.0,1000.0,1000.0,1000.0,1000.0,1000.0,1000,0,0,0,0,0,0,0,0,0,0
9eb3082e92ea1e130d734289f6141459,1000,1000.0,1000.0,1000.0,1000.0,1000.0,1000.0,1000.0,1000.0,1000,0,0,0,0,0,0,0,0,0,0
9ef82ea16d46ef75e32e9abe46a8f4b4,1000,1000.0,1000.0,1000.0,1000.0,1000.0,1000.0,1000.0,1000.0,1000,0,0,0,0,0,0,0,0,0,0
9f2d46f2144061316a2e45bc07183784,1000,1000.0,1000.0,45.775391997096655,1000.0,30.179747523172477,484.89217993690494,87.93025111781162,33.07284756429998,1000,0,0,0,68,0,73,3,49,7,0
9fb30bdf22d2ba02535a27194c0e9701,1000,1000.0,1000.0,1000.0,1000.0,1000.0,1000.0,1000.0,1000.0,1000,0,0,0,0,0,0,0,0,0,0
a17880ad0d882c4f06f232a83c2d1037,1000,1000.0,21.077474435497304,423.09390166139156,1000.0,4.507440822864338,1000.0,1000.0,1000.0,1000,0,0,4,2,0,16,0,0,0,0
a23d72c1f532f4f37a11a4f826b01d97,1000,1000.0,1000.0,1000.0,1000.0,1000.0,1000.0,1000.0,1000.0,1000,0,0,0,0,0,0,0,0,0,0
a36c997f10a63346ab28ecc138ad4e16,1000,1000.0,1000.0,1000.0,1000.0,1000.0,1000.0,1000.0,1000.0,1000,0,0,0,0,0,0,0,0,0,0
a3c36c7ef6eb303e39cbfca423bc200e,1000,1000.0,1000.0,1000.0,1000.0,1000.0,1000.0,1000.0,1000.0,1000,0,0,0,0,0,0,0,0,0,0
a72260cea22b829cc647c738f06f6064,1000,1000.0,1000.0,194.70904304434532,95.21150403131239,2.33029653880767,1000.0,26.512934924755854,143.53794505693244,1000,0,0,0,17,9,18,0,9,1,0
a8330b99e2c0817b68b70398ca21ea4b,1000,1000.0,1000.0,1000.0,1000.0,1000.0,1000.0,1000.0,1000.0,1000,0,0,0,0,0,0,0,0,0,0
a96bfcf189116bff986b6383b74b031b,1000,1000.0,1000.0,1000.0,1000.0,1000.0,1000.0,1000.0,1000.0,1000,0,0,0,0,0,0,0,0,0,0
a9eaac9d6bd9131f3b2a63ba5243e81d,1000,1000.0,360.85204887387073,13.107048110583978,401.68777945085907,6.914323636342081,1000.0,29.40913861232568,159.61759372236094,1000,0,0,4,61,17,172,0,27,11,0
ac05c40c61eb7e067c3353072e3a48b1,1000,1000.0,1000.0,1000.0,1000.0,1000.0,1000.0,15.118743438899621,1000.0,1000,0,0,0,0,0,0,0,1,0,0
ac2e8f50444be3cc1ba04183c4ddea5f,1000,1000.0,1000.0,1000.0,1000.0,1000.0,1000.0,1000.0,1000.0,1000,0,0,0,0,0,0,0,0,0,0
ae2c627dd02355b40b1c5424f380b235,1000,1000.0,46.93678928984343,49.07496776872273,291.0671783436403,12.412092424915325,79.08112173930316,1000.0,108.6702326594669,1000,0,0,6,30,4,17,3,0,5,0
ae4c8818488f5c8a264f778fce5e4de0,1000,1000.0,1000.0,73.3438709516818,34.2620921075969,38.17969382406181,141.64900429470296,22.5721155035964,146.15173831457446,1000,0,0,0,11,3,25,4,2,4,0
aec580f10c97f2fce3cea0ec6a6f1fa5,1000,1000.0,1000.0,1000.0,1000.0,1000.0,1000.0,1000.0,1000.0,1000,0,0,0,0,0,0,0,0,0,0
b1133a609c497bbf160bcb0d1b1bbc65,1000,1000.0,1000.0,1000.0,1000.0,1000.0,1000.0,1000.0,1000.0,1000,0,0,0,0,0,0,0,0,0,0
b26ef3be6f1884d5426394e0f7c41bc0,1000,1000.0,161.29642246027993,30.768557845495277,1000.0,85.17496699371912,1000.0,1000.0,18.034287628061964,1000,0,0,7,33,0,25,0,0,8,0
b2bb1aa98c829ccb21f7ae6b7a085369,1000,1000.0,68.04972124035422,1000.0,1000.0,22.87797716409706,1000.0,54.62038620642064,1000.0,1000,0,0,6,0,0,6,0,9,0,0
b30c1bed6f9b60a7268b956dc0959276,1000,1000.0,1000.0,1000.0,1000.0,1000.0,1000.0,1000.0,1000.0,1000,0,0,0,0,0,0,0,0,0,0
b3974fcc148b1d15b711ce1b3705e466,1000,1000.0,1000.0,1000.0,1000.0,1000.0,1000.0,1000.0,1000.0,1000,0,0,0,0,0,0,0,0,0,0
b4549728e963405a61a6c466170361e7,1000,1000.0,91.80817506129287,454.3594539488515,23.416612356482684,58.06901341067175,1000.0,1000.0,95.39653803455843,1000,0,0,6,2,2,11,0,0,4,0
b6a00d121568c1323a5e884abbb9c176,1000,1000.0,35.090085053043786,86.3267005473411,1000.0,15.554900891605149,1000.0,1000.0,303.0147827406402,1000,0,0,12,27,0,27,0,0,4,0
b83cecf0c2996e4c3d4d7e0a875111fc,1000,1000.0,1000.0,1000.0,1000.0,1000.0,1000.0,1000.0,1000.0,1000,0,0,0,0,0,0,0,0,0,0
b930e540b2ffd316fdc00f59d72f16a4,1000,1000.0,68.82905570640224,209.48076032438786,1000.0,7.391759808847438,1000.0,79.7603833131005,132.45950389501087,1000,0,0,5,2,0,34,0,4,2,0
ba697922682c64ab9021e41154332e2e,1000,172.99841317145558,315.1094703458199,106.12197167875445,1000.0,4.106259050337833,59.0375832315021,1000.0,6.366047080863538,1000,0,1,9,52,0,265,18,0,48,0
bac8929b723e9db71632b8960f5ef119,1000,1000.0,1000.0,1000.0,1000.0,1000.0,1000.0,1000.0,1000.0,1000,0,0,0,0,0,0,0,0,0,0
bb195ae56a5c226b80a5199a822785b1,1000,1000.0,35.090085053043786,86.3267005473411,1000.0,15.554900891605149,1000.0,1000.0,303.0147827406402,1000,0,0,12,27,0,27,0,0,4,0
bb57aa30a98e1b7e2bbc247c2df4bc85,1000,1000.0,1000.0,1000.0,1000.0,1000.0,1000.0,1000.0,1000.0,1000,0,0,0,0,0,0,0,0,0,0
bbad494a592e105f2875e037b6de7352,1000,1000.0,36.30638676150566,48.423914005809785,464.96156126075647,3.150308885380423,1000.0,1000.0,471.52416672123616,1000,0,0,7,13,2,28,0,0,1,0
bbc97c4ba71332f2ffab1251e50155d3,1000,1000.0,1000.0,23.135726885864226,192.14118620644214,13.976712237245074,1000.0,27.874570891421577,239.2402848083414,1000,0,0,0,37,5,29,0,18,3,0
bc9a46872bcc6e9497c1c5235c6dd7a8,1000,1000.0,287.78440104220357,339.9406997997671,1000.0,4.229352522092135,184.08023779625762,180.92000789262002,15.888048146061337,1000,0,0,20,18,0,107,12,24,40,0
bd4bb2002760ffeee11970b085a2cc77,1000,1000.0,1000.0,37.42738579795943,1000.0,2.5959068592367247,1000.0,35.29989373882044,123.51266044682001,1000,0,0,0,87,0,62,0,40,8,0
c0c69c0b3ef8ec002477dcba6de80e4b,1000,1000.0,1000.0,1000.0,1000.0,1000.0,1000.0,1000.0,1000.0,1000,0,0,0,0,0,0,0,0,0,0
c0d2b4650bf6ac24dd167a3717454ea0,1000,1000.0,1000.0,68.65777050314027,1000.0,7.294786047129488,323.5785694076335,15.61608018717659,113.6087230678808,1000,0,0,0,99,0,86,6,51,8,0
c18ea35605b0b649ca188b37f14c7655,1000,1000.0,16.76745531195989,484.51151679857537,23.732060245816974,9.831351652651522,105.92186799030198,1000.0,1000.0,1000,0,0,2,1,3,27,3,0,0,0
c2b5d88d5a90cb0eec02a491320e59a9,1000,1000.0,1000.0,25.35342261960627,143.8923288686161,29.53444827863553,1000.0,1000.0,1000.0,1000,0,0,0,55,14,32,0,0,0,0
c311a27df7cf9bfa183c541427be43a1,1000,1000.0,33.45473683282132,43.98430858578029,1000.0,32.48693471846411,1000.0,1000.0,94.90087790880752,1000,0,0,6,14,0,35,0,0,4,0
c3c10eef0d447fa0ddf70a3a4d7a6af6,1000,1000.0,54.64577662302984,25.11436057702115,1000.0,5.729743080149935,1000.0,56.810945645343644,1000.0,1000,0,0,13,68,0,215,0,19,0,0
c3c7884e79d441175ca80895408d802e,1000,1000.0,54.64577662302984,25.11436057702115,1000.0,5.729743080149935,1000.0,56.810945645343644,1000.0,1000,0,0,13,68,0,215,0,19,0,0
c3e45527b6ebe319ed107752db6b3524,1000,1000.0,31.12099754888158,135.40028391388105,1000.0,96.6650558163994,1000.0,58.3374906737021,1000.0,1000,0,0,12,19,0,28,0,5,0,0
c4279639e4eeb7bb748720d41deaefe8,1000,1000.0,1000.0,221.40096034460035,136.4927136857257,28.495234289797743,1000.0,23.756224475240572,134.92907335754526,1000,0,0,0,16,9,18,0,9,1,0
c4bedce021afe82ef4e19cd0c51ae358,1000,1000.0,1000.0,1000.0,1000.0,1000.0,1000.0,1000.0,1000.0,1000,0,0,0,0,0,0,0,0,0,0
c5be0d285bec719ba47fbf5b3d1461f5,1000,1000.0,1000.0,1000.0,1000.0,1000.0,1000.0,1000.0,1000.0,1000,0,0,0,0,0,0,0,0,0,0
c5cd8928b62073be88fd649cfbdddb3e,1000,1000.0,1000.0,1000.0,1000.0,1000.0,1000.0,1000.0,1000.0,1000,0,0,0,0,0,0,0,0,0,0
c73ce6f9c4708686ee6224cfe829de7a,1000,1000.0,1000.0,133.17598421763785,1000.0,11.584132172715544,40.615856300220855,45.80870517384435,100.7066291050838,1000,0,0,0,11,0,46,16,18,9,0
c79304635c809773be36b1a11ce19ab9,1000,1000.0,22.188392985471165,139.21669100982777,1000.0,12.36352349476654,1000.0,1000.0,66.87002944155476,1000,0,0,30,37,0,49,0,0,28,0
c7b339760ed56053851a3325e6d2a694,1000,1000.0,1000.0,368.2805779794416,24.843073873430228,5.903719928882509,1000.0,1000.0,273.60545582774756,1000,0,0,0,6,2,10,0,0,14,0
c8aaa1134d72cc9ce5d9471be3de37d6,1000,1000.0,1000.0,1000.0,1000.0,1000.0,1000.0,1000.0,1000.0,1000,0,0,0,0,0,0,0,0,0,0
c9e1bbdfcc2f9b622ae9db6bfea89fcf,1000,1000.0,1000.0,23.135726885864226,192.14118620644214,13.976712237245074,1000.0,27.874570891421577,239.2402848083414,1000,0,0,0,37,5,29,0,18,3,0
ca229a07bbf1291dee1067adc73e0194,1000,1000.0,21.747746141692446,61.13367687973064,1000.0,6.315324397170438,62.19041179287538,1000.0,19.70587515443409,1000,0,0,18,44,0,43,9,0,13,0
cae6dc1c62a7c6e04fbce1ec00b13eec,1000,1000.0,16.76745531195989,484.51151679857537,23.732060245816974,9.831351652651522,105.92186799030198,1000.0,1000.0,1000,0,0,2,1,3,27,3,0,0,0
cb2d5c723eda68efd4251ad33371e360,1000,1000.0,1000.0,68.50158532558316,1000.0,11.028320413635344,152.63833209150897,74.6995410454522,1000.0,1000,0,0,0,97,0,88,12,63,0,0
cbec968fd09486e4e5c2b29c839b178c,1000,1000.0,1000.0,1000.0,1000.0,1000.0,1000.0,1000.0,1000.0,1000,0,0,0,0,0,0,0,0,0,0
ccee725d0028641a185994b7ee2064c0,1000,1000.0,1000.0,70.5158772971273,114.1647055834925,4.865700751018594,1000.0,53.07358838899355,142.78636423381323,1000,0,0,0,9,4,48,0,15,1,0
ccf249ccad41679e40f8a9781366ae91,1000,1000.0,1000.0,41.67771873025999,25.55865027632293,19.240085988608094,1000.0,69.34426238304302,38.89112309550505,1000,0,0,0,11,12,20,0,12,5,0
cd8df4a55f55b19eacf1782569bbc0ad,1000,1000.0,1000.0,194.70904304434532,95.21150403131239,2.33029653880767,1000.0,26.512934924755854,143.53794505693244,1000,0,0,0,17,9,18,0,9,1,0
cda9d78c7a5ca29070e60c2c5f009524,1000,1000.0,1000.0,1000.0,1000.0,1000.0,1000.0,1000.0,1000.0,1000,0,0,0,0,0,0,0,0,0,0
cdbcaab6df0ccbc1652a1a9b5bbcf78d,1000,1000.0,1000.0,21.841019885737406,30.803466554806228,12.136724554707975,1000.0,417.88787764876724,11.238067121875455,1000,0,0,0,44,19,57,0,9,11,0
cee0725bd35e3ffe67548c2da01c3d87,1000,1000.0,1000.0,1000.0,1000.0,1000.0,1000.0,1000.0,1000.0,1000,0,0,0,0,0,0,0,0,0,0
d1339cce42f1e29ed6d7243c107272f0,1000,1000.0,1000.0,1000.0,1000.0,1000.0,1000.0,1000.0,1000.0,1000,0,0,0,0,0,0,0,0,0,0
d19ae78cc789f861f848b6b3515d3973,1000,1000.0,12.243889266467066,306.72716752879245,1000.0,13.504321937014641,1000.0,1000.0,40.69037673438052,1000,0,0,4,4,0,18,0,0,1,0
d335dac8c2f0747b6ad2c2021b030f0b,1000,1000.0,16.563705662855458,88.27170386486033,1000.0,30.72893841222465,1000.0,1000.0,137.24367802809954,1000,0,0,11,11,0,30,0,0,8,0
d43dc3508961671399603327ba01de61,1000,1000.0,1000.0,185.78149857106712,1000.0,9.614686652396678,1000.0,13.193399038229707,360.56667431080166,1000,0,0,0,2,0,14,0,1,1,0
d49b70854d994779200d5ab9a0c0b68f,1000,1000.0,200.46101100202858,8.184274532400904,376.4935151594854,113.22642406092952,179.84405373797614,1000.0,303.6877441365592,1000,0,0,7,76,6,49,4,0,1,0
d56c1f4e74edf6b0808ea7e68e5516b3,1000,172.99841317145558,315.1094703458199,106.12197167875445,1000.0,4.106259050337833,59.0375832315021,1000.0,6.366047080863538,1000,0,1,9,52,0,265,18,0,48,0
d57fa2d43730091b7cbbc24aa38a77de,1000,1000.0,1000.0,373.4590059762832,1000.0,39.42548887376532,149.0425439973249,1000.0,149.07172486143133,1000,0,0,0,13,0,50,4,0,13,0
d645950917387ec67135e74ce4b34fc0,1000,1000.0,5.731742470872907,10.684593899700827,263.857011492764,276.408715355796,1000.0,1000.0,1000.0,1000,0,0,7,51,2,16,0,0,0,0
d8cb31d42cab8546a0f41eb8ef0a1cbf,1000,1000.0,1000.0,1000.0,1000.0,1000.0,1000.0,1000.0,1000.0,1000,0,0,0,0,0,0,0,0,0,0
d8f3f46e1e86ea1736fea506ac930692,1000,1000.0,1000.0,1000.0,1000.0,1000.0,1000.0,1000.0,1000.0,1000,0,0,0,0,0,0,0,0,0,0
d96feda08c6dc9de32d3227fcb609168,1000,1000.0,1000.0,69.97279809695806,1000.0,8.725623249223986,52.152025092041676,31.311718717761586,1000.0,1000,0,0,0,53,0,64,11,23,0,0
da6adc25865f66c56ca13e9bba84cc0e,1000,1000.0,1000.0,1000.0,1000.0,1000.0,1000.0,1000.0,1000.0,1000,0,0,0,0,0,0,0,0,0,0
da838e4832b899bb2b0c7e6fb2db7cb0,1000,1000.0,1000.0,1000.0,1000.0,1000.0,1000.0,1000.0,1000.0,1000,0,0,0,0,0,0,0,0,0,0
dac19894655dcb5f6702e1471aa2e261,1000,1000.0,1000.0,1000.0,1000.0,1.2305579452295423,1000.0,18.899545408458177,1000.0,1000,0,0,0,0,0,45,0,1,0,0
db60c006cfdba2d1f0c47108da25f63e,1000,1000.0,1000.0,1000.0,1000.0,1000.0,1000.0,1000.0,1000.0,1000,0,0,0,0,0,0,0,0,0,0
dd996a15f71b7b46fe02ede3353f4431,1000,1000.0,1000.0,9.869974639742729,1000.0,2.015266248352326,1000.0,74.88941380446609,146.01933496205638,1000,0,0,0,46,0,37,0,11,11,0
df4229c822a5349d9867e36e4c6a289c,1000,1000.0,33.45473683282132,43.98430858578029,1000.0,32.48693471846411,1000.0,1000.0,94.90087790880752,1000,0,0,6,14,0,35,0,0,4,0
e023c348a1dd3416b96369cc3d9b7051,1000,1000.0,1000.0,59.10522137640349,1000.0,19.87304205719658,381.64020492454705,47.45185800246636,1000.0,1000,0,0,0,58,0,56,10,18,0,0
e044abcbac71dd92fc7e8ecc4ed07f93,1000,1000.0,1000.0,1000.0,1000.0,1000.0,1000.0,1000.0,1000.0,1000,0,0,0,0,0,0,0,0,0,0
e2ac043b1bfcb0620188ce7055f0184b,1000,1000.0,1000.0,310.5689057311104,1000.0,21.511425867523165,1000.0,32.08960439057152,288.40893050464297,1000,0,0,0,2,0,14,0,5,2,0
e3c5fc50849142922e09fecc04723264,1000,1000.0,1000.0,1000.0,1000.0,1000.0,1000.0,1000.0,1000.0,1000,0,0,0,0,0,0,0,0,0,0
e4d40bd6caa8adbe8fa0242d36cb9cca,1000,1000.0,360.85204887387073,13.107048110583978,401.68777945085907,6.914323636342081,1000.0,29.40913861232568,159.61759372236094,1000,0,0,4,61,17,172,0,27,11,0
e63329a6a6c5543d7184609bc4cd4768,1000,1000.0,88.53175730070913,273.97091058756905,44.6839186357394,30.960460370695415,1000.0,1000.0,19.341111803099764,1000,0,0,5,1,2,58,0,0,2,0
e6e6fd6be5e7b31bc170fe1bd5ef07a3,1000,1000.0,29.751008044591273,46.97691190320876,1000.0,25.91855787710652,1000.0,1000.0,1000.0,1000,0,0,8,26,0,37,0,0,0,0
e7e0aaf79e62d04f4cc7942ef73f4e9e,1000,1000.0,1000.0,1000.0,1000.0,1000.0,1000.0,1000.0,1000.0,1000,0,0,0,0,0,0,0,0,0,0
ec4b5d401dce2c415758e2725e8e1d71,1000,251.94814130658787,92.08743817726725,237.0799828122145,1000.0,33.78076275786772,23.627612667427886,47.16243298512347,115.73028820929534,1000,0,23,15,45,0,114,28,24,20,0
ef95881f3e97c8cfc77adce90a2a8920,1000,1000.0,37.55188959093598,26.0261270044068,60.010384897601355,39.99199915192993,1000.0,1000.0,16.579634732962525,1000,0,0,17,14,4,39,0,0,7,0
f0af9ddc6fa573d60ec6cfa42ffb1393,1000,1000.0,12.243889266467066,306.72716752879245,1000.0,13.504321937014641,1000.0,1000.0,40.69037673438052,1000,0,0,4,4,0,18,0,0,1,0
f232f11904846cfd5f2df752ee4a01aa,1000,1000.0,75.63636978782253,109.20149429022722,1000.0,5.462547619804698,20.138954800687095,1000.0,1000.0,1000,0,0,15,83,0,23,14,0,0,0
f341be7b42df113d71906936dcdbcef4,1000,1000.0,1000.0,20.051729476609562,19.223727623389816,38.9152648634884,1000.0,140.6473820540196,137.24202993276194,1000,0,0,0,6,9,12,0,8,1,0
f3870a14cddc01b6d4f27f18b77618d1,1000,1000.0,1000.0,1000.0,1000.0,1000.0,1000.0,1000.0,1000.0,1000,0,0,0,0,0,0,0,0,0,0
f3f01fcd0836f3c93ca63c92e3a8c3ed,1000,1000.0,1000.0,1000.0,1000.0,1000.0,1000.0,1000.0,1000.0,1000,0,0,0,0,0,0,0,0,0,0
f69148de3f9362a83f5a0eec51876461,1000,1000.0,1000.0,1000.0,1000.0,1000.0,1000.0,1000.0,1000.0,1000,0,0,0,0,0,0,0,0,0,0
f6ef637eb61c9095d1e97ed8088b4908,1000,1000.0,22.094888409366146,33.18297518199654,141.26876352489327,1.8944340409305616,1000.0,1000.0,1000.0,1000,0,0,6,28,3,91,0,0,0,0
f789526ac445984e3c8135c1d17423ef,1000,1000.0,1000.0,159.2160237199404,1000.0,4.537911679528121,95.86162632804616,204.1869484690636,112.02987757659507,1000,0,0,0,85,0,102,49,25,10,0
f8162abc56c35b50b1208ed3979ad76e,1000,1000.0,1000.0,105.65653893500716,1000.0,7.721179918471901,51.42192295185678,35.858941950361974,109.57879952714357,1000,0,0,0,3,0,43,8,9,2,0
f9c127088677b3ae7f4d795447075d35,1000,1000.0,1000.0,1000.0,1000.0,1000.0,1000.0,1000.0,1000.0,1000,0,0,0,0,0,0,0,0,0,0
f9c13b5c5fc52952ab4744e8850d7a13,1000,1000.0,1000.0,1000.0,1000.0,1000.0,1000.0,1000.0,1000.0,1000,0,0,0,0,0,0,0,0,0,0
fb1ec9df54528942fc7464b04476fe81,1000,1000.0,28.08991189396128,88.16252337943315,342.3965540126824,7.212001021574882,437.03428751039684,1000.0,145.75484254514691,1000,0,0,7,51,5,38,1,0,1,0
fbd3a07e8ddf39be48f2b5f371b31ef6,1000,1000.0,17.66648284570189,21.746287889146732,1000.0,32.93900305250813,1000.0,105.13259169669644,1000.0,1000,0,0,13,78,0,209,0,19,0,0
fc1b23bf124f2e441b727acc3bf112b9,1000,1000.0,9.662736060115085,191.1701973275522,1000.0,10.63092385636713,1000.0,1000.0,131.16749752370913,1000,0,0,5,3,0,35,0,0,8,0
fc4449e00ebe8e51975ff232bb790268,1000,1000.0,1000.0,1000.0,1000.0,1000.0,1000.0,1000.0,1000.0,1000,0,0,0,0,0,0,0,0,0,0
fd0de869e238a09fcff19ea14d716561,1000,1000.0,1000.0,54.9418990216183,1000.0,13.70758786478272,52.26180863847311,58.01893038518907,55.586697904883586,1000,0,0,0,9,0,27,13,22,3,0
ffd7b637cfed7bd824ee42842c664d55,1000,1000.0,1000.0,1000.0,1000.0,1000.0,1000.0,1000.0,1000.0,1000,0,0,0,0,0,0,0,0,0,0
