id,size_total,start_day,end_day,calendar_day_count_x,active_days_count,percentage_average,average_daily_minutes,operator,capacity_kw,address,title,country_name,calendar_day_count_y,geometry,road_distance_nan,road_distance_living_street,road_distance_primary,road_distance_residential,road_distance_secondary,road_distance_service,road_distance_tertiary,road_distance_trunk,road_distance_unclassified,road_distance_motorway,road_count_nan,road_count_living_street,road_count_primary,road_count_residential,road_count_secondary,road_count_service,road_count_tertiary,road_count_trunk,road_count_unclassified,road_count_motorway
63382301d2c136fca3bb93f60d11875d,1,2024-09-01,2025-08-31,365,330,46.13774733637748,664.3835616438356,Wattif,75.0,"Emma Olsens Vei 1, 9450 Hamnvik  9450 HAMNVIK",Ibestad Kommune,Norway,365,POINT(17.15857 68.78548),1000.0,1000.0,1000.0,135.75044260661346,18.68972945440752,0.5525957492202727,1000.0,1000.0,1000.0,1000.0,0,0,0,2,3,27,0,0,0,0.0
f6ef637eb61c9095d1e97ed8088b4908,1,2025-02-10,2025-07-25,166,127,44.97657295850067,647.6626506024096,Kople As,75.0,Klakkjeveien 5 8920 SØMNA,PWR UP - Coop Berg,Norway,166,POINT(12.19671 65.36867),1000.0,1000.0,22.094888409366146,33.18297518199654,141.26876352489327,1.8944340409305616,1000.0,1000.0,1000.0,1000.0,0,0,6,28,3,91,0,0,0,0.0
93a9bebd18ba399e34c11d5233ea4620,1,2024-09-01,2025-08-31,365,304,43.62956621004566,628.2657534246575,Kople As,75.0,Kongsveien 84 9350 SJØVEGAN,Kople Coop Extra Sjøvegan,Norway,365,POINT(17.83002 68.87709),1000.0,1000.0,13.339426417313469,128.5483071337884,1000.0,0.20708696352701178,136.5974230963158,1000.0,369.98128228100774,1000.0,0,0,5,9,0,58,3,0,2,0.0
a3c36c7ef6eb303e39cbfca423bc200e,1,2024-09-02,2025-08-31,364,224,20.191544566544568,290.75824175824175,Kople As,75.0,Flakstadveien  8380 RAMBERG,Bodø Energi - Ramberg,Norway,364,POINT(13.22632 68.08956),1000.0,1000.0,1000.0,1000.0,1000.0,1000.0,1000.0,1000.0,1000.0,1000.0,0,0,0,0,0,0,0,0,0,0.0
93dac09bca00923e49bbe7390495798d,1,2024-10-23,2025-08-27,309,216,17.78631787126933,256.12297734627833,Allego,50.0,Jordbruksveien 44 8008 BODØ,Allego NOALLE00002109,Norway,309,POINT(14.40087 67.27614),1000.0,1000.0,1000.0,34.44336808548774,1000.0,40.58197398408417,223.1236887657464,121.21179711598788,1000.0,1000.0,0,0,0,102,0,57,12,16,0,0.0
638bacbd9f18c016e649b9eee59efa73,1,2024-09-01,2025-08-31,365,160,17.300418569254187,249.1260273972603,Kople As,75.0,Kulturveien 3589 8110 MOLDJORD,PWR UP - Misvær,Norway,365,POINT(15.00377 67.11659),1000.0,1000.0,29.751008044591273,46.97691190320876,1000.0,25.91855787710652,1000.0,1000.0,1000.0,1000.0,0,0,8,26,0,37,0,0,0,0.0
b6a00d121568c1323a5e884abbb9c176,1,2024-09-03,2025-08-31,363,270,16.924165901438624,243.70798898071627,Kople As,75.0,Sentrum 47 7877 HØYLANDET,Kople YX Høylandet,Norway,363,POINT(12.29867 64.62597),1000.0,1000.0,35.090085053043786,86.3267005473411,1000.0,15.554900891605149,1000.0,1000.0,303.0147827406402,1000.0,0,0,12,27,0,27,0,0,4,0.0
bc9a46872bcc6e9497c1c5235c6dd7a8,16,2024-09-01,2025-08-31,365,346,16.76179604261796,241.36986301369862,Mer,150.0,Karlsøyvegen 12 9015 TROMSØ,Obs Jekta Storsenter,Norway,365,POINT(18.92331 69.67368),1000.0,1000.0,287.78440104220357,339.9406997997671,1000.0,4.229352522092135,184.08023779625762,180.92000789262002,15.888048146061337,1000.0,0,0,20,18,0,107,12,24,40,0.0
d19ae78cc789f861f848b6b3515d3973,1,2024-09-02,2025-08-28,361,220,16.20517851646661,233.3545706371191,Kople As,75.0,Skauvolløya 2 8140 INNDYR,Bodø Energi - Skauvoll,Norway,361,POINT(14.04286 66.98669),1000.0,1000.0,12.243889266467066,306.72716752879245,1000.0,13.504321937014641,1000.0,1000.0,40.69037673438052,1000.0,0,0,4,4,0,18,0,0,1,0.0
77488afd8aa3d167e8264e60805ad995,4,2024-09-01,2025-08-31,365,342,15.652825342465754,225.40068493150685,Mer,150.0,Solstrandvegen 47 9020 TROMSDALEN,AMFI Pyramiden,Norway,365,POINT(18.96988 69.63979),1000.0,1000.0,1000.0,116.31905155407819,1000.0,11.68876359214776,81.20507324748704,24.924535136877832,1000.0,1000.0,0,0,0,10,0,44,19,9,0,0.0
7dd1c554e3ecc5b89883ad2a567a8c00,1,2024-09-01,2025-08-31,365,182,15.301179604261794,220.33698630136988,Kople As,75.0,Svalivegen 2 7863 OVERHALLA,Kople Overhalla kommunehus,Norway,365,POINT(11.94781 64.49398),1000.0,1000.0,37.55188959093598,26.0261270044068,60.010384897601355,39.99199915192993,1000.0,1000.0,16.579634732962525,1000.0,0,0,17,14,4,39,0,0,7,0.0
7d0208cddba62ef72c77f85145cecc13,1,2024-09-01,2025-08-31,365,300,14.909531963470323,214.6972602739726,Recharge,50.0,Teglverkveien 1 8006 BODØ,Recharge Esso Rønvik,Norway,365,POINT(14.40705 67.29354),1000.0,1000.0,211.8486952081509,213.03510003964428,1000.0,25.210756796180267,18.400155364726587,1000.0,89.64148800637655,1000.0,0,0,17,50,0,121,11,0,3,0.0
84766dc04b47c5f442f3714af593b052,1,2024-09-01,2025-08-31,365,216,14.733257229832573,212.15890410958903,Kople As,75.0,Reine ytre havn 1 8390 REINE,Bodø Energi - Reine,Norway,365,POINT(13.09484 67.93444),1000.0,1000.0,1000.0,1000.0,1000.0,1000.0,1000.0,1000.0,1000.0,1000.0,0,0,0,0,0,0,0,0,0,0.0
ae2c627dd02355b40b1c5424f380b235,1,2024-09-03,2025-08-31,363,155,14.621786042240586,210.55371900826447,Kople As,75.0,Sørfjordveien 2B 8230 SULITJELMA,PWR UP - Terråk,Norway,363,POINT(12.37507 65.08909),1000.0,1000.0,46.93678928984343,49.07496776872273,291.0671783436403,12.412092424915325,79.08112173930316,1000.0,108.6702326594669,1000.0,0,0,6,30,4,17,3,0,5,0.0
303e23a20828d3bd51eecda66383e525,2,2024-09-01,2025-08-31,365,343,13.876236681887363,199.8178082191781,Eviny,350.0,Idrettsgata 61 8370 LEKNES,Rema 1000 Leknes,Norway,365,POINT(13.62055 68.14511),1000.0,1000.0,1000.0,1000.0,1000.0,1000.0,1000.0,1000.0,1000.0,1000.0,0,0,0,0,0,0,0,0,0,0.0
a17880ad0d882c4f06f232a83c2d1037,2,2024-09-01,2025-08-31,365,257,12.682838660578385,182.63287671232877,Kople As,75.0,Flostrandveien 2 8725 UTSKARPEN,LAD OPP - Utskarpen - AC,Norway,365,POINT(13.55049 66.29599),1000.0,1000.0,21.077474435497304,423.09390166139156,1000.0,4.507440822864338,1000.0,1000.0,1000.0,1000.0,0,0,4,2,0,16,0,0,0,0.0
6dd859991c7faed1367eb49f8abe9231,6,2025-05-24,2025-08-31,100,84,12.645601851851854,182.0966666666667,Ionity,350.0,Kleist Geddes Vei 35 7890 NAMSSKOGAN,IONITY Namsskogan,Norway,100,POINT(13.16774 64.93432),,,,,,,,,,,,,,,,,,,,
df4229c822a5349d9867e36e4c6a289c,2,2024-09-01,2025-08-31,365,219,11.540620243531201,166.18493150684932,Kople As,75.0,Dalheimveien 2 8178 HALSA,LAD OPP - Halsa - AC,Norway,365,POINT(13.55166 66.74281),1000.0,1000.0,33.45473683282132,43.98430858578029,1000.0,32.48693471846411,1000.0,1000.0,94.90087790880752,1000.0,0,0,6,14,0,35,0,0,4,0.0
53c5f0e4462f75ce099dc6b5055fd101,4,2024-09-01,2025-08-31,365,341,11.419758371385084,164.44452054794522,Mer,150.0,Storgata 8 8370 LEKNES,Lofotsenteret,Norway,365,POINT(13.6183 68.14824),1000.0,1000.0,1000.0,1000.0,1000.0,1000.0,1000.0,1000.0,1000.0,1000.0,0,0,0,0,0,0,0,0,0,0.0
0e6e5d26963b1b83183beb70aadc63d5,1,2024-09-01,2025-08-31,365,310,11.158295281582951,160.67945205479452,Recharge,150.0,Verkstedveien 3 8624 MO I RANA,Recharge Esso Langneset,Norway,365,POINT(14.13423 66.3045),1000.0,1000.0,1000.0,93.50338586844852,1000.0,8.27322647148762,110.44223051135636,62.83805639824648,54.276942323552746,1000.0,0,0,0,56,0,61,16,32,12,0.0
47fceadb3a4d4745d2c06158c0dafd9d,4,2024-09-01,2025-08-31,365,341,10.998810882800607,158.38287671232877,Mer,150.0,Verftsgata 4 7800 NAMSOS,Namsos Storsenter,Norway,365,POINT(11.48985 64.46843),1000.0,1000.0,21.52426651938393,66.82650703028686,214.21047922406663,46.52225860705783,1000.0,1000.0,11.511737841040429,1000.0,0,0,41,75,7,32,0,0,63,0.0
2c0a1c43ce2b61b2fce6a2a3a7f3856f,2,2025-04-07,2025-08-31,147,144,10.988756613756612,158.23809523809524,Kople As,180.0,Chr. Tidemanns vei 1 8150 ØRNES,LAD OPP - Ørnes - AC,Norway,147,POINT(13.7054 66.87337),1000.0,1000.0,16.76954315408864,131.53741029410392,1000.0,29.353180771462565,299.0924054307888,1000.0,1000.0,1000.0,0,0,14,40,0,46,4,0,0,0.0
bd4bb2002760ffeee11970b085a2cc77,4,2024-09-01,2025-08-31,365,339,10.879661339421615,156.66712328767125,Uno-X,300.0,Sjøgata 47A 8200 FAUSKE,Uno-X Fauske,Norway,365,POINT(15.38319 67.25873),1000.0,1000.0,1000.0,37.42738579795943,1000.0,2.5959068592367247,1000.0,35.29989373882044,123.51266044682001,1000.0,0,0,0,87,0,62,0,40,8,0.0
ca229a07bbf1291dee1067adc73e0194,1,2024-09-01,2025-08-31,365,342,10.837709284627095,156.06301369863013,Kople As,150.0,Sjøgata 43 9300 FINNSNES,Ishavskraft - Finnsnes,Norway,365,POINT(18.00306 69.23121),1000.0,1000.0,21.747746141692446,61.13367687973064,1000.0,6.315324397170438,62.19041179287538,1000.0,19.70587515443409,1000.0,0,0,18,44,0,43,9,0,13,0.0
7d6c6baa493871fdbdb06fc321abb272,1,2024-09-01,2025-08-30,364,105,10.831997863247864,155.98076923076923,Kople As,75.0,Østre Beiarveien 5 8110 MOLDJORD,PWR UP - Beiarn,Norway,364,POINT(14.7604 66.98871),1000.0,1000.0,91.80817506129287,454.3594539488515,23.416612356482684,58.06901341067175,1000.0,1000.0,95.39653803455843,1000.0,0,0,6,2,2,11,0,0,4,0.0
4d2e027600b2ea83462bd18048cd8bfe,1,2024-09-05,2025-08-18,348,121,10.738545657726695,154.63505747126436,Kople As,75.0,Espenesveien 75 9311 BRØSTADBOTN,Kople YX Brøstadbotn,Norway,348,POINT(17.70315 69.0933),1000.0,1000.0,1000.0,368.2805779794416,24.843073873430228,5.903719928882509,1000.0,1000.0,273.60545582774756,1000.0,0,0,0,6,2,10,0,0,14,0.0
a72260cea22b829cc647c738f06f6064,1,2025-04-07,2025-08-31,147,142,10.636810279667422,153.17006802721087,Kople As,180.0,E6 Røklandsenteret  8255 RØKLAND,PWR UP - Røkland,Norway,147,POINT(15.31518 66.98087),1000.0,1000.0,1000.0,194.70904304434532,95.21150403131239,2.33029653880767,1000.0,26.512934924755854,143.53794505693244,1000.0,0,0,0,17,9,18,0,9,1,0.0
cb2d5c723eda68efd4251ad33371e360,2,2024-09-01,2025-08-31,365,269,10.469368340943683,150.75890410958905,Kople AS,62.5,Plassen 1 8006 BODØ,ChargeUp - Nordland Taxi,Norway,365,POINT(14.39886 67.28696),1000.0,1000.0,1000.0,68.50158532558316,1000.0,11.028320413635344,152.63833209150897,74.6995410454522,1000.0,1000.0,0,0,0,97,0,88,12,63,0,0.0
f232f11904846cfd5f2df752ee4a01aa,2,2024-09-01,2025-08-31,365,341,10.342751141552512,148.93561643835616,Mer,50.0,Storgata 58 8900 BRØNNØYSUND,Havnesenteret,Norway,365,POINT(12.20712 65.47296),1000.0,1000.0,75.63636978782253,109.20149429022722,1000.0,5.462547619804698,20.138954800687095,1000.0,1000.0,1000.0,0,0,15,83,0,23,14,0,0,0.0
e7e0aaf79e62d04f4cc7942ef73f4e9e,4,2024-09-01,2025-08-31,365,341,10.069777397260275,145.00479452054793,Mer,150.0,Skilleveien 5 9411 HARSTAD,AMFI Kanebogen,Norway,365,POINT(16.56566 68.77846),1000.0,1000.0,1000.0,1000.0,1000.0,1000.0,1000.0,1000.0,1000.0,1000.0,0,0,0,0,0,0,0,0,0,0.0
31013ee21240556dbc13d39e11e0017e,4,2024-12-21,2025-08-31,254,238,9.906632764654418,142.65551181102362,Kople As,180.0,Trollvikveien 18 8530 BJERKVIK,Kople Bjerkvik hotell,Norway,254,POINT(17.55269 68.55041),1000.0,1000.0,1000.0,66.64769202133336,402.7542796934222,9.066864196911201,1000.0,37.426447836590434,272.9245419345323,1000.0,0,0,0,40,5,28,0,19,3,0.0
7c6e05e11c28e57d149dd5655d5356b7,1,2024-09-01,2025-08-31,365,325,9.807458143074582,141.22739726027396,Eviny,100.0,Idrettsgata 61 8370 LEKNES,Rema 1000 Leknes,Norway,365,POINT(13.62055 68.14511),1000.0,1000.0,1000.0,1000.0,1000.0,1000.0,1000.0,1000.0,1000.0,1000.0,0,0,0,0,0,0,0,0,0,0.0
f9c127088677b3ae7f4d795447075d35,1,2024-09-01,2025-08-31,365,333,9.739726027397262,140.25205479452055,Eviny,100.0,Industriveien 7 8480 ANDENES,Rema 1000 Andenes,Norway,365,POINT(16.10047 69.30986),1000.0,1000.0,1000.0,1000.0,1000.0,1000.0,1000.0,1000.0,1000.0,1000.0,0,0,0,0,0,0,0,0,0,0.0
e044abcbac71dd92fc7e8ecc4ed07f93,2,2025-02-27,2025-08-31,186,175,9.73902329749104,140.24193548387098,Eviny,75.0,Lofotgata 33 8300 SVOLVÆR,Alti Svolvær,Norway,186,POINT(14.55993 68.23444),1000.0,1000.0,1000.0,1000.0,1000.0,1000.0,1000.0,1000.0,1000.0,1000.0,0,0,0,0,0,0,0,0,0,0.0
84a696b102c8238ed6f6a0519294892a,2,2024-09-01,2025-08-31,365,336,9.721556316590563,139.9904109589041,Mer,50.0,Strandgata 12 8400 SORTLAND,Skibsgården Senter,Norway,365,POINT(15.41829 68.69556),1000.0,1000.0,1000.0,1000.0,1000.0,1000.0,1000.0,1000.0,1000.0,1000.0,0,0,0,0,0,0,0,0,0,0.0
2aa9415f4a702f9e10823ca808633b79,1,2024-09-01,2025-08-31,365,301,9.714944824961947,139.89520547945204,Recharge,225.0,Teglverkveien 1 8006 BODØ,Recharge Esso Rønvik,Norway,365,POINT(14.40705 67.29354),1000.0,1000.0,211.8486952081509,213.03510003964428,1000.0,25.210756796180267,18.400155364726587,1000.0,89.64148800637655,1000.0,0,0,17,50,0,121,11,0,3,0.0
02f8f5166b240ad19dcad7453b8f2668,1,2024-09-01,2025-08-31,365,338,9.588660578386607,138.07671232876712,Kople As,175.0,Løkvollveien 5 9144 SAMUELSBERG,Ishavsveien - Manndalen,Norway,365,POINT(20.5506 69.54169),1000.0,1000.0,1000.0,41.67771873025999,25.55865027632293,19.240085988608094,1000.0,69.34426238304302,38.89112309550505,1000.0,0,0,0,11,12,20,0,12,5,0.0
f789526ac445984e3c8135c1d17423ef,7,2024-09-01,2025-08-31,365,343,9.471841704718416,136.3945205479452,Mer,150.0,Bolagsgata 1 8514 NARVIK,Amfi Narvik Malmporten,Norway,365,POINT(17.42155 68.43795),1000.0,1000.0,1000.0,159.2160237199404,1000.0,4.537911679528121,95.86162632804616,204.1869484690636,112.02987757659507,1000.0,0,0,0,85,0,102,49,25,10,0.0
bbc97c4ba71332f2ffab1251e50155d3,4,2024-09-01,2025-08-31,365,309,9.409579528158295,135.49794520547945,Recharge,400.0,Nordmoveien 17 8530 BJERKVIK,St1 Bjerkvik,Norway,365,POINT(17.55747 68.55121),1000.0,1000.0,1000.0,23.135726885864226,192.14118620644214,13.976712237245074,1000.0,27.874570891421577,239.2402848083414,1000.0,0,0,0,37,5,29,0,18,3,0.0
a93a2e90f0c1e498c030ae4548c1fe8f,1,2025-05-12,2025-08-31,112,38,9.283234126984125,133.67857142857142,Kople As,75.0,Sandnes 10 8230 SULITJELMA,PWR UP - Sulitjelma,Norway,112,POINT(16.07045 67.13385),,,,,,,,,,,,,,,,,,,,
4ad0525fd4c60cd6639d7b0675f4e8d0,2,2024-12-21,2025-08-31,254,236,9.056485126859142,130.41338582677164,Kople As,180.0,Tjeldsundbrua 214 9440 EVENSKJER,Kople Tjeldsundbrua Hotel,Norway,254,POINT(16.59048 68.62511),1000.0,1000.0,78.0584484312843,431.2067442888529,1000.0,2.7099020025711695,1000.0,15.991818715086863,1000.0,1000.0,0,0,6,1,0,20,0,7,0,0.0
9b480c73cc2a5e9b705485e4c7a6697d,4,2024-09-01,2025-08-31,365,293,9.000570776255707,129.60821917808218,Recharge,200.0,Verkstedveien 3 8624 MO I RANA,Recharge Esso Langneset,Norway,365,POINT(14.13423 66.3045),1000.0,1000.0,1000.0,93.50338586844852,1000.0,8.27322647148762,110.44223051135636,62.83805639824648,54.276942323552746,1000.0,0,0,0,56,0,61,16,32,12,0.0
a8330b99e2c0817b68b70398ca21ea4b,6,2024-10-13,2025-08-31,323,189,8.720616901731454,125.5768833849329,Eviny,100.0,Lofotgata 33 8300 SVOLVÆR,Alti Svolvær,Norway,323,POINT(14.55993 68.23444),1000.0,1000.0,1000.0,1000.0,1000.0,1000.0,1000.0,1000.0,1000.0,1000.0,0,0,0,0,0,0,0,0,0,0.0
01716bdeedb37b1c6f03492ffb19b51f,4,2024-09-01,2025-08-31,365,343,8.618483637747337,124.10616438356165,Kople As,300.0,Sjøbergsgate  8800 SANDNESSJØEN,LAD OPP - Kulturbadet Sandnessjøen,Norway,365,POINT(12.63804 66.0225),1000.0,1000.0,102.1239755361387,45.78073832389778,1000.0,10.983635245574401,25.964961863565005,1000.0,272.3570445356418,1000.0,0,0,16,37,0,33,6,0,3,0.0
6363f0c010b3b8dbe7974c0284bd9f4f,2,2025-04-07,2025-08-31,147,137,8.505291005291005,122.47619047619048,Kople As,180.0,Industriveien 4b 8480 ANDENES,PWR UP - Coop Extra Andenes,Norway,147,POINT(16.09881 69.31015),1000.0,1000.0,1000.0,1000.0,1000.0,1000.0,1000.0,1000.0,1000.0,1000.0,0,0,0,0,0,0,0,0,0,0.0
408b9578600d477d89725de1bfe312d4,4,2024-09-26,2025-08-31,340,316,8.408190359477125,121.07794117647059,Mer,200.0,Verkstedveien 7 9406 HARSTAD,OBS Harstad,Norway,340,POINT(16.54159 68.79002),1000.0,1000.0,1000.0,1000.0,1000.0,1000.0,1000.0,1000.0,1000.0,1000.0,0,0,0,0,0,0,0,0,0,0.0
7c5f671ad294eaf0c5ef3330286a485e,3,2024-09-01,2025-08-31,365,341,8.40455352612887,121.02557077625569,Kople As,300.0,Sjøvegen 62 8410 LØDINGEN,LAD OPP - YX Lødingen,Norway,365,POINT(15.99015 68.42124),1000.0,1000.0,1000.0,1000.0,1000.0,1000.0,1000.0,1000.0,1000.0,1000.0,0,0,0,0,0,0,0,0,0,0.0
4c258985bcdae96673e50fd6ee746a0f,1,2024-09-01,2025-08-31,365,321,8.261796042617961,118.96986301369863,Kople As,175.0,Alttaluodda 18 9520 KAUTOKEINO,Ishavsveien - Kautokeino,Norway,365,POINT(23.04088 69.01338),1000.0,1000.0,1000.0,103.51857903656358,103.42326279625792,6.616715289162045,1000.0,23.961438103595096,104.20755925266184,1000.0,0,0,0,37,10,79,0,5,2,0.0
02687dbcea9336e264ada304e761bbdd,10,2025-07-19,2025-08-31,44,36,8.064393939393938,116.12727272727274,Circle K,400.0,Stigerplatåveien 2 8626 MO I RANA,Circle K Mo i Rana,Norway,44,POINT(14.15031 66.30749),,,,,,,,,,,,,,,,,,,,
166276db9f02968c6d62e4f9c46941c4,2,2025-04-07,2025-08-31,147,145,8.057445200302343,116.02721088435374,Kople As,180.0,Flostrandveien 2 8725 UTSKARPEN,LAD OPP - Utskarpen - AC,Norway,147,POINT(13.55049 66.29599),1000.0,1000.0,21.077474435497304,423.09390166139156,1000.0,4.507440822864338,1000.0,1000.0,1000.0,1000.0,0,0,4,2,0,16,0,0,0,0.0
619d1cffae00d0a6026700f4853dc97d,4,2025-04-08,2025-08-31,146,144,8.050561263318116,115.92808219178082,Evbox,250.0,Bjørkåsvegen 2 7970 KOLVEREID,EVBox Bjørkåsvegen 2,Norway,146,POINT(11.6062 64.86486),1000.0,1000.0,158.58355877094158,25.839024689482212,19.54393281675452,58.038636501788766,1000.0,1000.0,25.652294691528322,1000.0,0,0,7,57,10,56,0,0,9,0.0
c9e1bbdfcc2f9b622ae9db6bfea89fcf,2,2024-09-01,2025-08-31,365,315,7.8963089802130915,113.7068493150685,Recharge,300.0,Nordmoveien 17 8530 BJERKVIK,St1 Bjerkvik,Norway,365,POINT(17.55747 68.55121),1000.0,1000.0,1000.0,23.135726885864226,192.14118620644214,13.976712237245074,1000.0,27.874570891421577,239.2402848083414,1000.0,0,0,0,37,5,29,0,18,3,0.0
2e2147715e658d975dcbe4aede1e5b74,6,2024-12-12,2025-08-31,263,241,7.150225320377412,102.96324461343474,Mer,150.0,Flyplassveien  8536 EVENES,"Harstad lufthavn, Evenes",Norway,263,POINT(16.69113 68.49155),1000.0,1000.0,1000.0,1000.0,1000.0,1.6109492428080514,1000.0,16.57148626129614,193.4786339602348,1000.0,0,0,0,0,0,68,0,17,10,0.0
6fb93712030f4280008a7bdf911d5dc6,2,2025-04-07,2025-08-31,147,137,7.0913643235071815,102.1156462585034,Kople As,180.0,Myklebostadveien 2 8283 LEINESFJORD,PWR UP - Coop Leinesfjord,Norway,147,POINT(15.01624 67.7752),1000.0,1000.0,21.349147964938304,132.8245160699469,1000.0,6.088330803795133,1000.0,1000.0,35.14700164106227,1000.0,0,0,6,3,0,41,0,0,9,0.0
ad6804db45f11303ff21a2ce176961d7,5,2025-05-26,2025-08-31,98,79,7.085884353741497,102.03673469387755,Ionity,350.0,Hamaroyveien 5719 8276 ULVSVÅG,IONITY Ulvsvåg,Norway,98,POINT(15.87234 68.11759),,,,,,,,,,,,,,,,,,,,
1ec25f8ea9579cc00b41f0b5f6f21540,2,2024-09-05,2025-08-31,361,327,7.07246460449369,101.84349030470914,Kople As,50.0,Prinsens gate 100 8048 BODØ,ChargeUp - Fylkeshuset i Bodø,Norway,361,POINT(14.37639 67.28044),1000.0,1000.0,1000.0,23.820788750365868,1000.0,13.408622781151443,56.95190366354538,1000.0,1000.0,1000.0,0,0,0,132,0,74,26,0,0,0.0
e724eb2e71b901e4d457c4fc9e9eebe7,1,2024-09-14,2025-08-21,342,82,7.031960688758935,101.26023391812865,Kople As,75.0,Buenget 11 7898 LIMINGEN,YX Røyrvik,Norway,342,POINT(13.55841 64.88649),,,,,,,,,,,,,,,,,,,,
cbec968fd09486e4e5c2b29c839b178c,1,2024-09-03,2025-08-31,363,215,6.833486378940924,98.40220385674931,Kople As,75.0,Storgata 62 8430 MYRE,PWR UP - Myre,Norway,363,POINT(15.10071 68.91513),1000.0,1000.0,1000.0,1000.0,1000.0,1000.0,1000.0,1000.0,1000.0,1000.0,0,0,0,0,0,0,0,0,0,0.0
338f6ce2681c3f93982a668d67837cfc,2,2024-09-01,2025-08-31,365,307,6.795186453576863,97.85068493150685,Kople As,150.0,Flakstadveien  8380 RAMBERG,Bodø Energi - Ramberg,Norway,365,POINT(13.22632 68.08956),1000.0,1000.0,1000.0,1000.0,1000.0,1000.0,1000.0,1000.0,1000.0,1000.0,0,0,0,0,0,0,0,0,0,0.0
2a3ba8312f98687a1e3d6f4ea347e52c,4,2024-09-01,2025-08-31,365,344,6.7480022831050235,97.17123287671232,Kople As,150.0,Evjenvegen 48 9024 TOMASJORD,Ishavskraft - Evjenvegen,Norway,365,POINT(19.01406 69.65737),1000.0,1000.0,1000.0,65.32868962288713,1000.0,15.800893284341049,20.678686495475006,84.39803183913567,228.61753831671487,1000.0,0,0,0,35,0,123,15,13,4,0.0
c0d2b4650bf6ac24dd167a3717454ea0,2,2024-09-01,2025-08-31,365,308,6.7006278538812785,96.48904109589041,Recharge,50.0,Storgaten 51 8200 FAUSKE,St1 Fauske,Norway,365,POINT(15.3912 67.25931),1000.0,1000.0,1000.0,68.65777050314027,1000.0,7.294786047129488,323.5785694076335,15.61608018717659,113.6087230678808,1000.0,0,0,0,99,0,86,6,51,8,0.0
0836733fea85d46fa055c7de3ba40b84,4,2024-09-01,2025-08-31,365,339,6.401303272450533,92.17876712328767,Mer,50.0,Gammelveien 8 9360 BARDU,Extra Setermoen,Norway,365,POINT(18.34632 68.86173),1000.0,1000.0,1000.0,14.397782374116323,126.38390398935803,3.3487558693929333,301.1746011499432,71.99532841533383,1000.0,1000.0,0,0,0,52,6,67,5,19,0,0.0
c311a27df7cf9bfa183c541427be43a1,2,2025-04-07,2025-08-31,147,144,6.383219954648526,91.91836734693878,Kople As,180.0,Dalheimveien 2 8178 HALSA,LAD OPP - Halsa - AC,Norway,147,POINT(13.55166 66.74281),1000.0,1000.0,33.45473683282132,43.98430858578029,1000.0,32.48693471846411,1000.0,1000.0,94.90087790880752,1000.0,0,0,6,14,0,35,0,0,4,0.0
f7757a2347f2d11451bfae0bf4e94237,2,2025-05-27,2025-08-31,97,74,6.262170675830471,90.17525773195877,Ionity,350.0,Kulstadbakken 13 8665 MOSJØEN,IONITY Mosjøen,Norway,97,POINT(13.19557 65.86456),,,,,,,,,,,,,,,,,,,,
0185873b6f7c2bab46991612a58594b6,4,2025-05-26,2025-08-31,98,79,6.2418509070294785,89.88265306122449,Ionity,350.0,Fogd Holmboes gate 33 9360 BARDU,IONITY Setermoen,Norway,98,POINT(18.34875 68.86173),,,,,,,,,,,,,,,,,,,,
fb1ec9df54528942fc7464b04476fe81,1,2024-09-02,2025-08-31,364,207,6.1334325396825395,88.32142857142857,Kople As,50.0,Strandgata 9 7900 RØRVIK,Rørvik havn - Nærøysund kommune,Norway,364,POINT(11.23533 64.86041),1000.0,1000.0,28.08991189396128,88.16252337943315,342.3965540126824,7.212001021574882,437.03428751039684,1000.0,145.75484254514691,1000.0,0,0,7,51,5,38,1,0,1,0.0
254a0b4aa0060cc8f5580d9a7efce3f2,3,2024-09-01,2025-08-31,365,328,6.08935819381025,87.68675799086759,Mer,50.0,Bolagsgata 1 8514 NARVIK,Amfi Narvik Malmporten,Norway,365,POINT(17.42155 68.43795),1000.0,1000.0,1000.0,159.2160237199404,1000.0,4.537911679528121,95.86162632804616,204.1869484690636,112.02987757659507,1000.0,0,0,0,85,0,102,49,25,10,0.0
f3870a14cddc01b6d4f27f18b77618d1,2,2024-11-30,2025-08-31,275,227,6.045454545454546,87.05454545454545,Kople As,100.0,Bergsfjordveien 1775 9385 SKALAND,Ishavskraft - Skaland,Norway,275,POINT(17.29949 69.44482),1000.0,1000.0,1000.0,1000.0,1000.0,1000.0,1000.0,1000.0,1000.0,1000.0,0,0,0,0,0,0,0,0,0,0.0
35c10ac30ad1ca52d7849032f6d539d2,2,2024-09-01,2025-08-31,365,286,5.957096651445966,85.78219178082192,Recharge,50.0,Strandgata 39 8656 MOSJØEN,Recharge Mosjøen,Norway,365,POINT(13.19077 65.83515),1000.0,1000.0,416.74816544086866,34.32462248403383,1000.0,8.292154286407325,28.063188025260562,1000.0,481.60436646533293,1000.0,0,0,18,81,0,137,34,0,2,0.0
9e7e7339ec36310e359323013c94b5da,4,2025-04-07,2025-08-31,147,133,5.9223828420257,85.28231292517007,Kople As,400.0,Skreda 49 8370 LEKNES,LAD OPP - Lofoten Basecamp,Norway,147,POINT(13.5116 68.15217),1000.0,1000.0,1000.0,1000.0,1000.0,1000.0,1000.0,1000.0,1000.0,1000.0,0,0,0,0,0,0,0,0,0,0.0
e2ac043b1bfcb0620188ce7055f0184b,4,2024-09-01,2025-08-31,365,324,5.9013984018264845,84.98013698630137,Mer,50.0,Kleist Geddes Vei 35 7890 NAMSSKOGAN,Circle K Namsskogan,Norway,365,POINT(13.16657 64.93368),1000.0,1000.0,1000.0,310.5689057311104,1000.0,21.511425867523165,1000.0,32.08960439057152,288.40893050464297,1000.0,0,0,0,2,0,14,0,5,2,0.0
c79304635c809773be36b1a11ce19ab9,6,2024-09-14,2025-08-31,352,327,5.882851957070707,84.71306818181819,Uno-X,300.0,Sandgata 2 7800 NAMSOS,Uno-X Sandgata Namsos,Norway,352,POINT(11.51166 64.46588),1000.0,1000.0,22.188392985471165,139.21669100982777,1000.0,12.36352349476654,1000.0,1000.0,66.87002944155476,1000.0,0,0,30,37,0,49,0,0,28,0.0
c3c7884e79d441175ca80895408d802e,1,2024-09-01,2025-08-31,365,220,5.8561643835616435,84.32876712328768,Kople As,300.0,Leira 2 8665 MOSJØEN,LAD OPP - Esso Mosjøen Halsøy,Norway,365,POINT(13.1958 65.86326),1000.0,1000.0,54.64577662302984,25.11436057702115,1000.0,5.729743080149935,1000.0,56.810945645343644,1000.0,1000.0,0,0,13,68,0,215,0,19,0,0.0
4244ef78d62d6368ce54de6e274be224,4,2024-09-01,2025-08-31,365,334,5.830907534246576,83.96506849315068,Mer,50.0,Terminalveien 5 8208 FAUSKE,Fauske Handelspark,Norway,365,POINT(15.39716 67.26885),1000.0,1000.0,1000.0,198.99465917680274,1000.0,0.6268981835870054,45.52320967241667,299.85927280523873,63.06460223992872,1000.0,0,0,0,26,0,33,10,9,9,0.0
929ea6fd58d0760ca11d12f482e09a4b,1,2024-09-01,2025-08-31,365,318,5.62347792998478,80.97808219178083,Eviny,100.0,Vesterålsgata 24 8400 SORTLAND,Rema 1000 Sortland,Norway,365,POINT(15.41346 68.70778),1000.0,1000.0,1000.0,1000.0,1000.0,1000.0,1000.0,1000.0,1000.0,1000.0,0,0,0,0,0,0,0,0,0,0.0
77eb4a0d3b6a0f198ca76a87243c762c,1,2024-09-01,2025-08-31,365,224,5.620053272450531,80.92876712328767,Recharge,150.0,Caroline Harveys vei 8 8300 SVOLVÆR,Recharge Shell Svolvær,Norway,365,POINT(14.56585 68.23905),1000.0,1000.0,1000.0,1000.0,1000.0,1000.0,1000.0,1000.0,1000.0,1000.0,0,0,0,0,0,0,0,0,0,0.0
798476b1e96bdeb03254c11f91cd07d4,5,2024-09-01,2025-08-31,365,302,5.591856925418569,80.52273972602738,Recharge,200.0,Caroline Harveys vei 8 8300 SVOLVÆR,Recharge Shell Svolvær,Norway,365,POINT(14.56585 68.23905),1000.0,1000.0,1000.0,1000.0,1000.0,1000.0,1000.0,1000.0,1000.0,1000.0,0,0,0,0,0,0,0,0,0,0.0
376f11c79a0280da153fb9ea04946928,4,2024-09-01,2025-08-31,365,336,5.583428462709284,80.4013698630137,Mer,50.0,Troforsvegen 14 8682 TROFORS,Coop Prix Trofors,Norway,365,POINT(13.38759 65.53696),1000.0,1000.0,1000.0,31.150704052756623,31.958344399374358,1.0660018097408668,1000.0,1000.0,65.36803097949014,1000.0,0,0,0,26,9,41,0,0,6,0.0
6e7e28e598aedc6bf649dee9e980841f,3,2025-04-07,2025-08-31,147,145,5.579805996472662,80.34920634920637,Kople As,180.0,Straumøyveien 5 8056 SALTSTRAUMEN,PWR UP - Coop Saltstraumen,Norway,147,POINT(14.60221 67.22865),1000.0,1000.0,77.47162837954468,1000.0,42.13481579166311,1.631335751385696,1000.0,1000.0,225.2400487905203,1000.0,0,0,3,0,3,19,0,0,1,0.0
1434428627402f5b7fde67ecfa1ea0b8,2,2024-09-01,2025-08-31,365,331,5.48087899543379,78.92465753424658,Kople As,100.0,Tjeldsundbrua 214 9440 EVENSKJER,Kople Tjeldsundbrua Hotel,Norway,365,POINT(16.59048 68.62511),1000.0,1000.0,78.0584484312843,431.2067442888529,1000.0,2.7099020025711695,1000.0,15.991818715086863,1000.0,1000.0,0,0,6,1,0,20,0,7,0,0.0
d645950917387ec67135e74ce4b34fc0,2,2025-04-08,2025-08-31,146,136,5.444254185692542,78.3972602739726,Evbox,100.0,Heggvollveien 1 7882 NORDLI,EVBox Heggvollveien 1,Norway,146,POINT(13.59137 64.46368),1000.0,1000.0,5.731742470872907,10.684593899700827,263.857011492764,276.408715355796,1000.0,1000.0,1000.0,1000.0,0,0,7,51,2,16,0,0,0,0.0
ac2e8f50444be3cc1ba04183c4ddea5f,6,2024-09-01,2025-08-31,365,308,5.3971968543886355,77.71963470319635,Recharge,200.0,Rødbergveien 37 9409 HARSTAD,Recharge Shell Åsby,Norway,365,POINT(16.56817 68.78138),1000.0,1000.0,1000.0,1000.0,1000.0,1000.0,1000.0,1000.0,1000.0,1000.0,0,0,0,0,0,0,0,0,0,0.0
6fb8cddf267eb9f34272cb0463acec81,2,2024-09-01,2025-08-31,365,307,5.39193302891933,77.64383561643835,Recharge,50.0,Nordmoveien 17 8530 BJERKVIK,St1 Bjerkvik,Norway,365,POINT(17.55747 68.55121),1000.0,1000.0,1000.0,23.135726885864226,192.14118620644214,13.976712237245074,1000.0,27.874570891421577,239.2402848083414,1000.0,0,0,0,37,5,29,0,18,3,0.0
db60c006cfdba2d1f0c47108da25f63e,2,2024-09-02,2025-08-26,359,317,5.309211544413494,76.45264623955431,Eviny,135.0,Falcksgate 9 8480 ANDENES,Andøy Taxi,Norway,359,POINT(16.11934 69.32075),1000.0,1000.0,1000.0,1000.0,1000.0,1000.0,1000.0,1000.0,1000.0,1000.0,0,0,0,0,0,0,0,0,0,0.0
7a07202bbb65222fea62107aa058798f,2,2024-09-01,2025-08-31,365,338,5.307458143074581,76.42739726027398,Kople As,150.0,Skoledalsveien 4 8890 LEIRFJORD,LAD OPP - Leland,Norway,365,POINT(12.93375 66.06539),1000.0,1000.0,26.282203405519144,260.92457808175135,304.88015160178367,52.37603954996532,1000.0,1000.0,47.2698590750321,1000.0,0,0,4,21,3,34,0,0,5,0.0
619bcd43c2357423a3e7c6f3150d0e0a,2,2024-09-01,2025-08-31,365,274,5.276350837138508,75.97945205479452,Recharge,50.0,Hattfjelldalsvollen 1 8692 HATTFJELLDAL,Recharge Hattfjelldal,Norway,365,POINT(13.98966 65.59562),1000.0,1000.0,459.3798580841602,6.465482606318195,1000.0,13.40750259772302,1000.0,67.74117745738819,95.9442139166661,1000.0,0,0,3,28,0,44,0,17,7,0.0
1720a6b4711b70b2e4dc436aa0830393,4,2024-09-01,2025-08-31,365,337,5.269501522070016,75.88082191780822,Mer,150.0,Sjøgata 74 8200 FAUSKE,Amfi Fauske,Norway,365,POINT(15.39623 67.25832),1000.0,1000.0,1000.0,45.775391997096655,1000.0,30.179747523172477,484.89217993690494,87.93025111781162,33.07284756429998,1000.0,0,0,0,68,0,73,3,49,7,0.0
6ce55a58b825a1057c7b763ebb179aa6,3,2025-05-26,2025-08-31,98,79,5.232426303854876,75.34693877551021,Ionity,400.0,Havnegata 44 44 8400 SORTLAND,IONITY Sortland,Norway,98,POINT(15.41338 68.7048),,,,,,,,,,,,,,,,,,,,
a9eaac9d6bd9131f3b2a63ba5243e81d,6,2025-04-07,2025-08-31,147,145,5.141565885613505,74.03854875283447,Kople As,180.0,Campingvegen 1 8657 MOSJØEN,LAD OPP - Mosjøen Camping - AC,Norway,147,POINT(13.22013 65.83445),1000.0,1000.0,360.85204887387073,13.107048110583978,401.68777945085907,6.914323636342081,1000.0,29.40913861232568,159.61759372236094,1000.0,0,0,4,61,17,172,0,27,11,0.0
d49b70854d994779200d5ab9a0c0b68f,1,2024-09-03,2025-08-31,363,220,5.063322620140802,72.91184573002755,Kople As,50.0,Storgata 13 7900 RØRVIK,Storgata Rørvik - Nærøysund kommune,Norway,363,POINT(11.23738 64.86295),1000.0,1000.0,200.46101100202858,8.184274532400904,376.4935151594854,113.22642406092952,179.84405373797614,1000.0,303.6877441365592,1000.0,0,0,7,76,6,49,4,0,1,0.0
c73ce6f9c4708686ee6224cfe829de7a,4,2024-09-01,2025-08-31,365,340,4.8474600456621,69.80342465753425,Mer,150.0,Kvilut 24 8050 TVERLANDET,Extra Tverlandet,Norway,365,POINT(14.73643 67.30349),1000.0,1000.0,1000.0,133.17598421763785,1000.0,11.584132172715544,40.615856300220855,45.80870517384435,100.7066291050838,1000.0,0,0,0,11,0,46,16,18,9,0.0
7093d36ad48ccaa0de70ef796adc5454,2,2024-09-01,2025-08-10,344,155,4.840923772609819,69.70930232558139,Kople As,75.0,Svenskveien 1267 8610 MO I RANA,LAD OPP - Umbukta fjellstue - AC,Norway,344,POINT(14.58609 66.16407),1000.0,1000.0,1000.0,1000.0,1000.0,1.2305579452295423,1000.0,18.899545408458177,1000.0,1000.0,0,0,0,0,0,45,0,1,0,0.0
56375d503081c2293356a24adbbc56d7,4,2024-09-01,2025-08-31,365,335,4.835235920852359,69.62739726027397,Mer,50.0,Karlsøyvegen 12 9015 TROMSØ,Obs Jekta Storsenter,Norway,365,POINT(18.92331 69.67368),1000.0,1000.0,287.78440104220357,339.9406997997671,1000.0,4.229352522092135,184.08023779625762,180.92000789262002,15.888048146061337,1000.0,0,0,20,18,0,107,12,24,40,0.0
5376f763c089118714f63c70e1582585,1,2024-09-01,2025-08-31,365,287,4.782724505327244,68.87123287671233,Kople As,175.0,Skrolsvikveien 7 9392 STONGLANDSEIDET,Ishavskraft - Stonglandseidet,Norway,365,POINT(17.17054 69.08384),1000.0,1000.0,1000.0,1000.0,1000.0,1000.0,1000.0,1000.0,1000.0,1000.0,0,0,0,0,0,0,0,0,0,0.0
ec4b5d401dce2c415758e2725e8e1d71,5,2025-04-01,2025-08-31,153,130,4.7710602759622365,68.70326797385621,St1 Charge,400.0,Stormyrveien 1 8008 BODØ,St1 Lading Stormyra,Norway,153,POINT(14.42093 67.28084),1000.0,251.94814130658787,92.08743817726725,237.0799828122145,1000.0,33.78076275786772,23.627612667427886,47.16243298512347,115.73028820929534,1000.0,0,23,15,45,0,114,28,24,20,0.0
bbad494a592e105f2875e037b6de7352,2,2024-09-01,2025-08-31,365,310,4.765030441400306,68.61643835616438,Mer,50.0,Rugåshylla 3 8960 VELFJORD,Circle K Hommelstø,Norway,365,POINT(12.54726 65.40361),1000.0,1000.0,36.30638676150566,48.423914005809785,464.96156126075647,3.150308885380423,1000.0,1000.0,471.52416672123616,1000.0,0,0,7,13,2,28,0,0,1,0.0
8f892622702a4778c9029ff7c748d156,2,2024-09-01,2025-08-31,365,305,4.74124809741248,68.27397260273973,Recharge,150.0,Sentrumsveien 2 9040 NORDKJOSBOTN,Recharge Shell Balsfjord,Norway,365,POINT(19.55375 69.21543),1000.0,1000.0,1000.0,54.9418990216183,1000.0,13.70758786478272,52.26180863847311,58.01893038518907,55.586697904883586,1000.0,0,0,0,9,0,27,13,22,3,0.0
13cd2079e0ff654586f470800499f875,4,2024-09-01,2025-08-31,365,341,4.722079528158295,67.99794520547945,Uno-X,300.0,Nyrudveien 1 8657 MOSJØEN,Uno-X Nyrud,Norway,365,POINT(13.21225 65.83403),1000.0,1000.0,69.54186383830431,41.91946726818999,1000.0,12.031489717033356,410.2412811420839,72.6942339660377,459.0456705973645,1000.0,0,0,6,75,0,244,2,20,3,0.0
c8aaa1134d72cc9ce5d9471be3de37d6,1,2024-09-02,2025-08-31,364,225,4.722031440781442,67.99725274725274,Kople As,175.0,Fv86 427 9380 GRYLLEFJORD,Ishavskraft - Gryllefjord,Norway,364,POINT(17.05284 69.36331),1000.0,1000.0,1000.0,1000.0,1000.0,1000.0,1000.0,1000.0,1000.0,1000.0,0,0,0,0,0,0,0,0,0,0.0
d57fa2d43730091b7cbbc24aa38a77de,8,2024-09-01,2025-08-31,365,345,4.711924467275494,67.85171232876712,Kople As,200.0,Skattørveien 19C 9018 TROMSØ,Ishavskraft - Tromsø Taxi,Norway,365,POINT(19.01587 69.69295),1000.0,1000.0,1000.0,373.4590059762832,1000.0,39.42548887376532,149.0425439973249,1000.0,149.07172486143133,1000.0,0,0,0,13,0,50,4,0,13,0.0
c2b5d88d5a90cb0eec02a491320e59a9,2,2024-09-02,2025-08-31,364,325,4.686259920634921,67.48214285714286,Kople As,180.0,Håndverkeren 14 8250 ROGNAN,ChargeUp - Dragefossen Rognan,Norway,364,POINT(15.3915 67.10341),1000.0,1000.0,1000.0,25.35342261960627,143.8923288686161,29.53444827863553,1000.0,1000.0,1000.0,1000.0,0,0,0,55,14,32,0,0,0,0.0
cdbcaab6df0ccbc1652a1a9b5bbcf78d,1,2024-09-01,2025-08-31,365,215,4.62728310502283,66.63287671232877,Recharge,225.0,Medjåvegen 56 7870 GRONG,Recharge Grong,Norway,365,POINT(12.31639 64.46479),1000.0,1000.0,1000.0,21.841019885737406,30.803466554806228,12.136724554707975,1000.0,417.88787764876724,11.238067121875455,1000.0,0,0,0,44,19,57,0,9,11,0.0
25d57283fcde4814d8bf617185e15cae,2,2024-12-21,2025-08-31,254,227,4.5898950131233605,66.09448818897638,Kople As,180.0,Nordsivegen 296 7760 SNÅSA,ChargeUp - Snåsakroa,Norway,254,POINT(12.2157 64.25354),1000.0,1000.0,1000.0,1000.0,1000.0,8.9435452497224,1000.0,56.927397677759565,1000.0,1000.0,0,0,0,0,0,6,0,1,0,0.0
7a227ddffc2473e1010dfad94bd91675,4,2024-09-01,2025-08-31,365,298,4.585283485540334,66.02808219178083,Recharge,50.0,Storjord  8255 RØKLAND,Recharge Saltdal Turistsenter,Norway,365,POINT(15.40207 66.81399),1000.0,1000.0,1000.0,1000.0,1000.0,12.1183206770966,1000.0,93.03419735908687,66.26284378416523,1000.0,0,0,0,0,0,28,0,9,5,0.0
9ef82ea16d46ef75e32e9abe46a8f4b4,2,2024-09-01,2025-08-31,365,278,4.571442161339422,65.82876712328768,Kople As,150.0,Reine ytre havn 1 8390 REINE,Bodø Energi - Reine,Norway,365,POINT(13.09484 67.93444),1000.0,1000.0,1000.0,1000.0,1000.0,1000.0,1000.0,1000.0,1000.0,1000.0,0,0,0,0,0,0,0,0,0,0.0
65b8bf7137f464bb5d84cc27728840f5,2,2025-02-24,2025-08-31,189,140,4.538506760728983,65.35449735449735,Kople As,50.0,Fv86 427 9380 GRYLLEFJORD,Ishavskraft - Gryllefjord,Norway,189,POINT(17.05284 69.36331),1000.0,1000.0,1000.0,1000.0,1000.0,1000.0,1000.0,1000.0,1000.0,1000.0,0,0,0,0,0,0,0,0,0,0.0
4dc6e58344e66c1988e2ab87fa071d3c,4,2025-04-10,2025-08-31,144,136,4.4077932098765435,63.47222222222222,Kople As,400.0,Herøyholmveien 26 8850 HERØY,LAD OPP - Herøy,Norway,144,POINT(12.28188 65.98054),1000.0,1000.0,1000.0,1000.0,1000.0,1000.0,1000.0,1000.0,1000.0,1000.0,0,0,0,0,0,0,0,0,0,0.0
d8cb31d42cab8546a0f41eb8ef0a1cbf,2,2025-04-10,2025-08-31,144,139,4.314236111111111,62.125,Kople As,180.0,Søndre gt 30 8450 STOKMARKNES,PWR UP - Coop Extra Stokmarknes,Norway,144,POINT(14.91201 68.56089),1000.0,1000.0,1000.0,1000.0,1000.0,1000.0,1000.0,1000.0,1000.0,1000.0,0,0,0,0,0,0,0,0,0,0.0
91c07d2b7a1cac0defe9a63e51270907,4,2024-09-01,2025-08-31,365,332,4.283913622526636,61.68835616438356,Mer,50.0,Sentrumsveien 57 8540 BALLANGEN,Coop Extra Ballangen,Norway,365,POINT(16.83286 68.34252),1000.0,1000.0,165.58833976314722,48.071758330088315,458.9318938799217,10.495329772717058,55.71098460334085,1000.0,1000.0,1000.0,0,0,5,42,2,46,15,0,0,0.0
cae6dc1c62a7c6e04fbce1ec00b13eec,2,2024-09-01,2025-08-31,365,288,4.238394216133941,61.032876712328765,Kople As,75.0,Nygårdveien 159 8120 NYGÅRDSJØEN,LAD OPP - Nygårdsjøen - AC,Norway,365,POINT(14.32353 67.12154),1000.0,1000.0,16.76745531195989,484.51151679857537,23.732060245816974,9.831351652651522,105.92186799030198,1000.0,1000.0,1000.0,0,0,2,1,3,27,3,0,0,0.0
822ecada5a2c14bde21571c00b49e6fd,3,2025-04-07,2025-08-31,147,142,4.12540942302847,59.40589569160997,Kople As,300.0,Vesterålsgata 111 8403 SORTLAND,PWR UP - Coop Sortland,Norway,147,POINT(15.39946 68.68351),1000.0,1000.0,1000.0,1000.0,1000.0,1000.0,1000.0,1000.0,1000.0,1000.0,0,0,0,0,0,0,0,0,0,0.0
acaf6854dcff693da1e754140bd3e020,8,2025-05-25,2025-08-31,99,81,4.076704545454546,58.70454545454545,Ionity,350.0,Sætlandshaugen  8028 BODØ,IONITY Bodø,Norway,99,POINT(14.56929 67.28481),,,,,,,,,,,,,,,,,,,,
4538bd2c5c74618b76f439f92c187ece,3,2025-07-29,2025-08-25,28,15,4.054232804232804,58.38095238095239,Circle K,150.0,A. Kiellands gate 1 8663 MOSJØEN,Circle K Mosjøen,Norway,28,POINT(13.20098 65.84142),,,,,,,,,,,,,,,,,,,,
b930e540b2ffd316fdc00f59d72f16a4,1,2025-03-19,2025-08-31,166,144,4.05036813922356,58.325301204819276,Kople As,180.0,Nordlysveien 404 9046 OTEREN,Ishavskraft - Lyngskroa,Norway,166,POINT(19.88498 69.25701),1000.0,1000.0,68.82905570640224,209.48076032438786,1000.0,7.391759808847438,1000.0,79.7603833131005,132.45950389501087,1000.0,0,0,5,2,0,34,0,4,2,0.0
8369308520a3686dfcf00da2bbc432f0,4,2024-09-01,2025-08-31,365,343,4.027587519025875,57.9972602739726,Kople As,300.0,Rustaveien 16 9325 BARDUFOSS,Kople Spar Heggmo Bardufoss,Norway,365,POINT(18.50888 69.04361),1000.0,1000.0,1000.0,3.252897201004467,1000.0,3.388724270038538,1000.0,62.172025746465025,1000.0,1000.0,0,0,0,34,0,93,0,15,0,0.0
3324b0cd0ee1403f8de33e3d932bce46,4,2024-09-01,2025-08-31,365,295,3.9310312024353116,56.606849315068494,Recharge,50.0,Torolv Kveldulvsons gate 17 8800 SANDNESSJØEN,Recharge Sandnessjøen,Norway,365,POINT(12.63677 66.02312),1000.0,1000.0,134.5056761627374,17.621794698006276,1000.0,3.9345823743774764,63.05289419040955,1000.0,290.33687397673003,1000.0,0,0,16,28,0,25,6,0,3,0.0
0714ad45029cd561d42d821d0b6021bf,2,2024-09-01,2025-08-31,365,323,3.880612633181127,55.88082191780822,Kople As,200.0,Klakkjeveien 5 8920 SØMNA,PWR UP - Coop Berg,Norway,365,POINT(12.19671 65.36867),1000.0,1000.0,22.094888409366146,33.18297518199654,141.26876352489327,1.8944340409305616,1000.0,1000.0,1000.0,1000.0,0,0,6,28,3,91,0,0,0,0.0
ccee725d0028641a185994b7ee2064c0,4,2024-09-01,2025-08-31,365,307,3.858970700152207,55.56917808219178,Recharge,50.0,,Recharge Innhavet,Norway,365,POINT(15.92953 67.96251),1000.0,1000.0,1000.0,70.5158772971273,114.1647055834925,4.865700751018594,1000.0,53.07358838899355,142.78636423381323,1000.0,0,0,0,9,4,48,0,15,1,0.0
c3e45527b6ebe319ed107752db6b3524,6,2024-09-01,2025-08-31,365,342,3.852232369355657,55.47214611872147,Kople As,300.0,Olsborgveien  9329 MOEN,Kople Coop Extra Olsborg,Norway,365,POINT(18.59822 69.1427),1000.0,1000.0,31.12099754888158,135.40028391388105,1000.0,96.6650558163994,1000.0,58.3374906737021,1000.0,1000.0,0,0,12,19,0,28,0,5,0,0.0
ba697922682c64ab9021e41154332e2e,2,2024-09-02,2025-08-30,363,284,3.8453665442301808,55.3732782369146,Eviny,180.0,Strandgata 9 9008 TROMSØ,Alti Nerstranda,Norway,363,POINT(18.95394 69.64651),1000.0,172.99841317145558,315.1094703458199,106.12197167875445,1000.0,4.106259050337833,59.0375832315021,1000.0,6.366047080863538,1000.0,0,1,9,52,0,265,18,0,48,0.0
86faf378e905f2f327c1414e092d6a04,2,2024-09-01,2025-08-31,365,284,3.8252473363774735,55.083561643835615,Kople As,100.0,Oskarbakken 2 9389 HUSØY I SENJA,Oskarbakken 2 - Husøy i Senja,Norway,365,POINT(17.6642 69.54414),1000.0,1000.0,1000.0,1000.0,1000.0,1000.0,1000.0,1000.0,1000.0,1000.0,0,0,0,0,0,0,0,0,0,0.0
289e4d885c0673e23a1f615968d3fada,9,2024-09-01,2025-08-31,365,341,3.809318450870962,54.85418569254187,Eviny,200.0,Granvegen 12 7870 GRONG,Grong Kjøpesenter,Norway,365,POINT(12.31588 64.46449),1000.0,1000.0,1000.0,6.4709174644893706,7.19393914591403,23.10656029878613,1000.0,423.7053731460511,9.183872538677488,1000.0,0,0,0,44,19,57,0,8,11,0.0
bb195ae56a5c226b80a5199a822785b1,2,2024-09-01,2025-08-31,365,331,3.802416286149162,54.75479452054795,Kople As,150.0,Sentrum 47 7877 HØYLANDET,Kople YX Høylandet,Norway,365,POINT(12.29867 64.62597),1000.0,1000.0,35.090085053043786,86.3267005473411,1000.0,15.554900891605149,1000.0,1000.0,303.0147827406402,1000.0,0,0,12,27,0,27,0,0,4,0.0
79ffb992c86349b9f456bb72a13e34db,4,2024-11-06,2025-08-31,299,279,3.8008639910813837,54.7324414715719,Uno-X,300.0,Kilamyra 2 9415 HARSTAD,Uno-X Kilamyra,Norway,299,POINT(16.56326 68.7402),1000.0,1000.0,1000.0,1000.0,1000.0,1000.0,1000.0,1000.0,1000.0,1000.0,0,0,0,0,0,0,0,0,0,0.0
307a24b0611fae9331c688aefc6b341a,2,2024-09-01,2025-08-31,365,328,3.785388127853881,54.50958904109589,Kople As,150.0,Kongsveien 84 9350 SJØVEGAN,Kople Coop Extra Sjøvegan,Norway,365,POINT(17.83002 68.87709),1000.0,1000.0,13.339426417313469,128.5483071337884,1000.0,0.20708696352701178,136.5974230963158,1000.0,369.98128228100774,1000.0,0,0,5,9,0,58,3,0,2,0.0
d43dc3508961671399603327ba01de61,4,2024-09-01,2025-08-31,365,296,3.776588660578386,54.382876712328766,Mer,50.0,Skogvoll  8275 STORJORD I TYSFJORD,Storjord Servicehandel,Norway,365,POINT(16.02965 68.19396),1000.0,1000.0,1000.0,185.78149857106712,1000.0,9.614686652396678,1000.0,13.193399038229707,360.56667431080166,1000.0,0,0,0,2,0,14,0,1,1,0.0
cd8df4a55f55b19eacf1782569bbc0ad,2,2024-09-01,2025-08-31,365,245,3.7724505327245055,54.323287671232876,Kople As,300.0,E6 Røklandsenteret  8255 RØKLAND,PWR UP - Røkland,Norway,365,POINT(15.31518 66.98087),1000.0,1000.0,1000.0,194.70904304434532,95.21150403131239,2.33029653880767,1000.0,26.512934924755854,143.53794505693244,1000.0,0,0,0,17,9,18,0,9,1,0.0
1829497bb8b1701701f07ae88a24b628,1,2024-09-02,2025-08-31,364,282,3.7402701465201464,53.85989010989011,Recharge,150.0,Ankenesveien 5 8520 ANKENES,St1 Ankenes,Norway,364,POINT(17.4173 68.40566),1000.0,1000.0,1000.0,455.70479523274895,1000.0,4.0862871043165025,1000.0,16.5952346529208,11.318029479903359,1000.0,0,0,0,4,0,16,0,11,1,0.0
3d7d33f78a49818547921ec413f069ac,4,2024-09-01,2025-08-31,365,342,3.7382515220700157,53.83082191780822,Eviny,200.0,Våtvollveien 1256 8409 GULLESFJORD,Gullesfjord Camping,Norway,365,POINT(15.72729 68.53202),1000.0,1000.0,1000.0,1000.0,1000.0,1000.0,1000.0,1000.0,1000.0,1000.0,0,0,0,0,0,0,0,0,0,0.0
0b8b58f3524dc21a9bb5120813aa05ec,6,2024-09-01,2025-08-31,365,341,3.667269152714358,52.808675799086764,Mer,150.0,Domussenteret  9325 BARDUFOSS,Extra Bardufoss,Norway,365,POINT(18.51226 69.0651),1000.0,1000.0,1000.0,33.421611074992406,90.25249535039866,24.576191460285806,72.86908050290687,119.08594271831514,34.745586248411,1000.0,0,0,0,6,5,41,18,26,3,0.0
c18ea35605b0b649ca188b37f14c7655,2,2025-04-07,2025-08-31,147,139,3.6404006046863193,52.42176870748299,Kople As,180.0,Nygårdveien 159 8120 NYGÅRDSJØEN,LAD OPP - Nygårdsjøen - AC,Norway,147,POINT(14.32353 67.12154),1000.0,1000.0,16.76745531195989,484.51151679857537,23.732060245816974,9.831351652651522,105.92186799030198,1000.0,1000.0,1000.0,0,0,2,1,3,27,3,0,0,0.0
a96bfcf189116bff986b6383b74b031b,2,2024-09-01,2025-08-31,365,306,3.6382229832572293,52.39041095890411,Eviny,350.0,Alstad 1 8370 LEKNES,Alstad Kro og Camping,Norway,365,POINT(13.93621 68.27229),1000.0,1000.0,1000.0,1000.0,1000.0,1000.0,1000.0,1000.0,1000.0,1000.0,0,0,0,0,0,0,0,0,0,0.0
7204d42e751f5c1ae399f508701e025d,2,2025-02-24,2025-08-31,189,137,3.619929453262787,52.12698412698413,Kople As,50.0,Skrolsvikveien 7 9392 STONGLANDSEIDET,Ishavskraft - Stonglandseidet,Norway,189,POINT(17.17054 69.08384),1000.0,1000.0,1000.0,1000.0,1000.0,1000.0,1000.0,1000.0,1000.0,1000.0,0,0,0,0,0,0,0,0,0,0.0
9f2d46f2144061316a2e45bc07183784,2,2024-09-01,2025-08-31,365,242,3.6019786910197866,51.868493150684934,Mer,50.0,Sjøgata 74 8200 FAUSKE,Amfi Fauske,Norway,365,POINT(15.39623 67.25832),1000.0,1000.0,1000.0,45.775391997096655,1000.0,30.179747523172477,484.89217993690494,87.93025111781162,33.07284756429998,1000.0,0,0,0,68,0,73,3,49,7,0.0
1bb53deee20ba263139c33f292cec50c,2,2024-09-01,2025-08-31,365,221,3.563165905631659,51.30958904109589,Recharge,50.0,Bøveien 508 8470 BØ I VESTERÅLEN,Recharge Spar Bø i Vesterålen,Norway,365,POINT(14.44461 68.62103),1000.0,1000.0,1000.0,1000.0,1000.0,1000.0,1000.0,1000.0,1000.0,1000.0,0,0,0,0,0,0,0,0,0,0.0
65479b9596278b7c5892412b2575aaf4,4,2024-09-01,2025-08-31,365,334,3.559646118721461,51.25890410958904,Mer,50.0,Øverbygdvegen 8 7760 SNÅSA,Prix Snåsa,Norway,365,POINT(12.38506 64.2465),1000.0,1000.0,102.70033604421425,35.39343370317702,28.903460164881675,4.778524530820265,1000.0,1000.0,156.45279600603544,1000.0,0,0,7,17,5,41,0,0,1,0.0
2a2318dd0d79b54254e8518d66c11f9b,1,2024-09-01,2025-08-31,365,274,3.5559360730593608,51.205479452054796,Recharge,150.0,Teglverkveien 1 8006 BODØ,Recharge Esso Rønvik,Norway,365,POINT(14.40705 67.29354),1000.0,1000.0,211.8486952081509,213.03510003964428,1000.0,25.210756796180267,18.400155364726587,1000.0,89.64148800637655,1000.0,0,0,17,50,0,121,11,0,3,0.0
f8162abc56c35b50b1208ed3979ad76e,4,2024-09-01,2025-08-31,365,310,3.555460426179605,51.1986301369863,Mer,50.0,Fjellvegen 1 8685 TROFORS,Majavatn,Norway,365,POINT(13.36988 65.16748),1000.0,1000.0,1000.0,105.65653893500716,1000.0,7.721179918471901,51.42192295185678,35.858941950361974,109.57879952714357,1000.0,0,0,0,3,0,43,8,9,2,0.0
95c8892eee74854e196139bdfefa7c8c,4,2024-09-02,2025-08-31,364,285,3.4963560744810738,50.347527472527474,Mer,50.0,FURUVEIEN 4 7892 TRONES,Namsskogan Hotell,Norway,364,POINT(12.84465 64.7423),1000.0,1000.0,1000.0,15.969210477324893,1000.0,16.361959767190342,1000.0,24.668215068779197,29.361646537335652,1000.0,0,0,0,12,0,22,0,6,3,0.0
2b92d930e6e49e8d2a4df1cd9a2f5214,1,2024-09-01,2025-08-31,365,271,3.4263698630136985,49.33972602739726,Recharge,225.0,Gammelveien 9 8614 MO I RANA,Recharge Esso Ytteren,Norway,365,POINT(14.14288 66.34082),1000.0,1000.0,59.00861666431837,66.53195080000515,1000.0,7.492992355166804,62.090337350480794,1000.0,23.519383707381206,1000.0,0,0,16,53,0,64,11,0,2,0.0
57028db69a1e97120b34bb64f6860af2,1,2025-04-02,2025-08-30,151,102,3.402317880794702,48.99337748344371,St1 Charge,300.0,Stormyrveien 1 8008 BODØ,St1 Lading Stormyra,Norway,151,POINT(14.42093 67.28084),1000.0,251.94814130658787,92.08743817726725,237.0799828122145,1000.0,33.78076275786772,23.627612667427886,47.16243298512347,115.73028820929534,1000.0,0,23,15,45,0,114,28,24,20,0.0
c3c10eef0d447fa0ddf70a3a4d7a6af6,7,2024-09-01,2025-08-31,365,249,3.3971243748641022,48.91859099804306,Kople As,400.0,Leira 2 8665 MOSJØEN,LAD OPP - Esso Mosjøen Halsøy,Norway,365,POINT(13.1958 65.86326),1000.0,1000.0,54.64577662302984,25.11436057702115,1000.0,5.729743080149935,1000.0,56.810945645343644,1000.0,1000.0,0,0,13,68,0,215,0,19,0,0.0
463b94cc2ce55ef4fb190707a604e344,1,2025-06-14,2025-08-31,79,62,3.382559774964838,48.70886075949367,Ionity,200.0,Fogd Holmboes gate 33 9360 BARDU,IONITY Setermoen,Norway,79,POINT(18.34875 68.86173),,,,,,,,,,,,,,,,,,,,
983fc5a916c5e62855de110a3958dcec,4,2024-09-01,2025-08-31,365,315,3.3253900304414,47.885616438356166,Mer,50.0,General Fleichers Vei 365 9357 TENNEVOLL,Lapphaugen Turiststasjon,Norway,365,POINT(17.9154 68.67877),1000.0,1000.0,1000.0,1000.0,1000.0,13.48058362201441,1000.0,29.695273864556853,1000.0,1000.0,0,0,0,0,0,9,0,1,0,0.0
ccf249ccad41679e40f8a9781366ae91,2,2024-09-01,2025-08-31,365,275,3.2664573820395737,47.036986301369865,Kople As,50.0,Løkvollveien 5 9144 SAMUELSBERG,Ishavsveien - Manndalen,Norway,365,POINT(20.5506 69.54169),1000.0,1000.0,1000.0,41.67771873025999,25.55865027632293,19.240085988608094,1000.0,69.34426238304302,38.89112309550505,1000.0,0,0,0,11,12,20,0,12,5,0.0
e3c5fc50849142922e09fecc04723264,2,2024-09-01,2025-08-31,365,325,3.255612633181127,46.88082191780822,Kople As,150.0,Storgata 62 8430 MYRE,PWR UP - Myre,Norway,365,POINT(15.10071 68.91513),1000.0,1000.0,1000.0,1000.0,1000.0,1000.0,1000.0,1000.0,1000.0,1000.0,0,0,0,0,0,0,0,0,0,0.0
17692c617be947929e27b091ddcda7a6,4,2024-09-01,2025-08-31,365,305,3.167427701674277,45.61095890410959,Recharge,225.0,Storsanddalen 1 8610 MO I RANA,Recharge Esso Grubhei,Norway,365,POINT(14.20314 66.32036),1000.0,1000.0,1000.0,69.97279809695806,1000.0,8.725623249223986,52.152025092041676,31.311718717761586,1000.0,1000.0,0,0,0,53,0,64,11,23,0,0.0
c4279639e4eeb7bb748720d41deaefe8,2,2024-09-01,2025-08-31,365,222,3.1432648401826486,45.26301369863014,Recharge,50.0,Sørgrenda 16 8250 ROGNAN,Recharge Røkland Senter,Norway,365,POINT(15.31508 66.98049),1000.0,1000.0,1000.0,221.40096034460035,136.4927136857257,28.495234289797743,1000.0,23.756224475240572,134.92907335754526,1000.0,0,0,0,16,9,18,0,9,1,0.0
47258368554d425f410db466af7b909b,1,2025-05-26,2025-08-31,98,68,3.126417233560091,45.02040816326531,Ionity,200.0,Torgveien 1 9040 NORDKJOSBOTN,IONITY Nordkjosbotn,Norway,98,POINT(19.55914 69.21802),,,,,,,,,,,,,,,,,,,,
220df1737c89a16b63db9e16f1623f9a,4,2024-12-13,2025-08-31,262,224,3.1076388888888884,44.75,Mer,150.0,Hovøyveien 11 8900 BRØNNØYSUND,Brønnøysund lufthavn DC,Norway,262,POINT(12.2092 65.45994),1000.0,1000.0,105.36784991505213,309.70540513312295,344.89147834796387,28.55077133326883,1000.0,1000.0,16.223790905999376,1000.0,0,0,6,37,2,14,0,0,6,0.0
23c761dd9c49d89164a0d91da9ebf73c,6,2024-12-21,2025-08-31,254,238,3.103310002916302,44.68766404199475,Kople As,180.0,Ankenesveien 2 8520 ANKENES,Kople Kiwi Ankenes,Norway,254,POINT(17.41476 68.4067),1000.0,1000.0,1000.0,300.2192117737438,1000.0,2.9767528299664803,1000.0,43.01890800360118,134.64974896194303,1000.0,0,0,0,6,0,22,0,12,1,0.0
9a076d6b7b114967c78576e070ce5a0c,1,2025-06-15,2025-08-31,78,61,3.1000712250712255,44.64102564102564,Ionity,400.0,Kulstadbakken 13 8665 MOSJØEN,IONITY Mosjøen,Norway,78,POINT(13.19557 65.86456),,,,,,,,,,,,,,,,,,,,
29923690c97a2154afdd6f925d6f25ef,6,2024-09-01,2025-08-31,365,305,3.0893264840182653,44.48630136986301,Recharge,200.0,Sentrumsveien 2 9040 NORDKJOSBOTN,Recharge Shell Balsfjord,Norway,365,POINT(19.55375 69.21543),1000.0,1000.0,1000.0,54.9418990216183,1000.0,13.70758786478272,52.26180863847311,58.01893038518907,55.586697904883586,1000.0,0,0,0,9,0,27,13,22,3,0.0
37afdb9ab9c570b1ce77987083c083db,4,2024-09-01,2025-08-31,365,313,3.06578196347032,44.147260273972606,Mer,50.0,STEIGENVEIEN 25 8260 INNHAVET,Tømmerneset,Norway,365,POINT(15.8567 67.9007),1000.0,1000.0,42.49448937683549,1000.0,1000.0,14.364029707884185,1000.0,170.1924532682109,172.82767209905796,1000.0,0,0,6,0,0,12,0,7,2,0.0
601ac60091ee898ea5d9cba83c82fa59,2,2024-09-03,2025-08-31,363,214,3.010694061830425,43.353994490358126,Kople As,50.0,Alttaluodda 18 9520 KAUTOKEINO,Ishavsveien - Kautokeino,Norway,363,POINT(23.04088 69.01338),1000.0,1000.0,1000.0,103.51857903656358,103.42326279625792,6.616715289162045,1000.0,23.961438103595096,104.20755925266184,1000.0,0,0,0,37,10,79,0,5,2,0.0
9e391581f1773862b1647c8a1be5ba6b,1,2024-09-02,2025-08-31,364,211,2.9912622100122097,43.074175824175825,St1 Charge,300.0,Naustgata 1 8665 MOSJØEN,St1 Lading Mosjøen,Norway,364,POINT(13.19574 65.86385),1000.0,1000.0,17.66648284570189,21.746287889146732,1000.0,32.93900305250813,1000.0,105.13259169669644,1000.0,1000.0,0,0,13,78,0,209,0,19,0,0.0
b26ef3be6f1884d5426394e0f7c41bc0,2,2024-09-02,2025-08-30,363,198,2.862431129476584,41.21900826446281,Kople As,50.0,Fløyåsen 1 8294 HAMARØY,ChargeUp - Knut Hamsund VGS,Norway,363,POINT(15.6241 68.08347),1000.0,1000.0,161.29642246027993,30.768557845495277,1000.0,85.17496699371912,1000.0,1000.0,18.034287628061964,1000.0,0,0,7,33,0,25,0,0,8,0.0
988a39746e6f8110fd8b2fa06b200a43,6,2024-12-21,2025-08-31,254,237,2.848680373286672,41.020997375328086,Kople As,400.0,Stasjonsveien  8515 NARVIK,Kople Universitetssykehuset i Narvik hurtigladere,Norway,254,POINT(17.46562 68.44707),1000.0,1000.0,1000.0,209.21463006303765,319.3844109687041,22.114436363631366,5.975527095256591,278.7650185038015,10.62955325296368,1000.0,0,0,0,8,3,29,8,16,2,0.0
3336ab7244f6bc570d75621a021b94bd,4,2024-09-01,2025-08-31,365,304,2.772260273972603,39.92054794520548,Mer,50.0,"Sørfjord, 20/5  8264 ENGAN",Kobbelv Vertshus,Norway,365,POINT(15.89228 67.58005),1000.0,1000.0,1000.0,486.6491879211616,1000.0,0.07340747278483252,1000.0,10.521422767284337,209.70465228963002,1000.0,0,0,0,1,0,18,0,3,2,0.0
5fd7c79f91a0778e2af7eee19d109446,1,2024-09-01,2025-08-31,365,252,2.7714992389649917,39.90958904109589,Kople As,175.0,Hiersaluokka  9525 MAZE,Ishavsveien - Maze,Norway,365,POINT(23.66693 69.44374),1000.0,1000.0,1000.0,1000.0,6.356008061028399,13.908075323818366,1000.0,464.4116493216202,1000.0,1000.0,0,0,0,0,3,15,0,1,0,0.0
464e7b2ab3ac5510b6977621b87fd0ca,4,2025-01-29,2025-08-31,215,210,2.751614987080103,39.62325581395349,Uno-X,300.0,Andsliveien 25 9325 BARDUFOSS,Uno-X Bardufoss,Norway,215,POINT(18.50623 69.06381),1000.0,1000.0,428.2351627637449,165.1411887544159,202.71626125224242,0.16725884653352888,65.8385701625599,33.38074480009501,224.95107022412478,1000.0,0,0,12,1,5,33,18,28,3,0.0
e63329a6a6c5543d7184609bc4cd4768,1,2024-09-01,2025-08-31,365,236,2.733066971080669,39.35616438356164,Kople As,180.0,Takvassveien 8 9334 ØVERBYGD,Ishavskraft - Shell Øverbygd,Norway,365,POINT(19.29722 69.0252),1000.0,1000.0,88.53175730070913,273.97091058756905,44.6839186357394,30.960460370695415,1000.0,1000.0,19.341111803099764,1000.0,0,0,5,1,2,58,0,0,2,0.0
3b63c81cea02635b1e34c636336c1d2b,1,2025-03-19,2025-08-31,166,121,2.716700133868809,39.12048192771084,Kople As,200.0,Nordlysveien 404 9046 OTEREN,Ishavskraft - Lyngskroa,Norway,166,POINT(19.88498 69.25701),1000.0,1000.0,68.82905570640224,209.48076032438786,1000.0,7.391759808847438,1000.0,79.7603833131005,132.45950389501087,1000.0,0,0,5,2,0,34,0,4,2,0.0
e4d40bd6caa8adbe8fa0242d36cb9cca,2,2024-09-01,2025-08-31,365,304,2.7141362252663623,39.083561643835615,Kople As,100.0,Campingvegen 1 8657 MOSJØEN,LAD OPP - Mosjøen Camping - AC,Norway,365,POINT(13.22013 65.83445),1000.0,1000.0,360.85204887387073,13.107048110583978,401.68777945085907,6.914323636342081,1000.0,29.40913861232568,159.61759372236094,1000.0,0,0,4,61,17,172,0,27,11,0.0
9e61290f6990393311c24f46e150139e,4,2024-09-02,2025-08-31,364,301,2.7036114926739923,38.932005494505496,Mer,50.0,Sentrum 1 8226 STRAUMEN,Coop Prix Straumen,Norway,364,POINT(15.59077 67.3467),1000.0,1000.0,1000.0,24.846751398663333,28.420038363091212,72.35550957936262,1000.0,373.9555593762079,1000.0,1000.0,0,0,0,60,13,24,0,3,0,0.0
2383425b7d496ff065b650bba4989c12,4,2024-09-01,2025-08-31,365,220,2.66652397260274,38.39794520547945,Recharge,50.0,Saltfjellveien 1573 8630 STORFORSHEIA,Recharge Krokstrand Café og Overnatting,Norway,365,POINT(15.0929 66.46263),1000.0,1000.0,1000.0,1000.0,1000.0,12.323239233659871,18.04193599208011,94.24660170374864,24.822642727549844,1000.0,0,0,0,0,0,7,1,11,7,0.0
da838e4832b899bb2b0c7e6fb2db7cb0,1,2024-09-01,2025-08-30,364,239,2.4935134310134304,35.90659340659341,Eviny,100.0,Risøyhamn  8493 RISØYHAMN,Risøyhamn,Norway,364,POINT(15.6428 68.97469),1000.0,1000.0,1000.0,1000.0,1000.0,1000.0,1000.0,1000.0,1000.0,1000.0,0,0,0,0,0,0,0,0,0,0.0
74cf065a20babb836488b65682cdb740,3,2025-06-10,2025-08-31,83,63,2.460954930834449,35.437751004016064,Circle K,180.0,Bodøveien 630 8019 BODØ,Circle K Hunstad,Norway,83,POINT(14.53955 67.27971),,,,,,,,,,,,,,,,,,,,
68145c83c094261657d10bdeda3bbf80,2,2025-04-08,2025-08-31,146,106,2.4172374429223744,34.80821917808219,Kople As,180.0,Kjerringøyveien 1145 8093 KJERRINGØY,PWR UP - Kjerringøy,Norway,146,POINT(14.76145 67.51986),1000.0,1000.0,1000.0,19.587003395221117,40.55032039753994,4.388485631498713,1000.0,1000.0,77.06320416215485,1000.0,0,0,0,16,8,21,0,0,6,0.0
70a43de8cb4cba29206ec2c7bf24c96d,8,2024-09-01,2025-08-31,365,247,2.3517646499238962,33.86541095890411,Kople As,300.0,Lupinvegen 1 7896 BREKKVASSELV,LAD OPP - Brekkvasselv,Norway,365,POINT(13.01462 64.8474),1000.0,1000.0,1000.0,32.742403712882684,1000.0,2.4243812785294314,1000.0,68.93381559391963,317.49521957075234,1000.0,0,0,0,19,0,18,0,3,1,0.0
f341be7b42df113d71906936dcdbcef4,4,2024-09-01,2025-08-31,365,323,2.3462233637747336,33.785616438356165,Mer,50.0,Laksvatn  9042 LAKSVATN,Laksvatn,Norway,365,POINT(19.36219 69.37626),1000.0,1000.0,1000.0,20.051729476609562,19.223727623389816,38.9152648634884,1000.0,140.6473820540196,137.24202993276194,1000.0,0,0,0,6,9,12,0,8,1,0.0
4ee262cfb2ba4566a05655629a518d2c,4,2024-12-13,2025-08-31,262,236,2.3407018659881254,33.70610687022901,Eviny,300.0,Storgata 39 8430 MYRE,Bunnpris Myre,Norway,262,POINT(15.09306 68.91464),1000.0,1000.0,1000.0,1000.0,1000.0,1000.0,1000.0,1000.0,1000.0,1000.0,0,0,0,0,0,0,0,0,0,0.0
d335dac8c2f0747b6ad2c2021b030f0b,4,2024-09-01,2025-08-31,365,305,2.3395643074581427,33.68972602739726,Recharge,400.0,Namsosvegen 2886 7750 NAMDALSEID,St1 Namdalseid,Norway,365,POINT(11.22365 64.22263),1000.0,1000.0,16.563705662855458,88.27170386486033,1000.0,30.72893841222465,1000.0,1000.0,137.24367802809954,1000.0,0,0,11,11,0,30,0,0,8,0.0
4a66298e15c6983dd6ffb2e3e0a780a3,1,2024-09-10,2025-08-30,355,102,2.3358763693270737,33.63661971830986,Eviny,75.0,Industriveien 7 8480 ANDENES,Rema 1000 Andenes,Norway,355,POINT(16.10047 69.30986),1000.0,1000.0,1000.0,1000.0,1000.0,1000.0,1000.0,1000.0,1000.0,1000.0,0,0,0,0,0,0,0,0,0,0.0
6104519029d1ad716b4b9171068a0613,2,2024-09-01,2025-08-31,365,284,2.2921423135464236,33.00684931506849,Kople As,150.0,Sørfjordveien 2B 8230 SULITJELMA,PWR UP - Terråk,Norway,365,POINT(12.37507 65.08909),1000.0,1000.0,46.93678928984343,49.07496776872273,291.0671783436403,12.412092424915325,79.08112173930316,1000.0,108.6702326594669,1000.0,0,0,6,30,4,17,3,0,5,0.0
410eb19aef80f189b84a52625d58e56c,2,2024-09-02,2025-08-31,364,283,2.2685821123321124,32.667582417582416,Kople As,100.0,Håndverkeren 14 8250 ROGNAN,ChargeUp - Dragefossen Rognan,Norway,364,POINT(15.3915 67.10341),1000.0,1000.0,1000.0,25.35342261960627,143.8923288686161,29.53444827863553,1000.0,1000.0,1000.0,1000.0,0,0,0,55,14,32,0,0,0,0.0
9d38b3952aeef181216942362270143a,4,2024-09-01,2025-08-31,365,246,2.2505707762557083,32.40821917808219,Recharge,200.0,Ankenesveien 5 8520 ANKENES,St1 Ankenes,Norway,365,POINT(17.4173 68.40566),1000.0,1000.0,1000.0,455.70479523274895,1000.0,4.0862871043165025,1000.0,16.5952346529208,11.318029479903359,1000.0,0,0,0,4,0,16,0,11,1,0.0
98dc86c6cc3f2e44bdfaffd83895dab8,5,2024-09-01,2025-08-31,365,335,2.2191780821917813,31.95616438356164,Eviny,200.0,Parkveien 15 9060 LYNGSEIDET,Lyngseidet,Norway,365,POINT(20.2054 69.57461),1000.0,1000.0,44.15809578749135,5.063393836633116,1000.0,69.15393650903329,1000.0,1000.0,18.76259054912315,1000.0,0,0,6,18,0,25,0,0,6,0.0
518810656794f00b2f42becf613c3882,4,2024-09-01,2025-08-31,365,262,2.189973363774733,31.535616438356165,Recharge,50.0,Altevannsveien 7 9360 BARDU,Recharge Setermoen,Norway,365,POINT(18.34695 68.86022),1000.0,1000.0,1000.0,69.34837293134254,87.07201703049279,6.010477718983239,171.863550687624,34.66455676594918,460.6402657042814,1000.0,0,0,0,37,6,66,5,18,1,0.0
5d8935113b804dee8233488cbc611ee0,4,2024-09-01,2025-08-31,365,233,2.178224885844749,31.366438356164384,Kople As,300.0,Saltfjellveien 2252 8255 RØKLAND,LAD OPP - Røkland,Norway,365,POINT(15.31404 66.98229),1000.0,1000.0,1000.0,71.21197522518445,62.543195905414876,18.810554567401617,1000.0,92.72700206291493,232.44133040613647,1000.0,0,0,0,18,10,21,0,9,1,0.0
ef95881f3e97c8cfc77adce90a2a8920,2,2024-09-01,2025-08-31,365,294,2.1581050228310503,31.076712328767123,Kople As,150.0,Svalivegen 2 7863 OVERHALLA,Kople Overhalla kommunehus,Norway,365,POINT(11.94781 64.49398),1000.0,1000.0,37.55188959093598,26.0261270044068,60.010384897601355,39.99199915192993,1000.0,1000.0,16.579634732962525,1000.0,0,0,17,14,4,39,0,0,7,0.0
d96feda08c6dc9de32d3227fcb609168,1,2024-09-02,2025-08-31,364,173,2.135607448107448,30.752747252747252,Recharge,50.0,Storsanddalen 1 8610 MO I RANA,Recharge Esso Grubhei,Norway,364,POINT(14.20314 66.32036),1000.0,1000.0,1000.0,69.97279809695806,1000.0,8.725623249223986,52.152025092041676,31.311718717761586,1000.0,1000.0,0,0,0,53,0,64,11,23,0,0.0
d56c1f4e74edf6b0808ea7e68e5516b3,2,2024-09-02,2025-08-30,363,198,2.0795071931435563,29.94490358126722,Eviny,50.0,Strandgata 9 9008 TROMSØ,Alti Nerstranda,Norway,363,POINT(18.95394 69.64651),1000.0,172.99841317145558,315.1094703458199,106.12197167875445,1000.0,4.106259050337833,59.0375832315021,1000.0,6.366047080863538,1000.0,0,1,9,52,0,265,18,0,48,0.0
b2bb1aa98c829ccb21f7ae6b7a085369,5,2024-09-01,2025-08-31,365,335,2.076560121765602,29.902465753424657,Kople As,400.0,Sørkjosveien 416 9050 STORSTEINNES,Ishavskraft - Esso Tømmerelv,Norway,365,POINT(19.30145 69.21704),1000.0,1000.0,68.04972124035422,1000.0,1000.0,22.87797716409706,1000.0,54.62038620642064,1000.0,1000.0,0,0,6,0,0,6,0,9,0,0.0
f9c13b5c5fc52952ab4744e8850d7a13,1,2024-09-01,2025-08-30,364,217,2.056814713064713,29.61813186813187,Recharge,50.0,Rødbergveien 37 9409 HARSTAD,Recharge Shell Åsby,Norway,364,POINT(16.56817 68.78138),1000.0,1000.0,1000.0,1000.0,1000.0,1000.0,1000.0,1000.0,1000.0,1000.0,0,0,0,0,0,0,0,0,0,0.0
dac19894655dcb5f6702e1471aa2e261,2,2025-04-07,2025-08-31,147,120,2.049319727891156,29.510204081632654,Kople As,180.0,Svenskveien 1267 8610 MO I RANA,LAD OPP - Umbukta fjellstue - AC,Norway,147,POINT(14.58609 66.16407),1000.0,1000.0,1000.0,1000.0,1000.0,1.2305579452295423,1000.0,18.899545408458177,1000.0,1000.0,0,0,0,0,0,45,0,1,0,0.0
32e82c4be863f8ef2e7e5bab37969c7b,5,2025-04-01,2025-08-31,153,128,2.032135076252723,29.262745098039215,St1 Charge,400.0,Innstrandveien 1 8020 BODØ,St1 Lading Mørkved,Norway,153,POINT(14.54853 67.28222),1000.0,1000.0,1000.0,95.56288667494083,1000.0,17.982519271270412,31.374443300526814,9.968798131111413,1000.0,1000.0,0,0,0,96,0,74,43,7,0,0.0
f0af9ddc6fa573d60ec6cfa42ffb1393,2,2024-09-01,2025-08-31,365,304,1.9930555555555554,28.7,Kople As,150.0,Skauvolløya 2 8140 INNDYR,Bodø Energi - Skauvoll,Norway,365,POINT(14.04286 66.98669),1000.0,1000.0,12.243889266467066,306.72716752879245,1000.0,13.504321937014641,1000.0,1000.0,40.69037673438052,1000.0,0,0,4,4,0,18,0,0,1,0.0
dd996a15f71b7b46fe02ede3353f4431,4,2024-09-01,2025-08-31,365,273,1.9591419330289197,28.21164383561644,Recharge,50.0,Malmgata 9 8630 STORFORSHEIA,Recharge Coop Prix Storforshei,Norway,365,POINT(14.52831 66.40434),1000.0,1000.0,1000.0,9.869974639742729,1000.0,2.015266248352326,1000.0,74.88941380446609,146.01933496205638,1000.0,0,0,0,46,0,37,0,11,11,0.0
fbd3a07e8ddf39be48f2b5f371b31ef6,5,2024-09-01,2025-08-31,365,298,1.8616818873668188,26.80821917808219,St1 Charge,400.0,Naustgata 1 8665 MOSJØEN,St1 Lading Mosjøen,Norway,365,POINT(13.19574 65.86385),1000.0,1000.0,17.66648284570189,21.746287889146732,1000.0,32.93900305250813,1000.0,105.13259169669644,1000.0,1000.0,0,0,13,78,0,209,0,19,0,0.0
b4549728e963405a61a6c466170361e7,2,2024-09-02,2025-08-31,364,267,1.7669223137973136,25.443681318681318,Kople As,150.0,Østre Beiarveien 5 8110 MOLDJORD,PWR UP - Beiarn,Norway,364,POINT(14.7604 66.98871),1000.0,1000.0,91.80817506129287,454.3594539488515,23.416612356482684,58.06901341067175,1000.0,1000.0,95.39653803455843,1000.0,0,0,6,2,2,11,0,0,4,0.0
8dc9776fc0bb1120700cbdfdbb927d84,2,2025-04-09,2025-08-31,145,100,1.7385057471264367,25.03448275862069,Kople As,180.0,Inndyrsvågen  8140 INNDYR,PWR UP - Coop Inndyr,Norway,145,POINT(14.02778 67.03602),,,,,,,,,,,,,,,,,,,,
79c20abc77e32c6055f63117933b8261,2,2024-09-01,2025-08-31,365,270,1.7330669710806696,24.956164383561642,Recharge,300.0,Namsosvegen 2886 7750 NAMDALSEID,St1 Namdalseid,Norway,365,POINT(11.22365 64.22263),1000.0,1000.0,16.563705662855458,88.27170386486033,1000.0,30.72893841222465,1000.0,1000.0,137.24367802809954,1000.0,0,0,11,11,0,30,0,0,8,0.0
e023c348a1dd3416b96369cc3d9b7051,4,2024-09-01,2025-08-31,365,107,1.7230783866057837,24.812328767123287,Circle K,400.0,Olav V gate 102 C  8004 BODØ,Circle K Olav VS Gate,Norway,365,POINT(14.40442 67.27489),1000.0,1000.0,1000.0,59.10522137640349,1000.0,19.87304205719658,381.64020492454705,47.45185800246636,1000.0,1000.0,0,0,0,58,0,56,10,18,0,0.0
ae4c8818488f5c8a264f778fce5e4de0,8,2024-09-01,2025-08-31,365,248,1.614250380517504,23.245205479452054,Kople As,400.0,Meieriveien 7 8646 KORGEN,LAD OPP - Korgen,Norway,365,POINT(13.82583 66.08122),1000.0,1000.0,1000.0,73.3438709516818,34.2620921075969,38.17969382406181,141.64900429470296,22.5721155035964,146.15173831457446,1000.0,0,0,0,11,3,25,4,2,4,0.0
7f62f272ef00f33fd47028c1a774ec60,6,2025-08-21,2025-08-31,11,11,1.5193602693602692,21.878787878787875,Mer,150.0,Olav V gate  8004 BODØ,Bodø lufthavn,Norway,11,POINT(14.37031 67.27307),,,,,,,,,,,,,,,,,,,,
fc1b23bf124f2e441b727acc3bf112b9,3,2024-09-01,2025-08-31,365,201,1.5054540842212076,21.678538812785394,Eviny,50.0,Hesteskoen  8283 LEINESFJORD,Leinesfjord,Norway,365,POINT(15.01868 67.77662),1000.0,1000.0,9.662736060115085,191.1701973275522,1000.0,10.63092385636713,1000.0,1000.0,131.16749752370913,1000.0,0,0,5,3,0,35,0,0,8,0.0
97b6adfaed23fcab097d70bd3327ba24,2,2024-09-01,2025-08-31,365,231,1.4707001522070016,21.17808219178082,Recharge,50.0,Namsosvegen 2886 7750 NAMDALSEID,St1 Namdalseid,Norway,365,POINT(11.22365 64.22263),1000.0,1000.0,16.563705662855458,88.27170386486033,1000.0,30.72893841222465,1000.0,1000.0,137.24367802809954,1000.0,0,0,11,11,0,30,0,0,8,0.0
3692448d06d34c0d51b0992510cdc084,2,2024-09-01,2025-08-27,361,83,1.426977531548169,20.548476454293628,Kople As,50.0,Glomveien 8 8160 GLOMFJORD,ChargeUp - Meløy VGS Glomfjord,Norway,361,POINT(13.96731 66.8142),,,,,,,,,,,,,,,,,,,,
1946316bdb4b84623835e1b8a88eba64,1,2024-09-03,2025-08-31,363,113,1.368610345883073,19.707988980716255,Recharge,50.0,Caroline Harveys vei 8 8300 SVOLVÆR,Recharge Shell Svolvær,Norway,363,POINT(14.56585 68.23905),1000.0,1000.0,1000.0,1000.0,1000.0,1000.0,1000.0,1000.0,1000.0,1000.0,0,0,0,0,0,0,0,0,0,0.0
1e735eb515c057a690e2c302ad3506e4,1,2024-09-04,2025-08-28,359,144,1.3420767564221605,19.32590529247911,Recharge,150.0,Rødbergveien 37 9409 HARSTAD,Recharge Shell Åsby,Norway,359,POINT(16.56817 68.78138),1000.0,1000.0,1000.0,1000.0,1000.0,1000.0,1000.0,1000.0,1000.0,1000.0,0,0,0,0,0,0,0,0,0,0.0
3f5bea865ce437edbeaac075f1345d8b,2,2024-09-07,2025-08-30,358,161,1.3006284916201118,18.72905027932961,Kople As,50.0,Takvassveien 8 9334 ØVERBYGD,Ishavskraft - Shell Øverbygd,Norway,358,POINT(19.29722 69.0252),1000.0,1000.0,88.53175730070913,273.97091058756905,44.6839186357394,30.960460370695415,1000.0,1000.0,19.341111803099764,1000.0,0,0,5,1,2,58,0,0,2,0.0
e6e6fd6be5e7b31bc170fe1bd5ef07a3,2,2024-09-01,2025-08-31,365,260,1.2876712328767121,18.542465753424658,Kople As,150.0,Kulturveien 3589 8110 MOLDJORD,PWR UP - Misvær,Norway,365,POINT(15.00377 67.11659),1000.0,1000.0,29.751008044591273,46.97691190320876,1000.0,25.91855787710652,1000.0,1000.0,1000.0,1000.0,0,0,8,26,0,37,0,0,0,0.0
1e04626a1feab4372ba6b5492994a79b,4,2024-09-01,2025-08-31,365,234,1.271832191780822,18.314383561643837,Recharge,50.0,Korgensenteret Meieriveien 1 8646 KORGEN,Recharge Coop Korgen,Norway,365,POINT(13.82327 66.08059),1000.0,1000.0,1000.0,141.4971084528869,169.06427162017965,15.231785584204149,190.92869432236867,10.913805519584288,245.12829197485496,1000.0,0,0,0,7,5,26,4,2,2,0.0
727876db9a8adb1f93c435dbefffb00b,3,2024-09-01,2025-08-31,365,164,1.2430872653475393,17.90045662100457,Eviny,50.0,E10 1358 8519 NARVIK,Skogvatnet E10,Norway,365,POINT(17.97914 68.4903),1000.0,1000.0,1000.0,1000.0,1000.0,1000.0,1000.0,15.118743438899621,1000.0,1000.0,0,0,0,0,0,0,0,1,0,0.0
92c30be62e8ba010157893fdb021d60a,2,2024-09-01,2025-08-31,365,214,1.2009132420091324,17.293150684931508,Kople As,150.0,Sandnes 10 8230 SULITJELMA,PWR UP - Sulitjelma,Norway,365,POINT(16.07045 67.13385),1000.0,1000.0,1000.0,1000.0,1000.0,1000.0,1000.0,1000.0,1000.0,1000.0,0,0,0,0,0,0,0,0,0,0.0
5254f5239b7eef35fa928081c276d764,4,2024-09-01,2025-08-31,365,231,1.1959665144596652,17.221917808219178,Recharge,50.0,Torgveien 2 9440 EVENSKJER,Recharge Vollan Gjestestue,Norway,365,POINT(19.5593 69.21858),1000.0,1000.0,1000.0,59.356230301902905,1000.0,25.99744459099344,20.490062970758547,118.78527761265087,468.60220500722414,1000.0,0,0,0,14,0,44,13,24,1,0.0
8eedf3c7f1f6067214e8667cf5f56f11,2,2024-09-01,2025-08-31,365,195,1.1934931506849313,17.186301369863013,Kople As,150.0,Buenget 11 7898 LIMINGEN,YX Røyrvik,Norway,365,POINT(13.55841 64.88649),1000.0,1000.0,1000.0,105.81690400690518,30.864458799503126,9.917228948249878,1000.0,1000.0,438.37748256884896,1000.0,0,0,0,23,5,22,0,0,1,0.0
57752b6b0ed31f13e0b582c4d4b2be35,4,2024-09-06,2025-08-31,360,163,1.1759259259259258,16.933333333333334,Recharge,225.0,Brattmelveien 6 9050 STORSTEINNES,Recharge Spar Storsteinnes,Norway,360,POINT(19.23491 69.23967),1000.0,1000.0,42.92545043531336,85.542366289002,322.4219564469011,18.420533906313306,346.7924795494981,1000.0,1000.0,1000.0,0,0,6,14,3,34,3,0,0,0.0
fc1dfb343d19e224b7f381d7c5dae0ed,1,2024-09-01,2025-08-31,365,93,1.164193302891933,16.764383561643836,Eviny,50.0,Alstad 1 8370 LEKNES,Alstad Kro og Camping,Norway,365,POINT(13.93621 68.27229),,,,,,,,,,,,,,,,,,,,
c7b339760ed56053851a3325e6d2a694,2,2024-09-01,2025-08-31,365,217,1.137842465753425,16.384931506849316,Kople As,150.0,Espenesveien 75 9311 BRØSTADBOTN,Kople YX Brøstadbotn,Norway,365,POINT(17.70315 69.0933),1000.0,1000.0,1000.0,368.2805779794416,24.843073873430228,5.903719928882509,1000.0,1000.0,273.60545582774756,1000.0,0,0,0,6,2,10,0,0,14,0.0
57b72ac2c3fc202a506934d3e017b0fb,4,2024-11-14,2025-08-31,291,201,1.0402348224513172,14.97938144329897,Eviny,300.0,F. L. Smiths vei  8590 KJØPSVIK,Kjøpsvik,Norway,291,POINT(16.3762 68.09834),1000.0,1000.0,1000.0,11.67095833521864,1000.0,1.1652222275131363,25.87729914449233,266.33163392935865,287.83778303716576,1000.0,0,0,0,64,0,21,26,14,3,0.0
16ec4a631100ed139f5a55a4c00f8904,5,2024-09-01,2025-08-31,365,282,1.0334855403348553,14.882191780821918,Eviny,50.0,Granvegen 12 7870 GRONG,Grong Kjøpesenter,Norway,365,POINT(12.31588 64.46449),1000.0,1000.0,1000.0,6.4709174644893706,7.19393914591403,23.10656029878613,1000.0,423.7053731460511,9.183872538677488,1000.0,0,0,0,44,19,57,0,8,11,0.0
02634c6f17d9da47709577c0516aa273,1,2025-04-02,2025-08-31,152,68,1.0334429824561402,14.881578947368421,St1 Charge,300.0,Innstrandveien 1 8020 BODØ,St1 Lading Mørkved,Norway,152,POINT(14.54853 67.28222),,,,,,,,,,,,,,,,,,,,
4e79a2bdfd5767d84babcd8d1ced7d1f,3,2025-05-26,2025-08-31,98,72,0.9892290249433107,14.244897959183673,Ionity,400.0,Sætlandshaugen  8028 BODØ,IONITY Bodø,Norway,98,POINT(14.56929 67.28481),,,,,,,,,,,,,,,,,,,,
fd0de869e238a09fcff19ea14d716561,2,2024-09-02,2025-08-31,364,171,0.9670711233211232,13.925824175824175,Recharge,50.0,Sentrumsveien 2 9040 NORDKJOSBOTN,Recharge Shell Balsfjord,Norway,364,POINT(19.55375 69.21543),1000.0,1000.0,1000.0,54.9418990216183,1000.0,13.70758786478272,52.26180863847311,58.01893038518907,55.586697904883586,1000.0,0,0,0,9,0,27,13,22,3,0.0
eb72e16cfdf3a4b9565b5b57b7fcbdb4,1,2024-09-24,2025-08-25,336,52,0.9011243386243386,12.976190476190476,Eviny,75.0,Risøyhamn  8493 RISØYHAMN,Risøyhamn,Norway,336,POINT(15.6428 68.97469),,,,,,,,,,,,,,,,,,,,
26fc2a49d6c10ca5290d11180722752e,2,2024-12-14,2025-08-29,259,100,0.8435220935220934,12.146718146718147,Eviny,50.0,Storgata 39 8430 MYRE,Bunnpris Myre,Norway,259,POINT(15.09306 68.91464),,,,,,,,,,,,,,,,,,,,
8f1e2ab3f88667cad72a0f3fda9f31c2,2,2024-09-01,2025-08-31,365,117,0.824771689497717,11.876712328767123,Kople As,50.0,Hiersaluokka  9525 MAZE,Ishavsveien - Maze,Norway,365,POINT(23.66693 69.44374),1000.0,1000.0,1000.0,1000.0,6.356008061028399,13.908075323818366,1000.0,464.4116493216202,1000.0,1000.0,0,0,0,0,3,15,0,1,0,0.0
40e832738976c4c2e36a936bd537ca9f,2,2024-09-04,2025-08-31,362,94,0.7578460712093309,10.912983425414364,Eviny,50.0,Industriveien 2 9360 BARDU,Bunnpris Setermoen,Norway,362,POINT(18.35617 68.87734),,,,,,,,,,,,,,,,,,,,
4669cc9bdeea96865d0bc0c296562ad0,1,2025-06-10,2025-08-31,83,29,0.756358768406961,10.891566265060241,Circle K,100.0,Bodøveien 630 8019 BODØ,Circle K Hunstad,Norway,83,POINT(14.53955 67.27971),,,,,,,,,,,,,,,,,,,,
ac05c40c61eb7e067c3353072e3a48b1,2,2024-09-02,2025-08-31,364,169,0.7241109584859585,10.427197802197803,Eviny,200.0,E10 1358 8519 NARVIK,Skogvatnet E10,Norway,364,POINT(17.97914 68.4903),1000.0,1000.0,1000.0,1000.0,1000.0,1000.0,1000.0,15.118743438899621,1000.0,1000.0,0,0,0,0,0,0,0,1,0,0.0
47f35e3342b8184abb2cccedc9e36347,4,2024-09-01,2025-08-31,365,218,0.6392694063926941,9.205479452054794,Eviny,180.0,Industriveien 2 9360 BARDU,Bunnpris Setermoen,Norway,365,POINT(18.35617 68.87734),1000.0,1000.0,1000.0,79.6746579814965,1000.0,9.960019972298024,1000.0,29.544742451072747,104.25581516377487,1000.0,0,0,0,11,0,43,0,7,7,0.0
075ab75c5b4cd4f569b5b9dddd475eb9,2,2024-12-22,2025-08-26,248,37,0.3399417562724014,4.895161290322581,Mer,50.0,Hovøyveien 11 8900 BRØNNØYSUND,Brønnøysund lufthavn DC,Norway,248,POINT(12.2092 65.45994),,,,,,,,,,,,,,,,,,,,
b3ed1a49a42ae67229ad597f063ca452,1,2024-09-03,2025-08-20,352,27,0.33400410353535354,4.809659090909091,Eviny,62.5,Falcksgate 9 8480 ANDENES,Andøy Taxi,Norway,352,POINT(16.11934 69.32075),,,,,,,,,,,,,,,,,,,,
df508e21a47d02acc543ae390605af28,2,2024-11-15,2025-08-29,288,46,0.31274112654320985,4.503472222222222,Eviny,50.0,F. L. Smiths vei  8590 KJØPSVIK,Kjøpsvik,Norway,288,POINT(16.3762 68.09834),,,,,,,,,,,,,,,,,,,,
