id,size_total,start_day,end_day,calendar_day_count_x,active_days_count,percentage_average,average_daily_minutes,operator,capacity_kw,address,title,country_name,calendar_day_count_y,geometry,accommodation_count,activities_count,beauty_count,cafe_and_restaurant_count,clothing_count,electronics_count,food_count,grocery_count,hobby_count,home_count,medical_count,public_service_count,service_count,shopping_center_count,religious_count,accommodation_dist,activities_dist,beauty_dist,cafe_and_restaurant_dist,clothing_dist,electronics_dist,food_dist,grocery_dist,hobby_dist,home_dist,medical_dist,public_service_dist,service_dist,shopping_center_dist,religious_dist
63382301d2c136fca3bb93f60d11875d,1,2024-09-01,2025-08-31,365,330,46.13774733637748,664.3835616438356,Wattif,75.0,"Emma Olsens Vei 1, 9450 Hamnvik  9450 HAMNVIK",Ibestad Kommune,Norway,365,POINT(17.15857 68.78548),1.0,0.0,0.0,0.0,0.0,0.0,0.0,0.0,0.0,0.0,0.0,2.0,0.0,0.0,1.0,422.8277962521709,1000.0,1000.0,1000.0,1000.0,1000.0,1000.0,1000.0,1000.0,1000.0,1000.0,55.286808597113186,1000.0,1000.0,290.6932528975217
f6ef637eb61c9095d1e97ed8088b4908,1,2025-02-10,2025-07-25,166,127,44.97657295850067,647.6626506024096,Kople As,75.0,Klakkjeveien 5 8920 SØMNA,PWR UP - Coop Berg,Norway,166,POINT(12.19671 65.36867),0.0,0.0,0.0,1.0,0.0,0.0,0.0,2.0,0.0,0.0,0.0,1.0,5.0,0.0,0.0,1000.0,1000.0,1000.0,92.51273364109376,1000.0,1000.0,1000.0,24.527583700737477,1000.0,1000.0,1000.0,86.1288156702773,77.04150151505897,1000.0,1000.0
93a9bebd18ba399e34c11d5233ea4620,1,2024-09-01,2025-08-31,365,304,43.62956621004566,628.2657534246575,Kople As,75.0,Kongsveien 84 9350 SJØVEGAN,Kople Coop Extra Sjøvegan,Norway,365,POINT(17.83002 68.87709),1.0,11.0,0.0,3.0,1.0,1.0,1.0,2.0,2.0,3.0,1.0,1.0,6.0,0.0,0.0,366.2946731757182,17.277341551092672,1000.0,61.13278190460269,279.67957695160624,275.0239161066962,272.2068134937966,5.035878430012466,173.37414847966556,163.69578454638898,359.23709811209335,130.39858443717554,230.81064670080977,1000.0,1000.0
a3c36c7ef6eb303e39cbfca423bc200e,1,2024-09-02,2025-08-31,364,224,20.191544566544568,290.75824175824175,Kople As,75.0,Flakstadveien  8380 RAMBERG,Bodø Energi - Ramberg,Norway,364,POINT(13.22632 68.08956),0.0,0.0,0.0,0.0,0.0,0.0,0.0,0.0,0.0,0.0,0.0,0.0,0.0,0.0,0.0,1000.0,1000.0,1000.0,1000.0,1000.0,1000.0,1000.0,1000.0,1000.0,1000.0,1000.0,1000.0,1000.0,1000.0,1000.0
93dac09bca00923e49bbe7390495798d,1,2024-10-23,2025-08-27,309,216,17.78631787126933,256.12297734627833,Allego,50.0,Jordbruksveien 44 8008 BODØ,Allego NOALLE00002109,Norway,309,POINT(14.40087 67.27614),0.0,3.0,0.0,1.0,0.0,1.0,0.0,3.0,0.0,3.0,0.0,6.0,31.0,0.0,0.0,1000.0,216.4578983091637,1000.0,99.66157819173252,1000.0,187.12553827045213,1000.0,390.1816283618301,1000.0,100.15417516738572,1000.0,24.385641837009494,2.674106845987006,1000.0,1000.0
638bacbd9f18c016e649b9eee59efa73,1,2024-09-01,2025-08-31,365,160,17.300418569254187,249.1260273972603,Kople As,75.0,Kulturveien 3589 8110 MOLDJORD,PWR UP - Misvær,Norway,365,POINT(15.00377 67.11659),0.0,4.0,0.0,1.0,0.0,0.0,0.0,2.0,1.0,0.0,0.0,1.0,3.0,0.0,0.0,1000.0,87.07553017501566,1000.0,72.88402248194622,1000.0,1000.0,1000.0,72.68676252137419,203.13228171706214,1000.0,1000.0,345.1478928627919,25.46720913508728,1000.0,1000.0
b6a00d121568c1323a5e884abbb9c176,1,2024-09-03,2025-08-31,363,270,16.924165901438624,243.70798898071627,Kople As,75.0,Sentrum 47 7877 HØYLANDET,Kople YX Høylandet,Norway,363,POINT(12.29867 64.62597),1.0,2.0,0.0,0.0,0.0,0.0,0.0,2.0,0.0,0.0,0.0,2.0,4.0,0.0,0.0,374.17394762592096,452.84634312217923,1000.0,1000.0,1000.0,1000.0,1000.0,108.05982597014138,1000.0,1000.0,1000.0,197.42675649349056,33.52856325719144,1000.0,1000.0
bc9a46872bcc6e9497c1c5235c6dd7a8,16,2024-09-01,2025-08-31,365,346,16.76179604261796,241.36986301369862,Mer,150.0,Karlsøyvegen 12 9015 TROMSØ,Obs Jekta Storsenter,Norway,365,POINT(18.92331 69.67368),2.0,6.0,6.0,8.0,28.0,10.0,6.0,11.0,19.0,16.0,5.0,1.0,36.0,5.0,0.0,348.80595418308855,112.87588924250407,64.705138166697,89.42580921628182,60.14637807979941,52.00234230098813,104.25290334062171,85.33950395528227,58.32528108866384,55.103577804315314,53.906407965921154,282.17223132222784,94.79711957329131,59.49163358416953,1000.0
d19ae78cc789f861f848b6b3515d3973,1,2024-09-02,2025-08-28,361,220,16.20517851646661,233.3545706371191,Kople As,75.0,Skauvolløya 2 8140 INNDYR,Bodø Energi - Skauvoll,Norway,361,POINT(14.04286 66.98669),1.0,0.0,0.0,0.0,0.0,0.0,0.0,0.0,0.0,0.0,0.0,0.0,1.0,0.0,0.0,22.697175500773714,1000.0,1000.0,1000.0,1000.0,1000.0,1000.0,1000.0,1000.0,1000.0,1000.0,1000.0,36.09325173361288,1000.0,1000.0
77488afd8aa3d167e8264e60805ad995,4,2024-09-01,2025-08-31,365,342,15.652825342465754,225.40068493150685,Mer,150.0,Solstrandvegen 47 9020 TROMSDALEN,AMFI Pyramiden,Norway,365,POINT(18.96988 69.63979),0.0,4.0,0.0,3.0,4.0,1.0,4.0,5.0,4.0,4.0,3.0,0.0,12.0,4.0,0.0,1000.0,358.04580676254056,1000.0,78.64407250990956,50.04131999023674,353.9708022587761,23.881212115865683,41.47494626900615,12.023348600735083,64.23467407447164,18.72291021714166,1000.0,41.4016208248782,90.95243838858043,1000.0
7dd1c554e3ecc5b89883ad2a567a8c00,1,2024-09-01,2025-08-31,365,182,15.301179604261794,220.33698630136988,Kople As,75.0,Svalivegen 2 7863 OVERHALLA,Kople Overhalla kommunehus,Norway,365,POINT(11.94781 64.49398),1.0,4.0,0.0,2.0,0.0,0.0,0.0,2.0,1.0,1.0,1.0,2.0,7.0,0.0,1.0,324.02469119454736,160.58105814455712,1000.0,125.19613769751436,1000.0,1000.0,1000.0,65.12361170029163,414.2946067594634,452.46883464669276,82.64870742078219,177.12720243113463,11.16908130420568,1000.0,171.123535723714
7d0208cddba62ef72c77f85145cecc13,1,2024-09-01,2025-08-31,365,300,14.909531963470323,214.6972602739726,Recharge,50.0,Teglverkveien 1 8006 BODØ,Recharge Esso Rønvik,Norway,365,POINT(14.40705 67.29354),0.0,6.0,0.0,1.0,0.0,0.0,0.0,3.0,1.0,4.0,0.0,4.0,13.0,0.0,1.0,1000.0,216.08905757619706,1000.0,343.07187037433636,1000.0,1000.0,1000.0,195.61996155854337,234.59614551740793,327.45407319440443,1000.0,210.7652760892831,43.82459352771012,1000.0,417.2912069253585
84766dc04b47c5f442f3714af593b052,1,2024-09-01,2025-08-31,365,216,14.733257229832573,212.15890410958903,Kople As,75.0,Reine ytre havn 1 8390 REINE,Bodø Energi - Reine,Norway,365,POINT(13.09484 67.93444),0.0,0.0,0.0,0.0,0.0,0.0,0.0,0.0,0.0,0.0,0.0,0.0,0.0,0.0,0.0,1000.0,1000.0,1000.0,1000.0,1000.0,1000.0,1000.0,1000.0,1000.0,1000.0,1000.0,1000.0,1000.0,1000.0,1000.0
ae2c627dd02355b40b1c5424f380b235,1,2024-09-03,2025-08-31,363,155,14.621786042240586,210.55371900826447,Kople As,75.0,Sørfjordveien 2B 8230 SULITJELMA,PWR UP - Terråk,Norway,363,POINT(12.37507 65.08909),2.0,4.0,0.0,0.0,0.0,0.0,0.0,1.0,1.0,0.0,0.0,3.0,3.0,0.0,0.0,159.3562741303069,43.010409224017515,1000.0,1000.0,1000.0,1000.0,1000.0,1.4385629197505807,66.68253754342486,1000.0,1000.0,91.85983704109267,37.21366651199983,1000.0,1000.0
303e23a20828d3bd51eecda66383e525,2,2024-09-01,2025-08-31,365,343,13.876236681887363,199.8178082191781,Eviny,350.0,Idrettsgata 61 8370 LEKNES,Rema 1000 Leknes,Norway,365,POINT(13.62055 68.14511),0.0,0.0,0.0,0.0,0.0,0.0,0.0,0.0,0.0,0.0,0.0,0.0,0.0,0.0,0.0,1000.0,1000.0,1000.0,1000.0,1000.0,1000.0,1000.0,1000.0,1000.0,1000.0,1000.0,1000.0,1000.0,1000.0,1000.0
a17880ad0d882c4f06f232a83c2d1037,2,2024-09-01,2025-08-31,365,257,12.682838660578385,182.63287671232877,Kople As,75.0,Flostrandveien 2 8725 UTSKARPEN,LAD OPP - Utskarpen - AC,Norway,365,POINT(13.55049 66.29599),0.0,1.0,0.0,0.0,0.0,0.0,0.0,1.0,1.0,0.0,0.0,0.0,1.0,0.0,0.0,1000.0,265.8248925418986,1000.0,1000.0,1000.0,1000.0,1000.0,21.66360545961347,15.337281812362946,1000.0,1000.0,1000.0,6.5877296721189635,1000.0,1000.0
6dd859991c7faed1367eb49f8abe9231,6,2025-05-24,2025-08-31,100,84,12.645601851851854,182.0966666666667,Ionity,350.0,Kleist Geddes Vei 35 7890 NAMSSKOGAN,IONITY Namsskogan,Norway,100,POINT(13.16774 64.93432),0.0,0.0,0.0,0.0,0.0,0.0,0.0,0.0,0.0,0.0,0.0,0.0,3.0,0.0,0.0,1000.0,1000.0,1000.0,1000.0,1000.0,1000.0,1000.0,1000.0,1000.0,1000.0,1000.0,1000.0,0.503299158270618,1000.0,1000.0
df4229c822a5349d9867e36e4c6a289c,2,2024-09-01,2025-08-31,365,219,11.540620243531201,166.18493150684932,Kople As,75.0,Dalheimveien 2 8178 HALSA,LAD OPP - Halsa - AC,Norway,365,POINT(13.55166 66.74281),0.0,2.0,0.0,2.0,0.0,0.0,0.0,1.0,0.0,0.0,0.0,0.0,5.0,0.0,1.0,1000.0,48.03213120121703,1000.0,56.94384949843656,1000.0,1000.0,1000.0,56.280475375227994,1000.0,1000.0,1000.0,1000.0,36.47344707163675,1000.0,303.82703342964965
53c5f0e4462f75ce099dc6b5055fd101,4,2024-09-01,2025-08-31,365,341,11.419758371385084,164.44452054794522,Mer,150.0,Storgata 8 8370 LEKNES,Lofotsenteret,Norway,365,POINT(13.6183 68.14824),0.0,0.0,0.0,0.0,0.0,0.0,0.0,0.0,0.0,0.0,0.0,0.0,0.0,0.0,0.0,1000.0,1000.0,1000.0,1000.0,1000.0,1000.0,1000.0,1000.0,1000.0,1000.0,1000.0,1000.0,1000.0,1000.0,1000.0
0e6e5d26963b1b83183beb70aadc63d5,1,2024-09-01,2025-08-31,365,310,11.158295281582951,160.67945205479452,Recharge,150.0,Verkstedveien 3 8624 MO I RANA,Recharge Esso Langneset,Norway,365,POINT(14.13423 66.3045),2.0,4.0,0.0,5.0,3.0,2.0,2.0,4.0,3.0,6.0,0.0,4.0,20.0,4.0,0.0,376.6016299799088,148.23481732016506,1000.0,208.3920372384392,196.90934522760156,24.883766521895108,193.01795135775296,41.91008755463219,66.42087676404232,53.28651761745673,1000.0,348.63320295948427,43.39577879153386,200.33059952719725,1000.0
47fceadb3a4d4745d2c06158c0dafd9d,4,2024-09-01,2025-08-31,365,341,10.998810882800607,158.38287671232877,Mer,150.0,Verftsgata 4 7800 NAMSOS,Namsos Storsenter,Norway,365,POINT(11.48985 64.46843),2.0,18.0,1.0,16.0,14.0,4.0,5.0,4.0,9.0,8.0,4.0,11.0,53.0,1.0,3.0,104.4896026724343,70.96503437197943,80.4871518762748,72.66552994220937,76.380956037943,73.59302291233547,45.97980554206356,112.77658689472418,71.37273597652799,64.26281876555262,61.45128554702116,200.91564752796324,75.9966685861668,50.74190711694039,231.05011010777693
2c0a1c43ce2b61b2fce6a2a3a7f3856f,2,2025-04-07,2025-08-31,147,144,10.988756613756612,158.23809523809524,Kople As,180.0,Chr. Tidemanns vei 1 8150 ØRNES,LAD OPP - Ørnes - AC,Norway,147,POINT(13.7054 66.87337),0.0,2.0,0.0,0.0,2.0,0.0,0.0,3.0,3.0,0.0,0.0,6.0,4.0,0.0,1.0,1000.0,96.68657669376874,1000.0,1000.0,80.73592545356593,1000.0,1000.0,74.20964778638822,113.09148715349184,1000.0,1000.0,120.71463918832511,84.10115839728196,1000.0,491.5399443245429
bd4bb2002760ffeee11970b085a2cc77,4,2024-09-01,2025-08-31,365,339,10.879661339421615,156.66712328767125,Uno-X,300.0,Sjøgata 47A 8200 FAUSKE,Uno-X Fauske,Norway,365,POINT(15.38319 67.25873),0.0,10.0,0.0,4.0,0.0,2.0,1.0,4.0,1.0,1.0,1.0,9.0,20.0,0.0,1.0,1000.0,167.51596559203412,1000.0,283.88711539311396,1000.0,120.11584404993027,272.4592031008925,75.26865442012698,413.5964803096921,330.7796273666406,160.3901353270242,80.52481965076755,21.605160748801744,1000.0,356.3862521579542
ca229a07bbf1291dee1067adc73e0194,1,2024-09-01,2025-08-31,365,342,10.837709284627095,156.06301369863013,Kople As,150.0,Sjøgata 43 9300 FINNSNES,Ishavskraft - Finnsnes,Norway,365,POINT(18.00306 69.23121),0.0,5.0,0.0,0.0,0.0,1.0,0.0,2.0,1.0,2.0,0.0,6.0,11.0,0.0,1.0,1000.0,361.51086203510323,1000.0,1000.0,1000.0,59.743255695110925,1000.0,86.87691917845217,420.00256501530043,106.8167756117891,1000.0,93.11582190926627,1.5638969731842518,1000.0,318.9862808719737
7d6c6baa493871fdbdb06fc321abb272,1,2024-09-01,2025-08-30,364,105,10.831997863247864,155.98076923076923,Kople As,75.0,Østre Beiarveien 5 8110 MOLDJORD,PWR UP - Beiarn,Norway,364,POINT(14.7604 66.98871),2.0,0.0,0.0,0.0,0.0,0.0,0.0,2.0,0.0,0.0,0.0,0.0,3.0,0.0,0.0,79.69881601826414,1000.0,1000.0,1000.0,1000.0,1000.0,1000.0,25.82990834232344,1000.0,1000.0,1000.0,1000.0,0.3581675708474669,1000.0,1000.0
4d2e027600b2ea83462bd18048cd8bfe,1,2024-09-05,2025-08-18,348,121,10.738545657726695,154.63505747126436,Kople As,75.0,Espenesveien 75 9311 BRØSTADBOTN,Kople YX Brøstadbotn,Norway,348,POINT(17.70315 69.0933),0.0,0.0,0.0,0.0,0.0,0.0,0.0,1.0,0.0,0.0,0.0,1.0,4.0,0.0,0.0,1000.0,1000.0,1000.0,1000.0,1000.0,1000.0,1000.0,386.8827140737114,1000.0,1000.0,1000.0,400.18975997515184,0.23612561411059696,1000.0,1000.0
a72260cea22b829cc647c738f06f6064,1,2025-04-07,2025-08-31,147,142,10.636810279667422,153.17006802721087,Kople As,180.0,E6 Røklandsenteret  8255 RØKLAND,PWR UP - Røkland,Norway,147,POINT(15.31518 66.98087),2.0,0.0,0.0,0.0,0.0,0.0,0.0,0.0,1.0,0.0,0.0,0.0,1.0,1.0,0.0,38.357636829087724,1000.0,1000.0,1000.0,1000.0,1000.0,1000.0,1000.0,278.1689521729553,1000.0,1000.0,1000.0,61.5964813575762,40.28347118976633,1000.0
cb2d5c723eda68efd4251ad33371e360,2,2024-09-01,2025-08-31,365,269,10.469368340943683,150.75890410958905,Kople AS,62.5,Plassen 1 8006 BODØ,ChargeUp - Nordland Taxi,Norway,365,POINT(14.39886 67.28696),6.0,15.0,0.0,5.0,0.0,1.0,1.0,2.0,0.0,1.0,0.0,9.0,25.0,0.0,1.0,116.20485979859242,128.6815357793165,1000.0,258.97015291842587,1000.0,128.6815357793165,493.41054393923145,437.6782990748081,1000.0,371.19375814139113,1000.0,217.89454705554243,34.02597691988645,1000.0,162.55435850997372
f232f11904846cfd5f2df752ee4a01aa,2,2024-09-01,2025-08-31,365,341,10.342751141552512,148.93561643835616,Mer,50.0,Storgata 58 8900 BRØNNØYSUND,Havnesenteret,Norway,365,POINT(12.20712 65.47296),6.0,5.0,3.0,9.0,4.0,3.0,3.0,3.0,3.0,3.0,4.0,12.0,21.0,1.0,3.0,262.3772082715523,49.076150931378855,67.32875513166495,64.43657496662364,38.8737241630879,50.127194751476196,52.61869445750044,55.55243568336498,66.8004382629629,46.109672995397744,44.115700797864655,72.30083126083994,60.31234275265393,70.9713411037183,310.5541879248636
e7e0aaf79e62d04f4cc7942ef73f4e9e,4,2024-09-01,2025-08-31,365,341,10.069777397260275,145.00479452054793,Mer,150.0,Skilleveien 5 9411 HARSTAD,AMFI Kanebogen,Norway,365,POINT(16.56566 68.77846),0.0,0.0,0.0,0.0,0.0,0.0,0.0,0.0,0.0,0.0,0.0,0.0,0.0,0.0,0.0,1000.0,1000.0,1000.0,1000.0,1000.0,1000.0,1000.0,1000.0,1000.0,1000.0,1000.0,1000.0,1000.0,1000.0,1000.0
31013ee21240556dbc13d39e11e0017e,4,2024-12-21,2025-08-31,254,238,9.906632764654418,142.65551181102362,Kople As,180.0,Trollvikveien 18 8530 BJERKVIK,Kople Bjerkvik hotell,Norway,254,POINT(17.55269 68.55041),2.0,3.0,0.0,5.0,2.0,0.0,1.0,2.0,0.0,1.0,0.0,7.0,8.0,0.0,1.0,12.193599404284859,230.23203385696547,1000.0,98.94497740986355,74.62261558206477,1000.0,275.0719389482949,201.75492819808156,1000.0,185.42502558386641,1000.0,139.09186880379522,11.415633748562996,1000.0,416.7094583437681
7c6e05e11c28e57d149dd5655d5356b7,1,2024-09-01,2025-08-31,365,325,9.807458143074582,141.22739726027396,Eviny,100.0,Idrettsgata 61 8370 LEKNES,Rema 1000 Leknes,Norway,365,POINT(13.62055 68.14511),0.0,0.0,0.0,0.0,0.0,0.0,0.0,0.0,0.0,0.0,0.0,0.0,0.0,0.0,0.0,1000.0,1000.0,1000.0,1000.0,1000.0,1000.0,1000.0,1000.0,1000.0,1000.0,1000.0,1000.0,1000.0,1000.0,1000.0
f9c127088677b3ae7f4d795447075d35,1,2024-09-01,2025-08-31,365,333,9.739726027397262,140.25205479452055,Eviny,100.0,Industriveien 7 8480 ANDENES,Rema 1000 Andenes,Norway,365,POINT(16.10047 69.30986),0.0,0.0,0.0,0.0,0.0,0.0,0.0,0.0,0.0,0.0,0.0,0.0,0.0,0.0,0.0,1000.0,1000.0,1000.0,1000.0,1000.0,1000.0,1000.0,1000.0,1000.0,1000.0,1000.0,1000.0,1000.0,1000.0,1000.0
e044abcbac71dd92fc7e8ecc4ed07f93,2,2025-02-27,2025-08-31,186,175,9.73902329749104,140.24193548387098,Eviny,75.0,Lofotgata 33 8300 SVOLVÆR,Alti Svolvær,Norway,186,POINT(14.55993 68.23444),0.0,0.0,0.0,0.0,0.0,0.0,0.0,0.0,0.0,0.0,0.0,0.0,0.0,0.0,0.0,1000.0,1000.0,1000.0,1000.0,1000.0,1000.0,1000.0,1000.0,1000.0,1000.0,1000.0,1000.0,1000.0,1000.0,1000.0
84a696b102c8238ed6f6a0519294892a,2,2024-09-01,2025-08-31,365,336,9.721556316590563,139.9904109589041,Mer,50.0,Strandgata 12 8400 SORTLAND,Skibsgården Senter,Norway,365,POINT(15.41829 68.69556),0.0,0.0,0.0,0.0,0.0,0.0,0.0,0.0,0.0,0.0,0.0,0.0,0.0,0.0,0.0,1000.0,1000.0,1000.0,1000.0,1000.0,1000.0,1000.0,1000.0,1000.0,1000.0,1000.0,1000.0,1000.0,1000.0,1000.0
2aa9415f4a702f9e10823ca808633b79,1,2024-09-01,2025-08-31,365,301,9.714944824961947,139.89520547945204,Recharge,225.0,Teglverkveien 1 8006 BODØ,Recharge Esso Rønvik,Norway,365,POINT(14.40705 67.29354),0.0,6.0,0.0,1.0,0.0,0.0,0.0,3.0,1.0,4.0,0.0,4.0,13.0,0.0,1.0,1000.0,216.08905757619706,1000.0,343.07187037433636,1000.0,1000.0,1000.0,195.61996155854337,234.59614551740793,327.45407319440443,1000.0,210.7652760892831,43.82459352771012,1000.0,417.2912069253585
02f8f5166b240ad19dcad7453b8f2668,1,2024-09-01,2025-08-31,365,338,9.588660578386607,138.07671232876712,Kople As,175.0,Løkvollveien 5 9144 SAMUELSBERG,Ishavsveien - Manndalen,Norway,365,POINT(20.5506 69.54169),2.0,2.0,0.0,0.0,0.0,0.0,0.0,3.0,2.0,0.0,0.0,1.0,1.0,0.0,0.0,163.579349612026,413.20753621019253,1000.0,1000.0,1000.0,1000.0,1000.0,110.2829121573219,64.57201803684428,1000.0,1000.0,182.73463715179045,23.939090560955506,1000.0,1000.0
f789526ac445984e3c8135c1d17423ef,7,2024-09-01,2025-08-31,365,343,9.471841704718416,136.3945205479452,Mer,150.0,Bolagsgata 1 8514 NARVIK,Amfi Narvik Malmporten,Norway,365,POINT(17.42155 68.43795),4.0,28.0,3.0,22.0,11.0,4.0,4.0,9.0,13.0,12.0,4.0,29.0,55.0,1.0,2.0,214.19966284648913,60.8409213611113,97.27929608061775,98.88237133997924,57.680157902206105,103.92764473696754,55.70140267138824,93.84216954198851,55.42753340699014,34.681121400660956,56.44513103556724,150.826982599658,94.4987647714567,63.49626130095447,365.492179894852
bbc97c4ba71332f2ffab1251e50155d3,4,2024-09-01,2025-08-31,365,309,9.409579528158295,135.49794520547945,Recharge,400.0,Nordmoveien 17 8530 BJERKVIK,St1 Bjerkvik,Norway,365,POINT(17.55747 68.55121),2.0,3.0,0.0,5.0,2.0,0.0,1.0,2.0,0.0,1.0,0.0,7.0,8.0,0.0,1.0,176.8099503684819,155.27772612074287,1000.0,133.20309447060774,156.93629180372128,1000.0,459.8187545228631,54.54134594309225,1000.0,60.023053627355885,1000.0,155.65408116648996,14.964912002951568,1000.0,334.77851559310966
a93a2e90f0c1e498c030ae4548c1fe8f,1,2025-05-12,2025-08-31,112,38,9.283234126984125,133.67857142857142,Kople As,75.0,Sandnes 10 8230 SULITJELMA,PWR UP - Sulitjelma,Norway,112,POINT(16.07045 67.13385),0.0,1.0,0.0,0.0,0.0,0.0,0.0,1.0,0.0,0.0,0.0,1.0,0.0,0.0,0.0,1000.0,134.1201600576498,1000.0,1000.0,1000.0,1000.0,1000.0,47.395162183097284,1000.0,1000.0,1000.0,63.734063904097724,1000.0,1000.0,1000.0
4ad0525fd4c60cd6639d7b0675f4e8d0,2,2024-12-21,2025-08-31,254,236,9.056485126859142,130.41338582677164,Kople As,180.0,Tjeldsundbrua 214 9440 EVENSKJER,Kople Tjeldsundbrua Hotel,Norway,254,POINT(16.59048 68.62511),1.0,0.0,0.0,0.0,0.0,0.0,0.0,0.0,0.0,0.0,0.0,0.0,1.0,0.0,0.0,23.606943479880552,1000.0,1000.0,1000.0,1000.0,1000.0,1000.0,1000.0,1000.0,1000.0,1000.0,1000.0,41.0979980394492,1000.0,1000.0
9b480c73cc2a5e9b705485e4c7a6697d,4,2024-09-01,2025-08-31,365,293,9.000570776255707,129.60821917808218,Recharge,200.0,Verkstedveien 3 8624 MO I RANA,Recharge Esso Langneset,Norway,365,POINT(14.13423 66.3045),2.0,4.0,0.0,5.0,3.0,2.0,2.0,4.0,3.0,6.0,0.0,4.0,20.0,4.0,0.0,376.6016299799088,148.23481732016506,1000.0,208.3920372384392,196.90934522760156,24.883766521895108,193.01795135775296,41.91008755463219,66.42087676404232,53.28651761745673,1000.0,348.63320295948427,43.39577879153386,200.33059952719725,1000.0
a8330b99e2c0817b68b70398ca21ea4b,6,2024-10-13,2025-08-31,323,189,8.720616901731454,125.5768833849329,Eviny,100.0,Lofotgata 33 8300 SVOLVÆR,Alti Svolvær,Norway,323,POINT(14.55993 68.23444),0.0,0.0,0.0,0.0,0.0,0.0,0.0,0.0,0.0,0.0,0.0,0.0,0.0,0.0,0.0,1000.0,1000.0,1000.0,1000.0,1000.0,1000.0,1000.0,1000.0,1000.0,1000.0,1000.0,1000.0,1000.0,1000.0,1000.0
01716bdeedb37b1c6f03492ffb19b51f,4,2024-09-01,2025-08-31,365,343,8.618483637747337,124.10616438356165,Kople As,300.0,Sjøbergsgate  8800 SANDNESSJØEN,LAD OPP - Kulturbadet Sandnessjøen,Norway,365,POINT(12.63804 66.0225),2.0,9.0,0.0,12.0,4.0,2.0,1.0,5.0,6.0,4.0,3.0,12.0,20.0,2.0,1.0,63.48967592601113,120.53892979970988,1000.0,55.10364335205539,132.3029374424573,218.77040526570832,413.4024270223771,124.65430440401563,114.64597310978854,124.65430440401563,88.09158362139016,51.06085543520811,65.88511886933232,146.67431911173063,241.95722513340806
6363f0c010b3b8dbe7974c0284bd9f4f,2,2025-04-07,2025-08-31,147,137,8.505291005291005,122.47619047619048,Kople As,180.0,Industriveien 4b 8480 ANDENES,PWR UP - Coop Extra Andenes,Norway,147,POINT(16.09881 69.31015),0.0,0.0,0.0,0.0,0.0,0.0,0.0,0.0,0.0,0.0,0.0,0.0,0.0,0.0,0.0,1000.0,1000.0,1000.0,1000.0,1000.0,1000.0,1000.0,1000.0,1000.0,1000.0,1000.0,1000.0,1000.0,1000.0,1000.0
408b9578600d477d89725de1bfe312d4,4,2024-09-26,2025-08-31,340,316,8.408190359477125,121.07794117647059,Mer,200.0,Verkstedveien 7 9406 HARSTAD,OBS Harstad,Norway,340,POINT(16.54159 68.79002),0.0,0.0,0.0,0.0,0.0,0.0,0.0,0.0,0.0,0.0,0.0,0.0,0.0,0.0,0.0,1000.0,1000.0,1000.0,1000.0,1000.0,1000.0,1000.0,1000.0,1000.0,1000.0,1000.0,1000.0,1000.0,1000.0,1000.0
7c5f671ad294eaf0c5ef3330286a485e,3,2024-09-01,2025-08-31,365,341,8.40455352612887,121.02557077625569,Kople As,300.0,Sjøvegen 62 8410 LØDINGEN,LAD OPP - YX Lødingen,Norway,365,POINT(15.99015 68.42124),0.0,0.0,0.0,0.0,0.0,0.0,0.0,0.0,0.0,0.0,0.0,0.0,0.0,0.0,0.0,1000.0,1000.0,1000.0,1000.0,1000.0,1000.0,1000.0,1000.0,1000.0,1000.0,1000.0,1000.0,1000.0,1000.0,1000.0
4c258985bcdae96673e50fd6ee746a0f,1,2024-09-01,2025-08-31,365,321,8.261796042617961,118.96986301369863,Kople As,175.0,Alttaluodda 18 9520 KAUTOKEINO,Ishavsveien - Kautokeino,Norway,365,POINT(23.04088 69.01338),4.0,2.0,0.0,1.0,1.0,0.0,0.0,1.0,1.0,0.0,0.0,9.0,6.0,0.0,0.0,140.3183710861764,90.45201034166323,1000.0,142.222613757231,69.35083000932187,1000.0,1000.0,153.84345563286146,182.703080000154,1000.0,1000.0,79.72256011234565,35.19377549088755,1000.0,1000.0
02687dbcea9336e264ada304e761bbdd,10,2025-07-19,2025-08-31,44,36,8.064393939393938,116.12727272727274,Circle K,400.0,Stigerplatåveien 2 8626 MO I RANA,Circle K Mo i Rana,Norway,44,POINT(14.15031 66.30749),1.0,3.0,0.0,0.0,2.0,0.0,0.0,1.0,4.0,3.0,1.0,4.0,10.0,0.0,1.0,370.2453447052909,406.7680277154207,1000.0,1000.0,472.2977803478789,1000.0,1000.0,88.29386301013517,108.74822228673034,125.98247590751255,121.68622240448516,254.63466265558444,32.89332486242467,1000.0,398.0364526526913
166276db9f02968c6d62e4f9c46941c4,2,2025-04-07,2025-08-31,147,145,8.057445200302343,116.02721088435374,Kople As,180.0,Flostrandveien 2 8725 UTSKARPEN,LAD OPP - Utskarpen - AC,Norway,147,POINT(13.55049 66.29599),0.0,1.0,0.0,0.0,0.0,0.0,0.0,1.0,1.0,0.0,0.0,0.0,1.0,0.0,0.0,1000.0,265.8248925418986,1000.0,1000.0,1000.0,1000.0,1000.0,21.66360545961347,15.337281812362946,1000.0,1000.0,1000.0,6.5877296721189635,1000.0,1000.0
619d1cffae00d0a6026700f4853dc97d,4,2025-04-08,2025-08-31,146,144,8.050561263318116,115.92808219178082,Evbox,250.0,Bjørkåsvegen 2 7970 KOLVEREID,EVBox Bjørkåsvegen 2,Norway,146,POINT(11.6062 64.86486),1.0,9.0,1.0,4.0,2.0,0.0,1.0,3.0,7.0,5.0,1.0,4.0,13.0,0.0,0.0,30.58416089268664,140.8468334518132,69.27944645935442,126.9381539851996,50.805623008607725,1000.0,202.2967002339237,61.16796142941182,78.97979759437447,80.2776362613308,45.57435493057378,216.6013803648893,45.68952826723869,1000.0,1000.0
c9e1bbdfcc2f9b622ae9db6bfea89fcf,2,2024-09-01,2025-08-31,365,315,7.8963089802130915,113.7068493150685,Recharge,300.0,Nordmoveien 17 8530 BJERKVIK,St1 Bjerkvik,Norway,365,POINT(17.55747 68.55121),2.0,3.0,0.0,5.0,2.0,0.0,1.0,2.0,0.0,1.0,0.0,7.0,8.0,0.0,1.0,176.8099503684819,155.27772612074287,1000.0,133.20309447060774,156.93629180372128,1000.0,459.8187545228631,54.54134594309225,1000.0,60.023053627355885,1000.0,155.65408116648996,14.964912002951568,1000.0,334.77851559310966
2e2147715e658d975dcbe4aede1e5b74,6,2024-12-12,2025-08-31,263,241,7.150225320377412,102.96324461343474,Mer,150.0,Flyplassveien  8536 EVENES,"Harstad lufthavn, Evenes",Norway,263,POINT(16.69113 68.49155),0.0,0.0,0.0,0.0,0.0,0.0,0.0,0.0,0.0,0.0,0.0,0.0,0.0,0.0,0.0,1000.0,1000.0,1000.0,1000.0,1000.0,1000.0,1000.0,1000.0,1000.0,1000.0,1000.0,1000.0,1000.0,1000.0,1000.0
6fb93712030f4280008a7bdf911d5dc6,2,2025-04-07,2025-08-31,147,137,7.0913643235071815,102.1156462585034,Kople As,180.0,Myklebostadveien 2 8283 LEINESFJORD,PWR UP - Coop Leinesfjord,Norway,147,POINT(15.01624 67.7752),2.0,5.0,0.0,0.0,1.0,0.0,0.0,2.0,0.0,0.0,0.0,5.0,8.0,0.0,1.0,75.14578359790193,114.27542967314811,1000.0,1000.0,104.95441699726041,1000.0,1000.0,39.683464076180385,1000.0,1000.0,1000.0,71.92213824596499,45.182522719161945,1000.0,112.63062724281144
ad6804db45f11303ff21a2ce176961d7,5,2025-05-26,2025-08-31,98,79,7.085884353741497,102.03673469387755,Ionity,350.0,Hamaroyveien 5719 8276 ULVSVÅG,IONITY Ulvsvåg,Norway,98,POINT(15.87234 68.11759),1.0,1.0,0.0,0.0,0.0,0.0,0.0,1.0,0.0,0.0,0.0,0.0,4.0,0.0,0.0,343.305171780664,27.24918887037931,1000.0,1000.0,1000.0,1000.0,1000.0,338.43326627895755,1000.0,1000.0,1000.0,1000.0,0.13868797181056478,1000.0,1000.0
1ec25f8ea9579cc00b41f0b5f6f21540,2,2024-09-05,2025-08-31,361,327,7.07246460449369,101.84349030470914,Kople As,50.0,Prinsens gate 100 8048 BODØ,ChargeUp - Fylkeshuset i Bodø,Norway,361,POINT(14.37639 67.28044),9.0,44.0,5.0,35.0,19.0,3.0,5.0,10.0,8.0,4.0,5.0,33.0,62.0,1.0,4.0,69.20239239833944,163.88141144888658,325.23123618951547,126.68433887144707,332.78611820300296,361.08675558736616,322.638731132308,103.98362234533352,341.8588417569352,437.221633108378,366.6964566512473,0.0,30.65110299553577,466.51483711320685,304.7234620095015
e724eb2e71b901e4d457c4fc9e9eebe7,1,2024-09-14,2025-08-21,342,82,7.031960688758935,101.26023391812865,Kople As,75.0,Buenget 11 7898 LIMINGEN,YX Røyrvik,Norway,342,POINT(13.55841 64.88649),1.0,0.0,0.0,0.0,0.0,0.0,1.0,1.0,1.0,0.0,0.0,2.0,6.0,0.0,1.0,94.0613031063185,1000.0,1000.0,1000.0,1000.0,1000.0,430.19821128706093,430.19821128706093,381.1245705648396,1000.0,1000.0,144.04900384895774,13.371060120058083,1000.0,128.61257403744986
cbec968fd09486e4e5c2b29c839b178c,1,2024-09-03,2025-08-31,363,215,6.833486378940924,98.40220385674931,Kople As,75.0,Storgata 62 8430 MYRE,PWR UP - Myre,Norway,363,POINT(15.10071 68.91513),0.0,0.0,0.0,0.0,0.0,0.0,0.0,0.0,0.0,0.0,0.0,0.0,0.0,0.0,0.0,1000.0,1000.0,1000.0,1000.0,1000.0,1000.0,1000.0,1000.0,1000.0,1000.0,1000.0,1000.0,1000.0,1000.0,1000.0
338f6ce2681c3f93982a668d67837cfc,2,2024-09-01,2025-08-31,365,307,6.795186453576863,97.85068493150685,Kople As,150.0,Flakstadveien  8380 RAMBERG,Bodø Energi - Ramberg,Norway,365,POINT(13.22632 68.08956),0.0,0.0,0.0,0.0,0.0,0.0,0.0,0.0,0.0,0.0,0.0,0.0,0.0,0.0,0.0,1000.0,1000.0,1000.0,1000.0,1000.0,1000.0,1000.0,1000.0,1000.0,1000.0,1000.0,1000.0,1000.0,1000.0,1000.0
2a3ba8312f98687a1e3d6f4ea347e52c,4,2024-09-01,2025-08-31,365,344,6.7480022831050235,97.17123287671232,Kople As,150.0,Evjenvegen 48 9024 TOMASJORD,Ishavskraft - Evjenvegen,Norway,365,POINT(19.01406 69.65737),0.0,0.0,0.0,2.0,0.0,0.0,0.0,0.0,0.0,1.0,0.0,3.0,3.0,0.0,0.0,1000.0,1000.0,1000.0,157.20755819216075,1000.0,1000.0,1000.0,1000.0,1000.0,242.57917827712353,1000.0,314.1386659411907,79.63137883976385,1000.0,1000.0
c0d2b4650bf6ac24dd167a3717454ea0,2,2024-09-01,2025-08-31,365,308,6.7006278538812785,96.48904109589041,Recharge,50.0,Storgaten 51 8200 FAUSKE,St1 Fauske,Norway,365,POINT(15.3912 67.25931),3.0,9.0,0.0,11.0,4.0,3.0,3.0,5.0,6.0,3.0,3.0,9.0,35.0,2.0,0.0,296.2635328705877,70.94909659928474,1000.0,77.74103781820351,173.63495869203817,158.91674100174376,132.6756538345062,138.86911241756465,88.72645505614496,77.94784677919765,198.99021781181753,53.75406700743983,27.010844440710958,209.11270344672621,1000.0
0836733fea85d46fa055c7de3ba40b84,4,2024-09-01,2025-08-31,365,339,6.401303272450533,92.17876712328767,Mer,50.0,Gammelveien 8 9360 BARDU,Extra Setermoen,Norway,365,POINT(18.34632 68.86173),2.0,5.0,0.0,7.0,0.0,1.0,0.0,2.0,4.0,0.0,1.0,3.0,14.0,0.0,2.0,245.3974710396083,117.30680676659293,1000.0,71.61998365825892,1000.0,34.45560723759396,1000.0,51.104110845030654,31.22457096482778,1000.0,29.273162969653463,226.2702720705249,45.70862803429465,1000.0,364.7023974608277
c311a27df7cf9bfa183c541427be43a1,2,2025-04-07,2025-08-31,147,144,6.383219954648526,91.91836734693878,Kople As,180.0,Dalheimveien 2 8178 HALSA,LAD OPP - Halsa - AC,Norway,147,POINT(13.55166 66.74281),0.0,2.0,0.0,2.0,0.0,0.0,0.0,1.0,0.0,0.0,0.0,0.0,5.0,0.0,1.0,1000.0,48.03213120121703,1000.0,56.94384949843656,1000.0,1000.0,1000.0,56.280475375227994,1000.0,1000.0,1000.0,1000.0,36.47344707163675,1000.0,303.82703342964965
f7757a2347f2d11451bfae0bf4e94237,2,2025-05-27,2025-08-31,97,74,6.262170675830471,90.17525773195877,Ionity,350.0,Kulstadbakken 13 8665 MOSJØEN,IONITY Mosjøen,Norway,97,POINT(13.19557 65.86456),0.0,2.0,0.0,2.0,1.0,0.0,0.0,5.0,0.0,1.0,1.0,1.0,11.0,0.0,0.0,1000.0,181.00647443953093,1000.0,169.85394585199637,300.0652073247262,1000.0,1000.0,181.00647443953093,1000.0,198.10616939673406,185.96280381226137,181.00647443953093,95.07277260245894,1000.0,1000.0
0185873b6f7c2bab46991612a58594b6,4,2025-05-26,2025-08-31,98,79,6.2418509070294785,89.88265306122449,Ionity,350.0,Fogd Holmboes gate 33 9360 BARDU,IONITY Setermoen,Norway,98,POINT(18.34875 68.86173),2.0,5.0,0.0,7.0,0.0,1.0,0.0,2.0,4.0,0.0,1.0,3.0,14.0,0.0,2.0,226.07950986122802,135.684778894427,1000.0,7.189486117731219,1000.0,125.46720909641877,1000.0,136.14587297757814,23.835754308890277,1000.0,124.27282066211995,173.96737943786434,0.727957212814508,1000.0,377.0148461970663
fb1ec9df54528942fc7464b04476fe81,1,2024-09-02,2025-08-31,364,207,6.1334325396825395,88.32142857142857,Kople As,50.0,Strandgata 9 7900 RØRVIK,Rørvik havn - Nærøysund kommune,Norway,364,POINT(11.23533 64.86041),1.0,13.0,1.0,8.0,3.0,2.0,1.0,5.0,5.0,4.0,1.0,4.0,27.0,5.0,4.0,258.14138059223563,58.35991371371616,175.57023451896245,26.01942539327315,49.14927721453552,55.46090994454604,338.77889697542827,90.55573771559135,167.31883055830576,176.40332456176927,187.11704885881917,218.2197406087562,99.15736679317963,165.2430086862006,231.75645941605973
254a0b4aa0060cc8f5580d9a7efce3f2,3,2024-09-01,2025-08-31,365,328,6.08935819381025,87.68675799086759,Mer,50.0,Bolagsgata 1 8514 NARVIK,Amfi Narvik Malmporten,Norway,365,POINT(17.42155 68.43795),4.0,28.0,3.0,22.0,11.0,4.0,4.0,9.0,13.0,12.0,4.0,29.0,55.0,1.0,2.0,214.19966284648913,60.8409213611113,97.27929608061775,98.88237133997924,57.680157902206105,103.92764473696754,55.70140267138824,93.84216954198851,55.42753340699014,34.681121400660956,56.44513103556724,150.826982599658,94.4987647714567,63.49626130095447,365.492179894852
f3870a14cddc01b6d4f27f18b77618d1,2,2024-11-30,2025-08-31,275,227,6.045454545454546,87.05454545454545,Kople As,100.0,Bergsfjordveien 1775 9385 SKALAND,Ishavskraft - Skaland,Norway,275,POINT(17.29949 69.44482),0.0,0.0,0.0,0.0,0.0,0.0,0.0,0.0,0.0,0.0,0.0,0.0,0.0,0.0,0.0,1000.0,1000.0,1000.0,1000.0,1000.0,1000.0,1000.0,1000.0,1000.0,1000.0,1000.0,1000.0,1000.0,1000.0,1000.0
35c10ac30ad1ca52d7849032f6d539d2,2,2024-09-01,2025-08-31,365,286,5.957096651445966,85.78219178082192,Recharge,50.0,Strandgata 39 8656 MOSJØEN,Recharge Mosjøen,Norway,365,POINT(13.19077 65.83515),3.0,13.0,2.0,13.0,10.0,2.0,1.0,3.0,13.0,1.0,3.0,7.0,41.0,1.0,0.0,60.70155439820283,139.09832030125594,288.4082941716195,51.941232345011976,179.9235295552802,291.4529748509625,410.2820591717515,370.5043956452008,268.3489226861314,254.34134527486458,179.88015815551552,124.08528819908008,140.4334277679827,292.2434938451024,1000.0
9e7e7339ec36310e359323013c94b5da,4,2025-04-07,2025-08-31,147,133,5.9223828420257,85.28231292517007,Kople As,400.0,Skreda 49 8370 LEKNES,LAD OPP - Lofoten Basecamp,Norway,147,POINT(13.5116 68.15217),0.0,0.0,0.0,0.0,0.0,0.0,0.0,0.0,0.0,0.0,0.0,0.0,0.0,0.0,0.0,1000.0,1000.0,1000.0,1000.0,1000.0,1000.0,1000.0,1000.0,1000.0,1000.0,1000.0,1000.0,1000.0,1000.0,1000.0
e2ac043b1bfcb0620188ce7055f0184b,4,2024-09-01,2025-08-31,365,324,5.9013984018264845,84.98013698630137,Mer,50.0,Kleist Geddes Vei 35 7890 NAMSSKOGAN,Circle K Namsskogan,Norway,365,POINT(13.16657 64.93368),0.0,0.0,0.0,0.0,0.0,0.0,0.0,0.0,0.0,0.0,0.0,0.0,3.0,0.0,0.0,1000.0,1000.0,1000.0,1000.0,1000.0,1000.0,1000.0,1000.0,1000.0,1000.0,1000.0,1000.0,47.16573658624604,1000.0,1000.0
c79304635c809773be36b1a11ce19ab9,6,2024-09-14,2025-08-31,352,327,5.882851957070707,84.71306818181819,Uno-X,300.0,Sandgata 2 7800 NAMSOS,Uno-X Sandgata Namsos,Norway,352,POINT(11.51166 64.46588),1.0,5.0,0.0,1.0,0.0,1.0,3.0,3.0,6.0,6.0,1.0,6.0,19.0,2.0,0.0,489.7679892903805,118.85535696114721,1000.0,491.8802667848466,1000.0,495.0876092395677,123.85306015608883,57.58411457791032,161.55394665651087,201.3238504884,433.2689231344349,211.5108657175915,123.68687259963085,109.23521966881822,1000.0
c3c7884e79d441175ca80895408d802e,1,2024-09-01,2025-08-31,365,220,5.8561643835616435,84.32876712328768,Kople As,300.0,Leira 2 8665 MOSJØEN,LAD OPP - Esso Mosjøen Halsøy,Norway,365,POINT(13.1958 65.86326),0.0,2.0,0.0,2.0,1.0,0.0,0.0,5.0,0.0,1.0,1.0,1.0,11.0,0.0,0.0,1000.0,69.8995197216422,1000.0,89.49629122126355,171.48974648066843,1000.0,1000.0,52.41228371277094,1000.0,107.0579279727474,91.2951371273682,69.8995197216422,13.871088100641705,1000.0,1000.0
4244ef78d62d6368ce54de6e274be224,4,2024-09-01,2025-08-31,365,334,5.830907534246576,83.96506849315068,Mer,50.0,Terminalveien 5 8208 FAUSKE,Fauske Handelspark,Norway,365,POINT(15.39716 67.26885),0.0,4.0,2.0,0.0,0.0,0.0,0.0,2.0,2.0,5.0,2.0,3.0,19.0,0.0,0.0,1000.0,10.29143048380115,90.74227670546448,1000.0,1000.0,1000.0,1000.0,59.34619838332986,68.60573141707268,4.496815920871398,33.715875190832485,344.96360999561176,60.301154309452514,1000.0,1000.0
929ea6fd58d0760ca11d12f482e09a4b,1,2024-09-01,2025-08-31,365,318,5.62347792998478,80.97808219178083,Eviny,100.0,Vesterålsgata 24 8400 SORTLAND,Rema 1000 Sortland,Norway,365,POINT(15.41346 68.70778),0.0,0.0,0.0,0.0,0.0,0.0,0.0,0.0,0.0,0.0,0.0,0.0,0.0,0.0,0.0,1000.0,1000.0,1000.0,1000.0,1000.0,1000.0,1000.0,1000.0,1000.0,1000.0,1000.0,1000.0,1000.0,1000.0,1000.0
77eb4a0d3b6a0f198ca76a87243c762c,1,2024-09-01,2025-08-31,365,224,5.620053272450531,80.92876712328767,Recharge,150.0,Caroline Harveys vei 8 8300 SVOLVÆR,Recharge Shell Svolvær,Norway,365,POINT(14.56585 68.23905),0.0,0.0,0.0,0.0,0.0,0.0,0.0,0.0,0.0,0.0,0.0,0.0,0.0,0.0,0.0,1000.0,1000.0,1000.0,1000.0,1000.0,1000.0,1000.0,1000.0,1000.0,1000.0,1000.0,1000.0,1000.0,1000.0,1000.0
798476b1e96bdeb03254c11f91cd07d4,5,2024-09-01,2025-08-31,365,302,5.591856925418569,80.52273972602738,Recharge,200.0,Caroline Harveys vei 8 8300 SVOLVÆR,Recharge Shell Svolvær,Norway,365,POINT(14.56585 68.23905),0.0,0.0,0.0,0.0,0.0,0.0,0.0,0.0,0.0,0.0,0.0,0.0,0.0,0.0,0.0,1000.0,1000.0,1000.0,1000.0,1000.0,1000.0,1000.0,1000.0,1000.0,1000.0,1000.0,1000.0,1000.0,1000.0,1000.0
376f11c79a0280da153fb9ea04946928,4,2024-09-01,2025-08-31,365,336,5.583428462709284,80.4013698630137,Mer,50.0,Troforsvegen 14 8682 TROFORS,Coop Prix Trofors,Norway,365,POINT(13.38759 65.53696),0.0,0.0,0.0,0.0,0.0,0.0,0.0,1.0,1.0,0.0,0.0,4.0,2.0,0.0,0.0,1000.0,1000.0,1000.0,1000.0,1000.0,1000.0,1000.0,37.3323066353838,179.7260720910175,1000.0,1000.0,87.4259449785437,78.37581400981291,1000.0,1000.0
6e7e28e598aedc6bf649dee9e980841f,3,2025-04-07,2025-08-31,147,145,5.579805996472662,80.34920634920637,Kople As,180.0,Straumøyveien 5 8056 SALTSTRAUMEN,PWR UP - Coop Saltstraumen,Norway,147,POINT(14.60221 67.22865),1.0,1.0,0.0,0.0,0.0,0.0,0.0,1.0,0.0,0.0,0.0,0.0,2.0,0.0,0.0,463.6521836287024,463.6659802231134,1000.0,1000.0,1000.0,1000.0,1000.0,37.84742057786085,1000.0,1000.0,1000.0,1000.0,29.46244446724992,1000.0,1000.0
1434428627402f5b7fde67ecfa1ea0b8,2,2024-09-01,2025-08-31,365,331,5.48087899543379,78.92465753424658,Kople As,100.0,Tjeldsundbrua 214 9440 EVENSKJER,Kople Tjeldsundbrua Hotel,Norway,365,POINT(16.59048 68.62511),1.0,0.0,0.0,0.0,0.0,0.0,0.0,0.0,0.0,0.0,0.0,0.0,1.0,0.0,0.0,23.606943479880552,1000.0,1000.0,1000.0,1000.0,1000.0,1000.0,1000.0,1000.0,1000.0,1000.0,1000.0,41.0979980394492,1000.0,1000.0
d645950917387ec67135e74ce4b34fc0,2,2025-04-08,2025-08-31,146,136,5.444254185692542,78.3972602739726,Evbox,100.0,Heggvollveien 1 7882 NORDLI,EVBox Heggvollveien 1,Norway,146,POINT(13.59137 64.46368),0.0,2.0,0.0,1.0,0.0,0.0,0.0,2.0,1.0,0.0,0.0,2.0,2.0,0.0,1.0,1000.0,105.11223297649217,1000.0,27.820226574665476,1000.0,1000.0,1000.0,78.44873319467503,359.09572475647616,1000.0,1000.0,45.46565339758843,11.316073424826612,1000.0,433.25604212589707
ac2e8f50444be3cc1ba04183c4ddea5f,6,2024-09-01,2025-08-31,365,308,5.3971968543886355,77.71963470319635,Recharge,200.0,Rødbergveien 37 9409 HARSTAD,Recharge Shell Åsby,Norway,365,POINT(16.56817 68.78138),0.0,0.0,0.0,0.0,0.0,0.0,0.0,0.0,0.0,0.0,0.0,0.0,0.0,0.0,0.0,1000.0,1000.0,1000.0,1000.0,1000.0,1000.0,1000.0,1000.0,1000.0,1000.0,1000.0,1000.0,1000.0,1000.0,1000.0
6fb8cddf267eb9f34272cb0463acec81,2,2024-09-01,2025-08-31,365,307,5.39193302891933,77.64383561643835,Recharge,50.0,Nordmoveien 17 8530 BJERKVIK,St1 Bjerkvik,Norway,365,POINT(17.55747 68.55121),2.0,3.0,0.0,5.0,2.0,0.0,1.0,2.0,0.0,1.0,0.0,7.0,8.0,0.0,1.0,176.8099503684819,155.27772612074287,1000.0,133.20309447060774,156.93629180372128,1000.0,459.8187545228631,54.54134594309225,1000.0,60.023053627355885,1000.0,155.65408116648996,14.964912002951568,1000.0,334.77851559310966
db60c006cfdba2d1f0c47108da25f63e,2,2024-09-02,2025-08-26,359,317,5.309211544413494,76.45264623955431,Eviny,135.0,Falcksgate 9 8480 ANDENES,Andøy Taxi,Norway,359,POINT(16.11934 69.32075),0.0,0.0,0.0,0.0,0.0,0.0,0.0,0.0,0.0,0.0,0.0,0.0,0.0,0.0,0.0,1000.0,1000.0,1000.0,1000.0,1000.0,1000.0,1000.0,1000.0,1000.0,1000.0,1000.0,1000.0,1000.0,1000.0,1000.0
7a07202bbb65222fea62107aa058798f,2,2024-09-01,2025-08-31,365,338,5.307458143074581,76.42739726027398,Kople As,150.0,Skoledalsveien 4 8890 LEIRFJORD,LAD OPP - Leland,Norway,365,POINT(12.93375 66.06539),0.0,2.0,0.0,1.0,0.0,0.0,0.0,3.0,0.0,1.0,0.0,1.0,1.0,2.0,1.0,1000.0,213.46932065646672,1000.0,86.74591046503548,1000.0,1000.0,1000.0,57.33781289431125,1000.0,236.18714395014698,1000.0,170.85419177929847,213.46932065646672,81.88749295054843,403.9549293400694
619bcd43c2357423a3e7c6f3150d0e0a,2,2024-09-01,2025-08-31,365,274,5.276350837138508,75.97945205479452,Recharge,50.0,Hattfjelldalsvollen 1 8692 HATTFJELLDAL,Recharge Hattfjelldal,Norway,365,POINT(13.98966 65.59562),1.0,4.0,0.0,0.0,0.0,0.0,0.0,0.0,0.0,0.0,0.0,2.0,1.0,0.0,1.0,316.0226113237968,21.04083439752234,1000.0,1000.0,1000.0,1000.0,1000.0,1000.0,1000.0,1000.0,1000.0,127.07890942173859,214.84376838003067,1000.0,204.7500703482169
1720a6b4711b70b2e4dc436aa0830393,4,2024-09-01,2025-08-31,365,337,5.269501522070016,75.88082191780822,Mer,150.0,Sjøgata 74 8200 FAUSKE,Amfi Fauske,Norway,365,POINT(15.39623 67.25832),3.0,5.0,0.0,11.0,4.0,2.0,3.0,4.0,6.0,3.0,3.0,8.0,32.0,2.0,0.0,121.82573651039999,63.31788914581656,1000.0,22.84747270941303,11.580371239230917,19.16501191789136,20.022455307434747,17.912982443697597,16.505254387569533,20.55609868312795,26.38731883246927,157.01201908411568,12.153376687218051,9.19922025225771,1000.0
6ce55a58b825a1057c7b763ebb179aa6,3,2025-05-26,2025-08-31,98,79,5.232426303854876,75.34693877551021,Ionity,400.0,Havnegata 44 44 8400 SORTLAND,IONITY Sortland,Norway,98,POINT(15.41338 68.7048),0.0,0.0,0.0,0.0,0.0,0.0,0.0,0.0,0.0,0.0,0.0,0.0,0.0,0.0,0.0,1000.0,1000.0,1000.0,1000.0,1000.0,1000.0,1000.0,1000.0,1000.0,1000.0,1000.0,1000.0,1000.0,1000.0,1000.0
a9eaac9d6bd9131f3b2a63ba5243e81d,6,2025-04-07,2025-08-31,147,145,5.141565885613505,74.03854875283447,Kople As,180.0,Campingvegen 1 8657 MOSJØEN,LAD OPP - Mosjøen Camping - AC,Norway,147,POINT(13.22013 65.83445),3.0,3.0,0.0,3.0,0.0,1.0,1.0,2.0,1.0,2.0,0.0,4.0,7.0,0.0,0.0,32.97654492938283,43.332518308320736,1000.0,37.823964326428815,1000.0,364.6246574884401,375.1876436296741,355.1832836505204,298.5855765811455,377.6949671622347,1000.0,221.99097997984347,8.923358263481134,1000.0,1000.0
d49b70854d994779200d5ab9a0c0b68f,1,2024-09-03,2025-08-31,363,220,5.063322620140802,72.91184573002755,Kople As,50.0,Storgata 13 7900 RØRVIK,Storgata Rørvik - Nærøysund kommune,Norway,363,POINT(11.23738 64.86295),1.0,14.0,1.0,8.0,3.0,3.0,1.0,5.0,5.0,4.0,1.0,4.0,28.0,5.0,4.0,41.21564779718019,171.3130206417906,389.31544106974485,92.02776820661924,194.32471194134285,203.80826550543154,428.02567279767516,208.8407765082295,128.25717704515608,85.34152510600414,397.32916617113955,85.97457641235917,84.66096697304035,181.3326982750331,36.92095905480299
c73ce6f9c4708686ee6224cfe829de7a,4,2024-09-01,2025-08-31,365,340,4.8474600456621,69.80342465753425,Mer,150.0,Kvilut 24 8050 TVERLANDET,Extra Tverlandet,Norway,365,POINT(14.73643 67.30349),0.0,2.0,0.0,1.0,0.0,0.0,0.0,1.0,0.0,0.0,0.0,0.0,3.0,0.0,0.0,1000.0,32.385191104538606,1000.0,43.537080020861595,1000.0,1000.0,1000.0,355.749257571663,1000.0,1000.0,1000.0,1000.0,382.994121399203,1000.0,1000.0
7093d36ad48ccaa0de70ef796adc5454,2,2024-09-01,2025-08-10,344,155,4.840923772609819,69.70930232558139,Kople As,75.0,Svenskveien 1267 8610 MO I RANA,LAD OPP - Umbukta fjellstue - AC,Norway,344,POINT(14.58609 66.16407),1.0,0.0,0.0,0.0,0.0,0.0,0.0,0.0,0.0,0.0,0.0,0.0,0.0,0.0,0.0,31.935790186754094,1000.0,1000.0,1000.0,1000.0,1000.0,1000.0,1000.0,1000.0,1000.0,1000.0,1000.0,1000.0,1000.0,1000.0
56375d503081c2293356a24adbbc56d7,4,2024-09-01,2025-08-31,365,335,4.835235920852359,69.62739726027397,Mer,50.0,Karlsøyvegen 12 9015 TROMSØ,Obs Jekta Storsenter,Norway,365,POINT(18.92331 69.67368),2.0,6.0,6.0,8.0,28.0,10.0,6.0,11.0,19.0,16.0,5.0,1.0,36.0,5.0,0.0,348.80595418308855,112.87588924250407,64.705138166697,89.42580921628182,60.14637807979941,52.00234230098813,104.25290334062171,85.33950395528227,58.32528108866384,55.103577804315314,53.906407965921154,282.17223132222784,94.79711957329131,59.49163358416953,1000.0
5376f763c089118714f63c70e1582585,1,2024-09-01,2025-08-31,365,287,4.782724505327244,68.87123287671233,Kople As,175.0,Skrolsvikveien 7 9392 STONGLANDSEIDET,Ishavskraft - Stonglandseidet,Norway,365,POINT(17.17054 69.08384),0.0,0.0,0.0,0.0,0.0,0.0,0.0,0.0,0.0,0.0,0.0,0.0,0.0,0.0,0.0,1000.0,1000.0,1000.0,1000.0,1000.0,1000.0,1000.0,1000.0,1000.0,1000.0,1000.0,1000.0,1000.0,1000.0,1000.0
ec4b5d401dce2c415758e2725e8e1d71,5,2025-04-01,2025-08-31,153,130,4.7710602759622365,68.70326797385621,St1 Charge,400.0,Stormyrveien 1 8008 BODØ,St1 Lading Stormyra,Norway,153,POINT(14.42093 67.28084),0.0,16.0,7.0,5.0,15.0,6.0,4.0,9.0,14.0,13.0,3.0,5.0,31.0,6.0,0.0,1000.0,224.6511772313486,257.7865664484433,300.82920637346996,318.07894620767325,318.7195599693884,319.08200054215223,157.11117692251796,230.8890132937623,201.7000211863921,347.30923245122085,204.97739371422,64.26267346059753,237.65076710701123,1000.0
bbad494a592e105f2875e037b6de7352,2,2024-09-01,2025-08-31,365,310,4.765030441400306,68.61643835616438,Mer,50.0,Rugåshylla 3 8960 VELFJORD,Circle K Hommelstø,Norway,365,POINT(12.54726 65.40361),1.0,0.0,0.0,1.0,0.0,0.0,0.0,1.0,0.0,0.0,0.0,0.0,2.0,0.0,0.0,332.4507048336363,1000.0,1000.0,48.42818388824635,1000.0,1000.0,1000.0,70.81000666519652,1000.0,1000.0,1000.0,1000.0,5.080724666993074,1000.0,1000.0
8f892622702a4778c9029ff7c748d156,2,2024-09-01,2025-08-31,365,305,4.74124809741248,68.27397260273973,Recharge,150.0,Sentrumsveien 2 9040 NORDKJOSBOTN,Recharge Shell Balsfjord,Norway,365,POINT(19.55375 69.21543),0.0,3.0,0.0,1.0,0.0,0.0,0.0,5.0,1.0,0.0,1.0,0.0,8.0,0.0,1.0,1000.0,394.0539828037576,1000.0,315.4440076424302,1000.0,1000.0,1000.0,95.56507000090262,309.78695168998746,1000.0,303.9585646572175,1000.0,3.13123212677717,1000.0,283.2217681189665
13cd2079e0ff654586f470800499f875,4,2024-09-01,2025-08-31,365,341,4.722079528158295,67.99794520547945,Uno-X,300.0,Nyrudveien 1 8657 MOSJØEN,Uno-X Nyrud,Norway,365,POINT(13.21225 65.83403),3.0,6.0,0.0,3.0,0.0,1.0,1.0,5.0,1.0,3.0,0.0,9.0,9.0,0.0,1.0,205.02742280094455,349.6293408073312,1000.0,177.33361096809878,1000.0,149.5204756267654,16.39814217395496,6.1846519424529305,342.8826014322093,237.40074247712448,1000.0,81.78595634816497,83.30262016060723,1000.0,217.4099095554565
c8aaa1134d72cc9ce5d9471be3de37d6,1,2024-09-02,2025-08-31,364,225,4.722031440781442,67.99725274725274,Kople As,175.0,Fv86 427 9380 GRYLLEFJORD,Ishavskraft - Gryllefjord,Norway,364,POINT(17.05284 69.36331),0.0,0.0,0.0,0.0,0.0,0.0,0.0,0.0,0.0,0.0,0.0,0.0,0.0,0.0,0.0,1000.0,1000.0,1000.0,1000.0,1000.0,1000.0,1000.0,1000.0,1000.0,1000.0,1000.0,1000.0,1000.0,1000.0,1000.0
d57fa2d43730091b7cbbc24aa38a77de,8,2024-09-01,2025-08-31,365,345,4.711924467275494,67.85171232876712,Kople As,200.0,Skattørveien 19C 9018 TROMSØ,Ishavskraft - Tromsø Taxi,Norway,365,POINT(19.01587 69.69295),0.0,3.0,0.0,0.0,0.0,0.0,0.0,0.0,0.0,0.0,0.0,2.0,31.0,0.0,0.0,1000.0,289.9028749508068,1000.0,1000.0,1000.0,1000.0,1000.0,1000.0,1000.0,1000.0,1000.0,392.77615325609986,39.935953550242395,1000.0,1000.0
c2b5d88d5a90cb0eec02a491320e59a9,2,2024-09-02,2025-08-31,364,325,4.686259920634921,67.48214285714286,Kople As,180.0,Håndverkeren 14 8250 ROGNAN,ChargeUp - Dragefossen Rognan,Norway,364,POINT(15.3915 67.10341),1.0,5.0,0.0,7.0,2.0,2.0,1.0,5.0,2.0,1.0,0.0,3.0,9.0,1.0,0.0,12.736806505841626,33.06798749446199,1000.0,81.30654042152608,103.61126392224115,155.2668013261318,200.1577171198684,102.89420390601566,102.11032032356844,94.06664006237966,1000.0,80.60680948123343,63.30063326912896,101.7179810601245,1000.0
cdbcaab6df0ccbc1652a1a9b5bbcf78d,1,2024-09-01,2025-08-31,365,215,4.62728310502283,66.63287671232877,Recharge,225.0,Medjåvegen 56 7870 GRONG,Recharge Grong,Norway,365,POINT(12.31639 64.46479),1.0,4.0,0.0,4.0,2.0,0.0,0.0,1.0,3.0,0.0,1.0,5.0,11.0,2.0,0.0,76.90551512608525,129.7666657551895,1000.0,144.76272472695698,49.84409940510807,1000.0,1000.0,140.76121510590528,124.43132244244742,1000.0,124.86447536908923,256.424190024407,24.8025476353398,122.90221586383048,1000.0
25d57283fcde4814d8bf617185e15cae,2,2024-12-21,2025-08-31,254,227,4.5898950131233605,66.09448818897638,Kople As,180.0,Nordsivegen 296 7760 SNÅSA,ChargeUp - Snåsakroa,Norway,254,POINT(12.2157 64.25354),0.0,0.0,0.0,0.0,0.0,0.0,0.0,0.0,0.0,0.0,0.0,0.0,2.0,0.0,0.0,1000.0,1000.0,1000.0,1000.0,1000.0,1000.0,1000.0,1000.0,1000.0,1000.0,1000.0,1000.0,0.46778986438801695,1000.0,1000.0
7a227ddffc2473e1010dfad94bd91675,4,2024-09-01,2025-08-31,365,298,4.585283485540334,66.02808219178083,Recharge,50.0,Storjord  8255 RØKLAND,Recharge Saltdal Turistsenter,Norway,365,POINT(15.40207 66.81399),2.0,3.0,0.0,0.0,0.0,0.0,0.0,0.0,0.0,0.0,0.0,0.0,3.0,0.0,0.0,49.62172150177214,68.37245315442762,1000.0,1000.0,1000.0,1000.0,1000.0,1000.0,1000.0,1000.0,1000.0,1000.0,66.57083784162387,1000.0,1000.0
9ef82ea16d46ef75e32e9abe46a8f4b4,2,2024-09-01,2025-08-31,365,278,4.571442161339422,65.82876712328768,Kople As,150.0,Reine ytre havn 1 8390 REINE,Bodø Energi - Reine,Norway,365,POINT(13.09484 67.93444),0.0,0.0,0.0,0.0,0.0,0.0,0.0,0.0,0.0,0.0,0.0,0.0,0.0,0.0,0.0,1000.0,1000.0,1000.0,1000.0,1000.0,1000.0,1000.0,1000.0,1000.0,1000.0,1000.0,1000.0,1000.0,1000.0,1000.0
65b8bf7137f464bb5d84cc27728840f5,2,2025-02-24,2025-08-31,189,140,4.538506760728983,65.35449735449735,Kople As,50.0,Fv86 427 9380 GRYLLEFJORD,Ishavskraft - Gryllefjord,Norway,189,POINT(17.05284 69.36331),0.0,0.0,0.0,0.0,0.0,0.0,0.0,0.0,0.0,0.0,0.0,0.0,0.0,0.0,0.0,1000.0,1000.0,1000.0,1000.0,1000.0,1000.0,1000.0,1000.0,1000.0,1000.0,1000.0,1000.0,1000.0,1000.0,1000.0
4dc6e58344e66c1988e2ab87fa071d3c,4,2025-04-10,2025-08-31,144,136,4.4077932098765435,63.47222222222222,Kople As,400.0,Herøyholmveien 26 8850 HERØY,LAD OPP - Herøy,Norway,144,POINT(12.28188 65.98054),0.0,0.0,0.0,0.0,0.0,0.0,0.0,0.0,0.0,0.0,0.0,0.0,0.0,0.0,0.0,1000.0,1000.0,1000.0,1000.0,1000.0,1000.0,1000.0,1000.0,1000.0,1000.0,1000.0,1000.0,1000.0,1000.0,1000.0
d8cb31d42cab8546a0f41eb8ef0a1cbf,2,2025-04-10,2025-08-31,144,139,4.314236111111111,62.125,Kople As,180.0,Søndre gt 30 8450 STOKMARKNES,PWR UP - Coop Extra Stokmarknes,Norway,144,POINT(14.91201 68.56089),0.0,0.0,0.0,0.0,0.0,0.0,0.0,0.0,0.0,0.0,0.0,0.0,0.0,0.0,0.0,1000.0,1000.0,1000.0,1000.0,1000.0,1000.0,1000.0,1000.0,1000.0,1000.0,1000.0,1000.0,1000.0,1000.0,1000.0
91c07d2b7a1cac0defe9a63e51270907,4,2024-09-01,2025-08-31,365,332,4.283913622526636,61.68835616438356,Mer,50.0,Sentrumsveien 57 8540 BALLANGEN,Coop Extra Ballangen,Norway,365,POINT(16.83286 68.34252),2.0,2.0,0.0,1.0,0.0,0.0,1.0,2.0,2.0,0.0,0.0,5.0,5.0,0.0,0.0,64.68291033775226,215.35743575435578,1000.0,129.4099620374623,1000.0,1000.0,197.48827310863987,35.57742135293656,67.94383056813494,1000.0,1000.0,64.69884154847195,67.6568186896738,1000.0,1000.0
cae6dc1c62a7c6e04fbce1ec00b13eec,2,2024-09-01,2025-08-31,365,288,4.238394216133941,61.032876712328765,Kople As,75.0,Nygårdveien 159 8120 NYGÅRDSJØEN,LAD OPP - Nygårdsjøen - AC,Norway,365,POINT(14.32353 67.12154),1.0,0.0,0.0,0.0,0.0,0.0,0.0,0.0,0.0,0.0,0.0,0.0,3.0,0.0,0.0,355.6446615315365,1000.0,1000.0,1000.0,1000.0,1000.0,1000.0,1000.0,1000.0,1000.0,1000.0,1000.0,0.17083318150053692,1000.0,1000.0
822ecada5a2c14bde21571c00b49e6fd,3,2025-04-07,2025-08-31,147,142,4.12540942302847,59.40589569160997,Kople As,300.0,Vesterålsgata 111 8403 SORTLAND,PWR UP - Coop Sortland,Norway,147,POINT(15.39946 68.68351),0.0,0.0,0.0,0.0,0.0,0.0,0.0,0.0,0.0,0.0,0.0,0.0,0.0,0.0,0.0,1000.0,1000.0,1000.0,1000.0,1000.0,1000.0,1000.0,1000.0,1000.0,1000.0,1000.0,1000.0,1000.0,1000.0,1000.0
acaf6854dcff693da1e754140bd3e020,8,2025-05-25,2025-08-31,99,81,4.076704545454546,58.70454545454545,Ionity,350.0,Sætlandshaugen  8028 BODØ,IONITY Bodø,Norway,99,POINT(14.56929 67.28481),0.0,7.0,0.0,0.0,0.0,0.0,0.0,1.0,2.0,2.0,0.0,2.0,0.0,0.0,0.0,1000.0,198.39382049277376,1000.0,1000.0,1000.0,1000.0,1000.0,385.51436278663584,320.60270417493285,158.02672859885143,1000.0,268.1318374606054,1000.0,1000.0,1000.0
4538bd2c5c74618b76f439f92c187ece,3,2025-07-29,2025-08-25,28,15,4.054232804232804,58.38095238095239,Circle K,150.0,A. Kiellands gate 1 8663 MOSJØEN,Circle K Mosjøen,Norway,28,POINT(13.20098 65.84142),1.0,2.0,1.0,4.0,4.0,1.0,1.0,2.0,4.0,1.0,0.0,2.0,7.0,1.0,2.0,368.60671411969247,346.09440757287723,460.7803469103678,422.542158678241,442.8362972081007,430.636653053059,487.34229884529435,400.02970052619304,437.75394624960126,486.78111744488746,1000.0,79.22302711824072,9.137000495510318,444.33103971620017,71.71020946851958
b930e540b2ffd316fdc00f59d72f16a4,1,2025-03-19,2025-08-31,166,144,4.05036813922356,58.325301204819276,Kople As,180.0,Nordlysveien 404 9046 OTEREN,Ishavskraft - Lyngskroa,Norway,166,POINT(19.88498 69.25701),2.0,1.0,0.0,0.0,0.0,0.0,0.0,0.0,0.0,0.0,0.0,0.0,0.0,0.0,0.0,38.118338366743174,224.5536471430294,1000.0,1000.0,1000.0,1000.0,1000.0,1000.0,1000.0,1000.0,1000.0,1000.0,1000.0,1000.0,1000.0
8369308520a3686dfcf00da2bbc432f0,4,2024-09-01,2025-08-31,365,343,4.027587519025875,57.9972602739726,Kople As,300.0,Rustaveien 16 9325 BARDUFOSS,Kople Spar Heggmo Bardufoss,Norway,365,POINT(18.50888 69.04361),0.0,4.0,0.0,2.0,0.0,0.0,0.0,1.0,0.0,0.0,0.0,2.0,4.0,0.0,1.0,1000.0,267.05347563818,1000.0,268.39531479760575,1000.0,1000.0,1000.0,44.58930437367393,1000.0,1000.0,1000.0,334.7423489963237,70.75941066910025,1000.0,185.23276567872026
3324b0cd0ee1403f8de33e3d932bce46,4,2024-09-01,2025-08-31,365,295,3.9310312024353116,56.606849315068494,Recharge,50.0,Torolv Kveldulvsons gate 17 8800 SANDNESSJØEN,Recharge Sandnessjøen,Norway,365,POINT(12.63677 66.02312),2.0,9.0,0.0,11.0,4.0,2.0,1.0,5.0,6.0,4.0,3.0,13.0,20.0,2.0,1.0,46.86401365314988,85.14507881931806,1000.0,41.45990942101333,98.03995972733277,188.75682370507522,387.75260056836095,59.334074965559594,106.66738363191527,106.61694420187482,43.51661815383742,66.4308053433068,24.69316527452463,126.82990950388977,276.33636074660393
0714ad45029cd561d42d821d0b6021bf,2,2024-09-01,2025-08-31,365,323,3.880612633181127,55.88082191780822,Kople As,200.0,Klakkjeveien 5 8920 SØMNA,PWR UP - Coop Berg,Norway,365,POINT(12.19671 65.36867),0.0,0.0,0.0,1.0,0.0,0.0,0.0,2.0,0.0,0.0,0.0,1.0,5.0,0.0,0.0,1000.0,1000.0,1000.0,92.51273364109376,1000.0,1000.0,1000.0,24.527583700737477,1000.0,1000.0,1000.0,86.1288156702773,77.04150151505897,1000.0,1000.0
ccee725d0028641a185994b7ee2064c0,4,2024-09-01,2025-08-31,365,307,3.858970700152207,55.56917808219178,Recharge,50.0,,Recharge Innhavet,Norway,365,POINT(15.92953 67.96251),2.0,1.0,0.0,1.0,0.0,0.0,0.0,1.0,0.0,0.0,0.0,0.0,2.0,0.0,0.0,27.9697586639291,277.14734667908294,1000.0,31.398596223729115,1000.0,1000.0,1000.0,77.4052919774492,1000.0,1000.0,1000.0,1000.0,80.100655681242,1000.0,1000.0
c3e45527b6ebe319ed107752db6b3524,6,2024-09-01,2025-08-31,365,342,3.852232369355657,55.47214611872147,Kople As,300.0,Olsborgveien  9329 MOEN,Kople Coop Extra Olsborg,Norway,365,POINT(18.59822 69.1427),1.0,2.0,0.0,0.0,0.0,0.0,0.0,1.0,3.0,0.0,0.0,1.0,1.0,0.0,0.0,264.4279757711513,183.28058437455948,1000.0,1000.0,1000.0,1000.0,1000.0,21.479225836354136,228.14701180547772,1000.0,1000.0,499.2805573335113,193.58199422912128,1000.0,1000.0
ba697922682c64ab9021e41154332e2e,2,2024-09-02,2025-08-30,363,284,3.8453665442301808,55.3732782369146,Eviny,180.0,Strandgata 9 9008 TROMSØ,Alti Nerstranda,Norway,363,POINT(18.95394 69.64651),23.0,62.0,9.0,74.0,24.0,2.0,13.0,14.0,22.0,8.0,9.0,57.0,116.0,2.0,8.0,121.7588273468829,29.099920057614764,2.935536502424734,27.109854302351245,6.5298229194461825,22.443094623013803,44.682312384507576,55.32279719418804,22.71141297857598,23.787278743221897,24.64164029160653,31.289136012429157,20.984731125537202,30.7634584097624,144.57230886919328
86faf378e905f2f327c1414e092d6a04,2,2024-09-01,2025-08-31,365,284,3.8252473363774735,55.083561643835615,Kople As,100.0,Oskarbakken 2 9389 HUSØY I SENJA,Oskarbakken 2 - Husøy i Senja,Norway,365,POINT(17.6642 69.54414),0.0,0.0,0.0,0.0,0.0,0.0,0.0,0.0,0.0,0.0,0.0,0.0,0.0,0.0,0.0,1000.0,1000.0,1000.0,1000.0,1000.0,1000.0,1000.0,1000.0,1000.0,1000.0,1000.0,1000.0,1000.0,1000.0,1000.0
289e4d885c0673e23a1f615968d3fada,9,2024-09-01,2025-08-31,365,341,3.809318450870962,54.85418569254187,Eviny,200.0,Granvegen 12 7870 GRONG,Grong Kjøpesenter,Norway,365,POINT(12.31588 64.46449),1.0,4.0,0.0,4.0,2.0,0.0,0.0,2.0,3.0,0.0,1.0,5.0,11.0,2.0,0.0,73.30980510489096,94.44251669911898,1000.0,108.58576726258985,9.513461004282577,1000.0,1000.0,105.75030931106389,91.85233492596966,1000.0,84.53881353473781,222.85271334821147,41.60704189518648,87.75775257644268,1000.0
bb195ae56a5c226b80a5199a822785b1,2,2024-09-01,2025-08-31,365,331,3.802416286149162,54.75479452054795,Kople As,150.0,Sentrum 47 7877 HØYLANDET,Kople YX Høylandet,Norway,365,POINT(12.29867 64.62597),1.0,2.0,0.0,0.0,0.0,0.0,0.0,2.0,0.0,0.0,0.0,2.0,4.0,0.0,0.0,374.17394762592096,452.84634312217923,1000.0,1000.0,1000.0,1000.0,1000.0,108.05982597014138,1000.0,1000.0,1000.0,197.42675649349056,33.52856325719144,1000.0,1000.0
79ffb992c86349b9f456bb72a13e34db,4,2024-11-06,2025-08-31,299,279,3.8008639910813837,54.7324414715719,Uno-X,300.0,Kilamyra 2 9415 HARSTAD,Uno-X Kilamyra,Norway,299,POINT(16.56326 68.7402),0.0,0.0,0.0,0.0,0.0,0.0,0.0,0.0,0.0,0.0,0.0,0.0,0.0,0.0,0.0,1000.0,1000.0,1000.0,1000.0,1000.0,1000.0,1000.0,1000.0,1000.0,1000.0,1000.0,1000.0,1000.0,1000.0,1000.0
307a24b0611fae9331c688aefc6b341a,2,2024-09-01,2025-08-31,365,328,3.785388127853881,54.50958904109589,Kople As,150.0,Kongsveien 84 9350 SJØVEGAN,Kople Coop Extra Sjøvegan,Norway,365,POINT(17.83002 68.87709),1.0,11.0,0.0,3.0,1.0,1.0,1.0,2.0,2.0,3.0,1.0,1.0,6.0,0.0,0.0,366.2946731757182,17.277341551092672,1000.0,61.13278190460269,279.67957695160624,275.0239161066962,272.2068134937966,5.035878430012466,173.37414847966556,163.69578454638898,359.23709811209335,130.39858443717554,230.81064670080977,1000.0,1000.0
d43dc3508961671399603327ba01de61,4,2024-09-01,2025-08-31,365,296,3.776588660578386,54.382876712328766,Mer,50.0,Skogvoll  8275 STORJORD I TYSFJORD,Storjord Servicehandel,Norway,365,POINT(16.02965 68.19396),1.0,1.0,0.0,0.0,0.0,0.0,0.0,1.0,0.0,0.0,0.0,0.0,1.0,0.0,0.0,192.08514608288007,168.7482425999773,1000.0,1000.0,1000.0,1000.0,1000.0,52.24031812075545,1000.0,1000.0,1000.0,1000.0,26.091571092921406,1000.0,1000.0
cd8df4a55f55b19eacf1782569bbc0ad,2,2024-09-01,2025-08-31,365,245,3.7724505327245055,54.323287671232876,Kople As,300.0,E6 Røklandsenteret  8255 RØKLAND,PWR UP - Røkland,Norway,365,POINT(15.31518 66.98087),2.0,0.0,0.0,0.0,0.0,0.0,0.0,0.0,1.0,0.0,0.0,0.0,1.0,1.0,0.0,38.357636829087724,1000.0,1000.0,1000.0,1000.0,1000.0,1000.0,1000.0,278.1689521729553,1000.0,1000.0,1000.0,61.5964813575762,40.28347118976633,1000.0
1829497bb8b1701701f07ae88a24b628,1,2024-09-02,2025-08-31,364,282,3.7402701465201464,53.85989010989011,Recharge,150.0,Ankenesveien 5 8520 ANKENES,St1 Ankenes,Norway,364,POINT(17.4173 68.40566),0.0,0.0,0.0,0.0,0.0,0.0,0.0,3.0,0.0,2.0,0.0,1.0,12.0,0.0,0.0,1000.0,1000.0,1000.0,1000.0,1000.0,1000.0,1000.0,136.54916418587618,1000.0,82.68028265730925,1000.0,298.38538768673936,1.622352440106683,1000.0,1000.0
3d7d33f78a49818547921ec413f069ac,4,2024-09-01,2025-08-31,365,342,3.7382515220700157,53.83082191780822,Eviny,200.0,Våtvollveien 1256 8409 GULLESFJORD,Gullesfjord Camping,Norway,365,POINT(15.72729 68.53202),0.0,0.0,0.0,0.0,0.0,0.0,0.0,0.0,0.0,0.0,0.0,0.0,0.0,0.0,0.0,1000.0,1000.0,1000.0,1000.0,1000.0,1000.0,1000.0,1000.0,1000.0,1000.0,1000.0,1000.0,1000.0,1000.0,1000.0
0b8b58f3524dc21a9bb5120813aa05ec,6,2024-09-01,2025-08-31,365,341,3.667269152714358,52.808675799086764,Mer,150.0,Domussenteret  9325 BARDUFOSS,Extra Bardufoss,Norway,365,POINT(18.51226 69.0651),1.0,5.0,0.0,7.0,2.0,1.0,0.0,2.0,1.0,3.0,2.0,3.0,5.0,0.0,0.0,51.55909361576609,50.20697313052733,1000.0,49.017362919692474,85.86651414795055,137.73799969743342,1000.0,11.929072440640827,69.45343052078252,202.79755391968112,140.6365677565849,230.76165796782888,53.11360146264082,1000.0,1000.0
c18ea35605b0b649ca188b37f14c7655,2,2025-04-07,2025-08-31,147,139,3.6404006046863193,52.42176870748299,Kople As,180.0,Nygårdveien 159 8120 NYGÅRDSJØEN,LAD OPP - Nygårdsjøen - AC,Norway,147,POINT(14.32353 67.12154),1.0,0.0,0.0,0.0,0.0,0.0,0.0,0.0,0.0,0.0,0.0,0.0,3.0,0.0,0.0,355.6446615315365,1000.0,1000.0,1000.0,1000.0,1000.0,1000.0,1000.0,1000.0,1000.0,1000.0,1000.0,0.17083318150053692,1000.0,1000.0
a96bfcf189116bff986b6383b74b031b,2,2024-09-01,2025-08-31,365,306,3.6382229832572293,52.39041095890411,Eviny,350.0,Alstad 1 8370 LEKNES,Alstad Kro og Camping,Norway,365,POINT(13.93621 68.27229),0.0,0.0,0.0,0.0,0.0,0.0,0.0,0.0,0.0,0.0,0.0,0.0,0.0,0.0,0.0,1000.0,1000.0,1000.0,1000.0,1000.0,1000.0,1000.0,1000.0,1000.0,1000.0,1000.0,1000.0,1000.0,1000.0,1000.0
7204d42e751f5c1ae399f508701e025d,2,2025-02-24,2025-08-31,189,137,3.619929453262787,52.12698412698413,Kople As,50.0,Skrolsvikveien 7 9392 STONGLANDSEIDET,Ishavskraft - Stonglandseidet,Norway,189,POINT(17.17054 69.08384),0.0,0.0,0.0,0.0,0.0,0.0,0.0,0.0,0.0,0.0,0.0,0.0,0.0,0.0,0.0,1000.0,1000.0,1000.0,1000.0,1000.0,1000.0,1000.0,1000.0,1000.0,1000.0,1000.0,1000.0,1000.0,1000.0,1000.0
9f2d46f2144061316a2e45bc07183784,2,2024-09-01,2025-08-31,365,242,3.6019786910197866,51.868493150684934,Mer,50.0,Sjøgata 74 8200 FAUSKE,Amfi Fauske,Norway,365,POINT(15.39623 67.25832),3.0,5.0,0.0,11.0,4.0,2.0,3.0,4.0,6.0,3.0,3.0,8.0,32.0,2.0,0.0,121.82573651039999,63.31788914581656,1000.0,22.84747270941303,11.580371239230917,19.16501191789136,20.022455307434747,17.912982443697597,16.505254387569533,20.55609868312795,26.38731883246927,157.01201908411568,12.153376687218051,9.19922025225771,1000.0
1bb53deee20ba263139c33f292cec50c,2,2024-09-01,2025-08-31,365,221,3.563165905631659,51.30958904109589,Recharge,50.0,Bøveien 508 8470 BØ I VESTERÅLEN,Recharge Spar Bø i Vesterålen,Norway,365,POINT(14.44461 68.62103),0.0,0.0,0.0,0.0,0.0,0.0,0.0,0.0,0.0,0.0,0.0,0.0,0.0,0.0,0.0,1000.0,1000.0,1000.0,1000.0,1000.0,1000.0,1000.0,1000.0,1000.0,1000.0,1000.0,1000.0,1000.0,1000.0,1000.0
65479b9596278b7c5892412b2575aaf4,4,2024-09-01,2025-08-31,365,334,3.559646118721461,51.25890410958904,Mer,50.0,Øverbygdvegen 8 7760 SNÅSA,Prix Snåsa,Norway,365,POINT(12.38506 64.2465),2.0,5.0,0.0,1.0,0.0,0.0,0.0,2.0,1.0,0.0,0.0,7.0,7.0,0.0,0.0,182.03546521144497,39.85236234521302,1000.0,120.38471925149022,1000.0,1000.0,1000.0,46.102344926672416,98.64844695182353,1000.0,1000.0,98.27574850508063,47.29144592639117,1000.0,1000.0
2a2318dd0d79b54254e8518d66c11f9b,1,2024-09-01,2025-08-31,365,274,3.5559360730593608,51.205479452054796,Recharge,150.0,Teglverkveien 1 8006 BODØ,Recharge Esso Rønvik,Norway,365,POINT(14.40705 67.29354),0.0,6.0,0.0,1.0,0.0,0.0,0.0,3.0,1.0,4.0,0.0,4.0,13.0,0.0,1.0,1000.0,216.08905757619706,1000.0,343.07187037433636,1000.0,1000.0,1000.0,195.61996155854337,234.59614551740793,327.45407319440443,1000.0,210.7652760892831,43.82459352771012,1000.0,417.2912069253585
f8162abc56c35b50b1208ed3979ad76e,4,2024-09-01,2025-08-31,365,310,3.555460426179605,51.1986301369863,Mer,50.0,Fjellvegen 1 8685 TROFORS,Majavatn,Norway,365,POINT(13.36988 65.16748),1.0,0.0,0.0,0.0,0.0,0.0,0.0,0.0,0.0,0.0,0.0,0.0,0.0,0.0,1.0,150.28627111674356,1000.0,1000.0,1000.0,1000.0,1000.0,1000.0,1000.0,1000.0,1000.0,1000.0,1000.0,1000.0,1000.0,164.61115044646277
95c8892eee74854e196139bdfefa7c8c,4,2024-09-02,2025-08-31,364,285,3.4963560744810738,50.347527472527474,Mer,50.0,FURUVEIEN 4 7892 TRONES,Namsskogan Hotell,Norway,364,POINT(12.84465 64.7423),2.0,2.0,0.0,0.0,0.0,0.0,0.0,1.0,0.0,0.0,0.0,0.0,2.0,0.0,1.0,41.026868074579184,93.40812737856513,1000.0,1000.0,1000.0,1000.0,1000.0,55.68030691982469,1000.0,1000.0,1000.0,1000.0,59.9794739439364,1000.0,317.32316530319076
2b92d930e6e49e8d2a4df1cd9a2f5214,1,2024-09-01,2025-08-31,365,271,3.4263698630136985,49.33972602739726,Recharge,225.0,Gammelveien 9 8614 MO I RANA,Recharge Esso Ytteren,Norway,365,POINT(14.14288 66.34082),0.0,2.0,0.0,1.0,0.0,0.0,0.0,3.0,0.0,1.0,2.0,3.0,5.0,0.0,0.0,1000.0,154.53301631460863,1000.0,116.56492700842337,1000.0,1000.0,1000.0,48.813984563202396,1000.0,79.60826054926859,34.270452586718065,248.90114917907997,27.14498893287973,1000.0,1000.0
57028db69a1e97120b34bb64f6860af2,1,2025-04-02,2025-08-30,151,102,3.402317880794702,48.99337748344371,St1 Charge,300.0,Stormyrveien 1 8008 BODØ,St1 Lading Stormyra,Norway,151,POINT(14.42093 67.28084),0.0,16.0,7.0,5.0,15.0,6.0,4.0,9.0,14.0,13.0,3.0,5.0,31.0,6.0,0.0,1000.0,224.6511772313486,257.7865664484433,300.82920637346996,318.07894620767325,318.7195599693884,319.08200054215223,157.11117692251796,230.8890132937623,201.7000211863921,347.30923245122085,204.97739371422,64.26267346059753,237.65076710701123,1000.0
c3c10eef0d447fa0ddf70a3a4d7a6af6,7,2024-09-01,2025-08-31,365,249,3.3971243748641022,48.91859099804306,Kople As,400.0,Leira 2 8665 MOSJØEN,LAD OPP - Esso Mosjøen Halsøy,Norway,365,POINT(13.1958 65.86326),0.0,2.0,0.0,2.0,1.0,0.0,0.0,5.0,0.0,1.0,1.0,1.0,11.0,0.0,0.0,1000.0,69.8995197216422,1000.0,89.49629122126355,171.48974648066843,1000.0,1000.0,52.41228371277094,1000.0,107.0579279727474,91.2951371273682,69.8995197216422,13.871088100641705,1000.0,1000.0
463b94cc2ce55ef4fb190707a604e344,1,2025-06-14,2025-08-31,79,62,3.382559774964838,48.70886075949367,Ionity,200.0,Fogd Holmboes gate 33 9360 BARDU,IONITY Setermoen,Norway,79,POINT(18.34875 68.86173),2.0,5.0,0.0,7.0,0.0,1.0,0.0,2.0,4.0,0.0,1.0,3.0,14.0,0.0,2.0,226.07950986122802,135.684778894427,1000.0,7.189486117731219,1000.0,125.46720909641877,1000.0,136.14587297757814,23.835754308890277,1000.0,124.27282066211995,173.96737943786434,0.727957212814508,1000.0,377.0148461970663
983fc5a916c5e62855de110a3958dcec,4,2024-09-01,2025-08-31,365,315,3.3253900304414,47.885616438356166,Mer,50.0,General Fleichers Vei 365 9357 TENNEVOLL,Lapphaugen Turiststasjon,Norway,365,POINT(17.9154 68.67877),1.0,1.0,0.0,0.0,0.0,0.0,0.0,0.0,0.0,0.0,0.0,0.0,0.0,0.0,0.0,31.58282919066965,38.054265902251686,1000.0,1000.0,1000.0,1000.0,1000.0,1000.0,1000.0,1000.0,1000.0,1000.0,1000.0,1000.0,1000.0
ccf249ccad41679e40f8a9781366ae91,2,2024-09-01,2025-08-31,365,275,3.2664573820395737,47.036986301369865,Kople As,50.0,Løkvollveien 5 9144 SAMUELSBERG,Ishavsveien - Manndalen,Norway,365,POINT(20.5506 69.54169),2.0,2.0,0.0,0.0,0.0,0.0,0.0,3.0,2.0,0.0,0.0,1.0,1.0,0.0,0.0,163.579349612026,413.20753621019253,1000.0,1000.0,1000.0,1000.0,1000.0,110.2829121573219,64.57201803684428,1000.0,1000.0,182.73463715179045,23.939090560955506,1000.0,1000.0
e3c5fc50849142922e09fecc04723264,2,2024-09-01,2025-08-31,365,325,3.255612633181127,46.88082191780822,Kople As,150.0,Storgata 62 8430 MYRE,PWR UP - Myre,Norway,365,POINT(15.10071 68.91513),0.0,0.0,0.0,0.0,0.0,0.0,0.0,0.0,0.0,0.0,0.0,0.0,0.0,0.0,0.0,1000.0,1000.0,1000.0,1000.0,1000.0,1000.0,1000.0,1000.0,1000.0,1000.0,1000.0,1000.0,1000.0,1000.0,1000.0
17692c617be947929e27b091ddcda7a6,4,2024-09-01,2025-08-31,365,305,3.167427701674277,45.61095890410959,Recharge,225.0,Storsanddalen 1 8610 MO I RANA,Recharge Esso Grubhei,Norway,365,POINT(14.20314 66.32036),0.0,2.0,0.0,1.0,0.0,0.0,0.0,4.0,0.0,2.0,0.0,2.0,3.0,0.0,0.0,1000.0,210.05120546970358,1000.0,312.08455482061794,1000.0,1000.0,1000.0,209.3170363958875,1000.0,307.9409936730035,1000.0,346.8092315748567,35.131164098323595,1000.0,1000.0
c4279639e4eeb7bb748720d41deaefe8,2,2024-09-01,2025-08-31,365,222,3.1432648401826486,45.26301369863014,Recharge,50.0,Sørgrenda 16 8250 ROGNAN,Recharge Røkland Senter,Norway,365,POINT(15.31508 66.98049),2.0,0.0,0.0,0.0,0.0,0.0,0.0,0.0,1.0,0.0,0.0,0.0,1.0,1.0,0.0,77.20892214492707,1000.0,1000.0,1000.0,1000.0,1000.0,1000.0,1000.0,320.2991441711573,1000.0,1000.0,1000.0,101.75251342123565,76.01263379121352,1000.0
47258368554d425f410db466af7b909b,1,2025-05-26,2025-08-31,98,68,3.126417233560091,45.02040816326531,Ionity,200.0,Torgveien 1 9040 NORDKJOSBOTN,IONITY Nordkjosbotn,Norway,98,POINT(19.55914 69.21802),0.0,4.0,0.0,1.0,0.0,0.0,0.0,5.0,1.0,0.0,1.0,1.0,9.0,0.0,1.0,1000.0,109.13856707305318,1000.0,47.30801412532195,1000.0,1000.0,1000.0,37.70690341639988,51.434786952694836,1000.0,84.35514863518728,468.1880728977759,0.5899348619830485,1000.0,76.49318495144354
220df1737c89a16b63db9e16f1623f9a,4,2024-12-13,2025-08-31,262,224,3.1076388888888884,44.75,Mer,150.0,Hovøyveien 11 8900 BRØNNØYSUND,Brønnøysund lufthavn DC,Norway,262,POINT(12.2092 65.45994),1.0,2.0,0.0,0.0,0.0,0.0,0.0,1.0,0.0,0.0,0.0,1.0,0.0,0.0,0.0,201.57555111069058,462.8047911703368,1000.0,1000.0,1000.0,1000.0,1000.0,441.7884744773844,1000.0,1000.0,1000.0,262.4053894188022,1000.0,1000.0,1000.0
23c761dd9c49d89164a0d91da9ebf73c,6,2024-12-21,2025-08-31,254,238,3.103310002916302,44.68766404199475,Kople As,180.0,Ankenesveien 2 8520 ANKENES,Kople Kiwi Ankenes,Norway,254,POINT(17.41476 68.4067),0.0,0.0,0.0,0.0,0.0,0.0,0.0,3.0,0.0,2.0,0.0,1.0,12.0,0.0,0.0,1000.0,1000.0,1000.0,1000.0,1000.0,1000.0,1000.0,22.738584159403555,1000.0,142.23553766237703,1000.0,197.6650603106351,2.319609759995077,1000.0,1000.0
9a076d6b7b114967c78576e070ce5a0c,1,2025-06-15,2025-08-31,78,61,3.1000712250712255,44.64102564102564,Ionity,400.0,Kulstadbakken 13 8665 MOSJØEN,IONITY Mosjøen,Norway,78,POINT(13.19557 65.86456),0.0,2.0,0.0,2.0,1.0,0.0,0.0,5.0,0.0,1.0,1.0,1.0,11.0,0.0,0.0,1000.0,181.00647443953093,1000.0,169.85394585199637,300.0652073247262,1000.0,1000.0,181.00647443953093,1000.0,198.10616939673406,185.96280381226137,181.00647443953093,95.07277260245894,1000.0,1000.0
29923690c97a2154afdd6f925d6f25ef,6,2024-09-01,2025-08-31,365,305,3.0893264840182653,44.48630136986301,Recharge,200.0,Sentrumsveien 2 9040 NORDKJOSBOTN,Recharge Shell Balsfjord,Norway,365,POINT(19.55375 69.21543),0.0,3.0,0.0,1.0,0.0,0.0,0.0,5.0,1.0,0.0,1.0,0.0,8.0,0.0,1.0,1000.0,394.0539828037576,1000.0,315.4440076424302,1000.0,1000.0,1000.0,95.56507000090262,309.78695168998746,1000.0,303.9585646572175,1000.0,3.13123212677717,1000.0,283.2217681189665
37afdb9ab9c570b1ce77987083c083db,4,2024-09-01,2025-08-31,365,313,3.06578196347032,44.147260273972606,Mer,50.0,STEIGENVEIEN 25 8260 INNHAVET,Tømmerneset,Norway,365,POINT(15.8567 67.9007),0.0,0.0,0.0,0.0,0.0,0.0,0.0,0.0,0.0,0.0,0.0,0.0,0.0,0.0,0.0,1000.0,1000.0,1000.0,1000.0,1000.0,1000.0,1000.0,1000.0,1000.0,1000.0,1000.0,1000.0,1000.0,1000.0,1000.0
601ac60091ee898ea5d9cba83c82fa59,2,2024-09-03,2025-08-31,363,214,3.010694061830425,43.353994490358126,Kople As,50.0,Alttaluodda 18 9520 KAUTOKEINO,Ishavsveien - Kautokeino,Norway,363,POINT(23.04088 69.01338),4.0,2.0,0.0,1.0,1.0,0.0,0.0,1.0,1.0,0.0,0.0,9.0,6.0,0.0,0.0,140.3183710861764,90.45201034166323,1000.0,142.222613757231,69.35083000932187,1000.0,1000.0,153.84345563286146,182.703080000154,1000.0,1000.0,79.72256011234565,35.19377549088755,1000.0,1000.0
9e391581f1773862b1647c8a1be5ba6b,1,2024-09-02,2025-08-31,364,211,2.9912622100122097,43.074175824175825,St1 Charge,300.0,Naustgata 1 8665 MOSJØEN,St1 Lading Mosjøen,Norway,364,POINT(13.19574 65.86385),0.0,2.0,0.0,2.0,1.0,0.0,0.0,5.0,0.0,1.0,1.0,1.0,11.0,0.0,0.0,1000.0,109.74869974198413,1000.0,112.28041550649317,228.21256116010457,1000.0,1000.0,109.74869974198413,1000.0,138.79290722356197,124.01773693501967,109.74869974198413,31.37864791345529,1000.0,1000.0
b26ef3be6f1884d5426394e0f7c41bc0,2,2024-09-02,2025-08-30,363,198,2.862431129476584,41.21900826446281,Kople As,50.0,Fløyåsen 1 8294 HAMARØY,ChargeUp - Knut Hamsund VGS,Norway,363,POINT(15.6241 68.08347),0.0,4.0,0.0,0.0,0.0,0.0,0.0,0.0,1.0,1.0,0.0,6.0,2.0,0.0,0.0,1000.0,100.86736446429751,1000.0,1000.0,1000.0,1000.0,1000.0,1000.0,451.29867328696173,336.25659114380477,1000.0,32.0644583137291,2.2230109506282814,1000.0,1000.0
988a39746e6f8110fd8b2fa06b200a43,6,2024-12-21,2025-08-31,254,237,2.848680373286672,41.020997375328086,Kople As,400.0,Stasjonsveien  8515 NARVIK,Kople Universitetssykehuset i Narvik hurtigladere,Norway,254,POINT(17.46562 68.44707),0.0,3.0,0.0,0.0,0.0,0.0,0.0,0.0,0.0,0.0,0.0,1.0,0.0,0.0,0.0,1000.0,367.95283327736126,1000.0,1000.0,1000.0,1000.0,1000.0,1000.0,1000.0,1000.0,1000.0,161.64225251849885,1000.0,1000.0,1000.0
3336ab7244f6bc570d75621a021b94bd,4,2024-09-01,2025-08-31,365,304,2.772260273972603,39.92054794520548,Mer,50.0,"Sørfjord, 20/5  8264 ENGAN",Kobbelv Vertshus,Norway,365,POINT(15.89228 67.58005),0.0,1.0,0.0,0.0,0.0,0.0,0.0,0.0,0.0,0.0,0.0,0.0,0.0,0.0,0.0,1000.0,94.76845772850335,1000.0,1000.0,1000.0,1000.0,1000.0,1000.0,1000.0,1000.0,1000.0,1000.0,1000.0,1000.0,1000.0
5fd7c79f91a0778e2af7eee19d109446,1,2024-09-01,2025-08-31,365,252,2.7714992389649917,39.90958904109589,Kople As,175.0,Hiersaluokka  9525 MAZE,Ishavsveien - Maze,Norway,365,POINT(23.66693 69.44374),1.0,0.0,0.0,1.0,0.0,0.0,0.0,1.0,0.0,0.0,0.0,0.0,0.0,0.0,1.0,35.77360548271157,1000.0,1000.0,35.77360548271157,1000.0,1000.0,1000.0,41.26641060259014,1000.0,1000.0,1000.0,1000.0,1000.0,1000.0,45.43514607572679
464e7b2ab3ac5510b6977621b87fd0ca,4,2025-01-29,2025-08-31,215,210,2.751614987080103,39.62325581395349,Uno-X,300.0,Andsliveien 25 9325 BARDUFOSS,Uno-X Bardufoss,Norway,215,POINT(18.50623 69.06381),1.0,4.0,0.0,7.0,2.0,1.0,0.0,2.0,1.0,1.0,2.0,0.0,5.0,0.0,0.0,329.4197061931357,321.4612708430653,1000.0,254.5865252688395,358.797345085099,167.63914596353445,1000.0,70.99879358018772,197.30516122268733,481.9927816081244,418.48500759136624,1000.0,248.72813766806905,1000.0,1000.0
e63329a6a6c5543d7184609bc4cd4768,1,2024-09-01,2025-08-31,365,236,2.733066971080669,39.35616438356164,Kople As,180.0,Takvassveien 8 9334 ØVERBYGD,Ishavskraft - Shell Øverbygd,Norway,365,POINT(19.29722 69.0252),0.0,2.0,0.0,0.0,1.0,0.0,0.0,1.0,0.0,0.0,0.0,4.0,3.0,0.0,0.0,1000.0,100.33925827125148,1000.0,1000.0,191.39959973731234,1000.0,1000.0,98.76123986131873,1000.0,1000.0,1000.0,24.14503517701812,19.786754760752594,1000.0,1000.0
3b63c81cea02635b1e34c636336c1d2b,1,2025-03-19,2025-08-31,166,121,2.716700133868809,39.12048192771084,Kople As,200.0,Nordlysveien 404 9046 OTEREN,Ishavskraft - Lyngskroa,Norway,166,POINT(19.88498 69.25701),2.0,1.0,0.0,0.0,0.0,0.0,0.0,0.0,0.0,0.0,0.0,0.0,0.0,0.0,0.0,38.118338366743174,224.5536471430294,1000.0,1000.0,1000.0,1000.0,1000.0,1000.0,1000.0,1000.0,1000.0,1000.0,1000.0,1000.0,1000.0
e4d40bd6caa8adbe8fa0242d36cb9cca,2,2024-09-01,2025-08-31,365,304,2.7141362252663623,39.083561643835615,Kople As,100.0,Campingvegen 1 8657 MOSJØEN,LAD OPP - Mosjøen Camping - AC,Norway,365,POINT(13.22013 65.83445),3.0,3.0,0.0,3.0,0.0,1.0,1.0,2.0,1.0,2.0,0.0,4.0,7.0,0.0,0.0,32.97654492938283,43.332518308320736,1000.0,37.823964326428815,1000.0,364.6246574884401,375.1876436296741,355.1832836505204,298.5855765811455,377.6949671622347,1000.0,221.99097997984347,8.923358263481134,1000.0,1000.0
9e61290f6990393311c24f46e150139e,4,2024-09-02,2025-08-31,364,301,2.7036114926739923,38.932005494505496,Mer,50.0,Sentrum 1 8226 STRAUMEN,Coop Prix Straumen,Norway,364,POINT(15.59077 67.3467),1.0,3.0,0.0,0.0,0.0,0.0,0.0,2.0,0.0,0.0,0.0,5.0,1.0,0.0,0.0,222.5373916835674,131.94802010157082,1000.0,1000.0,1000.0,1000.0,1000.0,137.37871649024976,1000.0,1000.0,1000.0,201.7032018096326,71.68357173002589,1000.0,1000.0
2383425b7d496ff065b650bba4989c12,4,2024-09-01,2025-08-31,365,220,2.66652397260274,38.39794520547945,Recharge,50.0,Saltfjellveien 1573 8630 STORFORSHEIA,Recharge Krokstrand Café og Overnatting,Norway,365,POINT(15.0929 66.46263),2.0,0.0,0.0,0.0,0.0,0.0,0.0,0.0,0.0,0.0,0.0,0.0,0.0,0.0,0.0,22.397290595563224,1000.0,1000.0,1000.0,1000.0,1000.0,1000.0,1000.0,1000.0,1000.0,1000.0,1000.0,1000.0,1000.0,1000.0
da838e4832b899bb2b0c7e6fb2db7cb0,1,2024-09-01,2025-08-30,364,239,2.4935134310134304,35.90659340659341,Eviny,100.0,Risøyhamn  8493 RISØYHAMN,Risøyhamn,Norway,364,POINT(15.6428 68.97469),0.0,0.0,0.0,0.0,0.0,0.0,0.0,0.0,0.0,0.0,0.0,0.0,0.0,0.0,0.0,1000.0,1000.0,1000.0,1000.0,1000.0,1000.0,1000.0,1000.0,1000.0,1000.0,1000.0,1000.0,1000.0,1000.0,1000.0
74cf065a20babb836488b65682cdb740,3,2025-06-10,2025-08-31,83,63,2.460954930834449,35.437751004016064,Circle K,180.0,Bodøveien 630 8019 BODØ,Circle K Hunstad,Norway,83,POINT(14.53955 67.27971),0.0,1.0,0.0,1.0,0.0,0.0,0.0,2.0,4.0,2.0,2.0,1.0,8.0,1.0,1.0,1000.0,271.03042921118015,1000.0,278.33116664462904,1000.0,1000.0,1000.0,269.3164550301514,176.71764716997083,283.40571026782135,288.53456860771894,314.9554944950208,30.841957033424258,302.9083473280742,293.0846494025606
68145c83c094261657d10bdeda3bbf80,2,2025-04-08,2025-08-31,146,106,2.4172374429223744,34.80821917808219,Kople As,180.0,Kjerringøyveien 1145 8093 KJERRINGØY,PWR UP - Kjerringøy,Norway,146,POINT(14.76145 67.51986),1.0,5.0,0.0,2.0,0.0,0.0,0.0,1.0,0.0,0.0,0.0,0.0,1.0,0.0,1.0,171.6771165546135,88.63586299346359,1000.0,175.20223994283023,1000.0,1000.0,1000.0,19.38858431466688,1000.0,1000.0,1000.0,1000.0,3.5328850510119527,1000.0,157.7922333952298
70a43de8cb4cba29206ec2c7bf24c96d,8,2024-09-01,2025-08-31,365,247,2.3517646499238962,33.86541095890411,Kople As,300.0,Lupinvegen 1 7896 BREKKVASSELV,LAD OPP - Brekkvasselv,Norway,365,POINT(13.01462 64.8474),1.0,1.0,0.0,2.0,0.0,0.0,0.0,1.0,0.0,0.0,0.0,0.0,1.0,0.0,1.0,324.86008751399027,340.2225268925714,1000.0,29.57244112077014,1000.0,1000.0,1000.0,23.054582492596627,1000.0,1000.0,1000.0,1000.0,50.072812296427074,1000.0,146.47432229849844
f341be7b42df113d71906936dcdbcef4,4,2024-09-01,2025-08-31,365,323,2.3462233637747336,33.785616438356165,Mer,50.0,Laksvatn  9042 LAKSVATN,Laksvatn,Norway,365,POINT(19.36219 69.37626),0.0,0.0,0.0,0.0,0.0,0.0,0.0,0.0,0.0,0.0,0.0,0.0,2.0,0.0,0.0,1000.0,1000.0,1000.0,1000.0,1000.0,1000.0,1000.0,1000.0,1000.0,1000.0,1000.0,1000.0,29.487336936427855,1000.0,1000.0
4ee262cfb2ba4566a05655629a518d2c,4,2024-12-13,2025-08-31,262,236,2.3407018659881254,33.70610687022901,Eviny,300.0,Storgata 39 8430 MYRE,Bunnpris Myre,Norway,262,POINT(15.09306 68.91464),0.0,0.0,0.0,0.0,0.0,0.0,0.0,0.0,0.0,0.0,0.0,0.0,0.0,0.0,0.0,1000.0,1000.0,1000.0,1000.0,1000.0,1000.0,1000.0,1000.0,1000.0,1000.0,1000.0,1000.0,1000.0,1000.0,1000.0
d335dac8c2f0747b6ad2c2021b030f0b,4,2024-09-01,2025-08-31,365,305,2.3395643074581427,33.68972602739726,Recharge,400.0,Namsosvegen 2886 7750 NAMDALSEID,St1 Namdalseid,Norway,365,POINT(11.22365 64.22263),0.0,1.0,0.0,0.0,0.0,0.0,0.0,1.0,0.0,0.0,0.0,0.0,3.0,0.0,0.0,1000.0,234.41093198621806,1000.0,1000.0,1000.0,1000.0,1000.0,107.75865665525497,1000.0,1000.0,1000.0,1000.0,2.874473023270459,1000.0,1000.0
4a66298e15c6983dd6ffb2e3e0a780a3,1,2024-09-10,2025-08-30,355,102,2.3358763693270737,33.63661971830986,Eviny,75.0,Industriveien 7 8480 ANDENES,Rema 1000 Andenes,Norway,355,POINT(16.10047 69.30986),0.0,0.0,0.0,0.0,0.0,0.0,0.0,0.0,0.0,0.0,0.0,0.0,0.0,0.0,0.0,1000.0,1000.0,1000.0,1000.0,1000.0,1000.0,1000.0,1000.0,1000.0,1000.0,1000.0,1000.0,1000.0,1000.0,1000.0
6104519029d1ad716b4b9171068a0613,2,2024-09-01,2025-08-31,365,284,2.2921423135464236,33.00684931506849,Kople As,150.0,Sørfjordveien 2B 8230 SULITJELMA,PWR UP - Terråk,Norway,365,POINT(12.37507 65.08909),2.0,4.0,0.0,0.0,0.0,0.0,0.0,1.0,1.0,0.0,0.0,3.0,3.0,0.0,0.0,159.3562741303069,43.010409224017515,1000.0,1000.0,1000.0,1000.0,1000.0,1.4385629197505807,66.68253754342486,1000.0,1000.0,91.85983704109267,37.21366651199983,1000.0,1000.0
410eb19aef80f189b84a52625d58e56c,2,2024-09-02,2025-08-31,364,283,2.2685821123321124,32.667582417582416,Kople As,100.0,Håndverkeren 14 8250 ROGNAN,ChargeUp - Dragefossen Rognan,Norway,364,POINT(15.3915 67.10341),1.0,5.0,0.0,7.0,2.0,2.0,1.0,5.0,2.0,1.0,0.0,3.0,9.0,1.0,0.0,12.736806505841626,33.06798749446199,1000.0,81.30654042152608,103.61126392224115,155.2668013261318,200.1577171198684,102.89420390601566,102.11032032356844,94.06664006237966,1000.0,80.60680948123343,63.30063326912896,101.7179810601245,1000.0
9d38b3952aeef181216942362270143a,4,2024-09-01,2025-08-31,365,246,2.2505707762557083,32.40821917808219,Recharge,200.0,Ankenesveien 5 8520 ANKENES,St1 Ankenes,Norway,365,POINT(17.4173 68.40566),0.0,0.0,0.0,0.0,0.0,0.0,0.0,3.0,0.0,2.0,0.0,1.0,12.0,0.0,0.0,1000.0,1000.0,1000.0,1000.0,1000.0,1000.0,1000.0,136.54916418587618,1000.0,82.68028265730925,1000.0,298.38538768673936,1.622352440106683,1000.0,1000.0
98dc86c6cc3f2e44bdfaffd83895dab8,5,2024-09-01,2025-08-31,365,335,2.2191780821917813,31.95616438356164,Eviny,200.0,Parkveien 15 9060 LYNGSEIDET,Lyngseidet,Norway,365,POINT(20.2054 69.57461),0.0,2.0,0.0,2.0,0.0,0.0,0.0,5.0,0.0,0.0,0.0,0.0,6.0,0.0,1.0,1000.0,359.43342078673584,1000.0,423.198482501645,1000.0,1000.0,1000.0,58.91084571746728,1000.0,1000.0,1000.0,1000.0,50.444914839506296,1000.0,283.6824617378782
518810656794f00b2f42becf613c3882,4,2024-09-01,2025-08-31,365,262,2.189973363774733,31.535616438356165,Recharge,50.0,Altevannsveien 7 9360 BARDU,Recharge Setermoen,Norway,365,POINT(18.34695 68.86022),2.0,5.0,0.0,7.0,0.0,1.0,0.0,2.0,4.0,0.0,1.0,1.0,14.0,0.0,0.0,91.1628575956893,244.09429248600998,1000.0,66.31115375805854,1000.0,154.02320340246706,1000.0,141.42978552863025,143.89265121625897,1000.0,163.0187274874939,130.94179488292292,24.384877136631097,1000.0,1000.0
5d8935113b804dee8233488cbc611ee0,4,2024-09-01,2025-08-31,365,233,2.178224885844749,31.366438356164384,Kople As,300.0,Saltfjellveien 2252 8255 RØKLAND,LAD OPP - Røkland,Norway,365,POINT(15.31404 66.98229),2.0,0.0,0.0,0.0,0.0,0.0,0.0,0.0,1.0,0.0,0.0,0.0,1.0,1.0,0.0,128.08343088765815,1000.0,1000.0,1000.0,1000.0,1000.0,1000.0,1000.0,161.20860191485943,1000.0,1000.0,1000.0,103.9260528069889,129.4838015086048,1000.0
ef95881f3e97c8cfc77adce90a2a8920,2,2024-09-01,2025-08-31,365,294,2.1581050228310503,31.076712328767123,Kople As,150.0,Svalivegen 2 7863 OVERHALLA,Kople Overhalla kommunehus,Norway,365,POINT(11.94781 64.49398),1.0,4.0,0.0,2.0,0.0,0.0,0.0,2.0,1.0,1.0,1.0,2.0,7.0,0.0,1.0,324.02469119454736,160.58105814455712,1000.0,125.19613769751436,1000.0,1000.0,1000.0,65.12361170029163,414.2946067594634,452.46883464669276,82.64870742078219,177.12720243113463,11.16908130420568,1000.0,171.123535723714
d96feda08c6dc9de32d3227fcb609168,1,2024-09-02,2025-08-31,364,173,2.135607448107448,30.752747252747252,Recharge,50.0,Storsanddalen 1 8610 MO I RANA,Recharge Esso Grubhei,Norway,364,POINT(14.20314 66.32036),0.0,2.0,0.0,1.0,0.0,0.0,0.0,4.0,0.0,2.0,0.0,2.0,3.0,0.0,0.0,1000.0,210.05120546970358,1000.0,312.08455482061794,1000.0,1000.0,1000.0,209.3170363958875,1000.0,307.9409936730035,1000.0,346.8092315748567,35.131164098323595,1000.0,1000.0
d56c1f4e74edf6b0808ea7e68e5516b3,2,2024-09-02,2025-08-30,363,198,2.0795071931435563,29.94490358126722,Eviny,50.0,Strandgata 9 9008 TROMSØ,Alti Nerstranda,Norway,363,POINT(18.95394 69.64651),23.0,62.0,9.0,74.0,24.0,2.0,13.0,14.0,22.0,8.0,9.0,57.0,116.0,2.0,8.0,121.7588273468829,29.099920057614764,2.935536502424734,27.109854302351245,6.5298229194461825,22.443094623013803,44.682312384507576,55.32279719418804,22.71141297857598,23.787278743221897,24.64164029160653,31.289136012429157,20.984731125537202,30.7634584097624,144.57230886919328
b2bb1aa98c829ccb21f7ae6b7a085369,5,2024-09-01,2025-08-31,365,335,2.076560121765602,29.902465753424657,Kople As,400.0,Sørkjosveien 416 9050 STORSTEINNES,Ishavskraft - Esso Tømmerelv,Norway,365,POINT(19.30145 69.21704),0.0,1.0,0.0,0.0,0.0,0.0,0.0,0.0,0.0,0.0,0.0,0.0,4.0,0.0,0.0,1000.0,459.4109859309428,1000.0,1000.0,1000.0,1000.0,1000.0,1000.0,1000.0,1000.0,1000.0,1000.0,0.4719502703500792,1000.0,1000.0
f9c13b5c5fc52952ab4744e8850d7a13,1,2024-09-01,2025-08-30,364,217,2.056814713064713,29.61813186813187,Recharge,50.0,Rødbergveien 37 9409 HARSTAD,Recharge Shell Åsby,Norway,364,POINT(16.56817 68.78138),0.0,0.0,0.0,0.0,0.0,0.0,0.0,0.0,0.0,0.0,0.0,0.0,0.0,0.0,0.0,1000.0,1000.0,1000.0,1000.0,1000.0,1000.0,1000.0,1000.0,1000.0,1000.0,1000.0,1000.0,1000.0,1000.0,1000.0
dac19894655dcb5f6702e1471aa2e261,2,2025-04-07,2025-08-31,147,120,2.049319727891156,29.510204081632654,Kople As,180.0,Svenskveien 1267 8610 MO I RANA,LAD OPP - Umbukta fjellstue - AC,Norway,147,POINT(14.58609 66.16407),1.0,0.0,0.0,0.0,0.0,0.0,0.0,0.0,0.0,0.0,0.0,0.0,0.0,0.0,0.0,31.935790186754094,1000.0,1000.0,1000.0,1000.0,1000.0,1000.0,1000.0,1000.0,1000.0,1000.0,1000.0,1000.0,1000.0,1000.0
32e82c4be863f8ef2e7e5bab37969c7b,5,2025-04-01,2025-08-31,153,128,2.032135076252723,29.262745098039215,St1 Charge,400.0,Innstrandveien 1 8020 BODØ,St1 Lading Mørkved,Norway,153,POINT(14.54853 67.28222),0.0,2.0,0.0,1.0,0.0,0.0,0.0,2.0,4.0,5.0,2.0,2.0,5.0,1.0,1.0,1000.0,270.8082000957192,1000.0,198.08881306233653,1000.0,1000.0,1000.0,177.0317421768352,187.2208770414422,126.59933182727414,187.67296608766765,259.9178940344879,47.02674619106308,177.84579022406197,258.5599290735302
f0af9ddc6fa573d60ec6cfa42ffb1393,2,2024-09-01,2025-08-31,365,304,1.9930555555555554,28.7,Kople As,150.0,Skauvolløya 2 8140 INNDYR,Bodø Energi - Skauvoll,Norway,365,POINT(14.04286 66.98669),1.0,0.0,0.0,0.0,0.0,0.0,0.0,0.0,0.0,0.0,0.0,0.0,1.0,0.0,0.0,22.697175500773714,1000.0,1000.0,1000.0,1000.0,1000.0,1000.0,1000.0,1000.0,1000.0,1000.0,1000.0,36.09325173361288,1000.0,1000.0
dd996a15f71b7b46fe02ede3353f4431,4,2024-09-01,2025-08-31,365,273,1.9591419330289197,28.21164383561644,Recharge,50.0,Malmgata 9 8630 STORFORSHEIA,Recharge Coop Prix Storforshei,Norway,365,POINT(14.52831 66.40434),0.0,1.0,0.0,0.0,0.0,0.0,0.0,1.0,0.0,0.0,0.0,0.0,1.0,0.0,0.0,1000.0,107.65535239748837,1000.0,1000.0,1000.0,1000.0,1000.0,33.77673855820993,1000.0,1000.0,1000.0,1000.0,139.52162050735754,1000.0,1000.0
fbd3a07e8ddf39be48f2b5f371b31ef6,5,2024-09-01,2025-08-31,365,298,1.8616818873668188,26.80821917808219,St1 Charge,400.0,Naustgata 1 8665 MOSJØEN,St1 Lading Mosjøen,Norway,365,POINT(13.19574 65.86385),0.0,2.0,0.0,2.0,1.0,0.0,0.0,5.0,0.0,1.0,1.0,1.0,11.0,0.0,0.0,1000.0,109.74869974198413,1000.0,112.28041550649317,228.21256116010457,1000.0,1000.0,109.74869974198413,1000.0,138.79290722356197,124.01773693501967,109.74869974198413,31.37864791345529,1000.0,1000.0
b4549728e963405a61a6c466170361e7,2,2024-09-02,2025-08-31,364,267,1.7669223137973136,25.443681318681318,Kople As,150.0,Østre Beiarveien 5 8110 MOLDJORD,PWR UP - Beiarn,Norway,364,POINT(14.7604 66.98871),2.0,0.0,0.0,0.0,0.0,0.0,0.0,2.0,0.0,0.0,0.0,0.0,3.0,0.0,0.0,79.69881601826414,1000.0,1000.0,1000.0,1000.0,1000.0,1000.0,25.82990834232344,1000.0,1000.0,1000.0,1000.0,0.3581675708474669,1000.0,1000.0
8dc9776fc0bb1120700cbdfdbb927d84,2,2025-04-09,2025-08-31,145,100,1.7385057471264367,25.03448275862069,Kople As,180.0,Inndyrsvågen  8140 INNDYR,PWR UP - Coop Inndyr,Norway,145,POINT(14.02778 67.03602),2.0,0.0,0.0,2.0,0.0,0.0,1.0,2.0,0.0,0.0,0.0,6.0,2.0,0.0,0.0,127.9836220267257,1000.0,1000.0,128.65878470846232,1000.0,1000.0,297.9788445338498,35.234428924019106,1000.0,1000.0,1000.0,67.64469140132618,127.9836220267257,1000.0,1000.0
79c20abc77e32c6055f63117933b8261,2,2024-09-01,2025-08-31,365,270,1.7330669710806696,24.956164383561642,Recharge,300.0,Namsosvegen 2886 7750 NAMDALSEID,St1 Namdalseid,Norway,365,POINT(11.22365 64.22263),0.0,1.0,0.0,0.0,0.0,0.0,0.0,1.0,0.0,0.0,0.0,0.0,3.0,0.0,0.0,1000.0,234.41093198621806,1000.0,1000.0,1000.0,1000.0,1000.0,107.75865665525497,1000.0,1000.0,1000.0,1000.0,2.874473023270459,1000.0,1000.0
e023c348a1dd3416b96369cc3d9b7051,4,2024-09-01,2025-08-31,365,107,1.7230783866057837,24.812328767123287,Circle K,400.0,Olav V gate 102 C  8004 BODØ,Circle K Olav VS Gate,Norway,365,POINT(14.40442 67.27489),0.0,5.0,0.0,1.0,0.0,1.0,0.0,1.0,0.0,3.0,0.0,6.0,29.0,0.0,0.0,1000.0,34.97862375524709,1000.0,125.18570550701786,1000.0,136.54393050080705,1000.0,276.9711182232151,1000.0,116.55919388685493,1000.0,109.46410571667329,28.95991478059176,1000.0,1000.0
ae4c8818488f5c8a264f778fce5e4de0,8,2024-09-01,2025-08-31,365,248,1.614250380517504,23.245205479452054,Kople As,400.0,Meieriveien 7 8646 KORGEN,LAD OPP - Korgen,Norway,365,POINT(13.82583 66.08122),1.0,0.0,0.0,0.0,0.0,0.0,0.0,1.0,2.0,0.0,1.0,3.0,7.0,0.0,0.0,51.59629695795634,1000.0,1000.0,1000.0,1000.0,1000.0,1000.0,117.26823882490176,107.03829385580902,1000.0,100.38058170679706,76.67792325069647,58.43083202170335,1000.0,1000.0
7f62f272ef00f33fd47028c1a774ec60,6,2025-08-21,2025-08-31,11,11,1.5193602693602692,21.878787878787875,Mer,150.0,Olav V gate  8004 BODØ,Bodø lufthavn,Norway,11,POINT(14.37031 67.27307),0.0,1.0,0.0,1.0,0.0,0.0,0.0,1.0,0.0,0.0,0.0,2.0,1.0,0.0,0.0,1000.0,401.2955256356225,1000.0,132.01653265306206,1000.0,1000.0,1000.0,452.8487591189833,1000.0,1000.0,1000.0,447.01071030688024,188.81695271858416,1000.0,1000.0
fc1b23bf124f2e441b727acc3bf112b9,3,2024-09-01,2025-08-31,365,201,1.5054540842212076,21.678538812785394,Eviny,50.0,Hesteskoen  8283 LEINESFJORD,Leinesfjord,Norway,365,POINT(15.01868 67.77662),2.0,5.0,0.0,0.0,1.0,0.0,0.0,2.0,0.0,0.0,0.0,5.0,8.0,0.0,1.0,262.20762681792183,114.0947845276289,1000.0,1000.0,168.21938320357268,1000.0,1000.0,171.33880661870847,1000.0,1000.0,1000.0,95.93696350878085,33.398160529636286,1000.0,120.27383083862426
97b6adfaed23fcab097d70bd3327ba24,2,2024-09-01,2025-08-31,365,231,1.4707001522070016,21.17808219178082,Recharge,50.0,Namsosvegen 2886 7750 NAMDALSEID,St1 Namdalseid,Norway,365,POINT(11.22365 64.22263),0.0,1.0,0.0,0.0,0.0,0.0,0.0,1.0,0.0,0.0,0.0,0.0,3.0,0.0,0.0,1000.0,234.41093198621806,1000.0,1000.0,1000.0,1000.0,1000.0,107.75865665525497,1000.0,1000.0,1000.0,1000.0,2.874473023270459,1000.0,1000.0
3692448d06d34c0d51b0992510cdc084,2,2024-09-01,2025-08-27,361,83,1.426977531548169,20.548476454293628,Kople As,50.0,Glomveien 8 8160 GLOMFJORD,ChargeUp - Meløy VGS Glomfjord,Norway,361,POINT(13.96731 66.8142),0.0,2.0,0.0,0.0,0.0,0.0,0.0,0.0,0.0,0.0,0.0,0.0,2.0,0.0,1.0,1000.0,54.172077320210754,1000.0,1000.0,1000.0,1000.0,1000.0,1000.0,1000.0,1000.0,1000.0,1000.0,49.64108734981053,1000.0,460.1070610026082
1946316bdb4b84623835e1b8a88eba64,1,2024-09-03,2025-08-31,363,113,1.368610345883073,19.707988980716255,Recharge,50.0,Caroline Harveys vei 8 8300 SVOLVÆR,Recharge Shell Svolvær,Norway,363,POINT(14.56585 68.23905),0.0,0.0,0.0,0.0,0.0,0.0,0.0,0.0,0.0,0.0,0.0,0.0,0.0,0.0,0.0,1000.0,1000.0,1000.0,1000.0,1000.0,1000.0,1000.0,1000.0,1000.0,1000.0,1000.0,1000.0,1000.0,1000.0,1000.0
1e735eb515c057a690e2c302ad3506e4,1,2024-09-04,2025-08-28,359,144,1.3420767564221605,19.32590529247911,Recharge,150.0,Rødbergveien 37 9409 HARSTAD,Recharge Shell Åsby,Norway,359,POINT(16.56817 68.78138),0.0,0.0,0.0,0.0,0.0,0.0,0.0,0.0,0.0,0.0,0.0,0.0,0.0,0.0,0.0,1000.0,1000.0,1000.0,1000.0,1000.0,1000.0,1000.0,1000.0,1000.0,1000.0,1000.0,1000.0,1000.0,1000.0,1000.0
3f5bea865ce437edbeaac075f1345d8b,2,2024-09-07,2025-08-30,358,161,1.3006284916201118,18.72905027932961,Kople As,50.0,Takvassveien 8 9334 ØVERBYGD,Ishavskraft - Shell Øverbygd,Norway,358,POINT(19.29722 69.0252),0.0,2.0,0.0,0.0,1.0,0.0,0.0,1.0,0.0,0.0,0.0,4.0,3.0,0.0,0.0,1000.0,100.33925827125148,1000.0,1000.0,191.39959973731234,1000.0,1000.0,98.76123986131873,1000.0,1000.0,1000.0,24.14503517701812,19.786754760752594,1000.0,1000.0
e6e6fd6be5e7b31bc170fe1bd5ef07a3,2,2024-09-01,2025-08-31,365,260,1.2876712328767121,18.542465753424658,Kople As,150.0,Kulturveien 3589 8110 MOLDJORD,PWR UP - Misvær,Norway,365,POINT(15.00377 67.11659),0.0,4.0,0.0,1.0,0.0,0.0,0.0,2.0,1.0,0.0,0.0,1.0,3.0,0.0,0.0,1000.0,87.07553017501566,1000.0,72.88402248194622,1000.0,1000.0,1000.0,72.68676252137419,203.13228171706214,1000.0,1000.0,345.1478928627919,25.46720913508728,1000.0,1000.0
1e04626a1feab4372ba6b5492994a79b,4,2024-09-01,2025-08-31,365,234,1.271832191780822,18.314383561643837,Recharge,50.0,Korgensenteret Meieriveien 1 8646 KORGEN,Recharge Coop Korgen,Norway,365,POINT(13.82327 66.08059),1.0,0.0,0.0,0.0,0.0,0.0,0.0,1.0,2.0,0.0,1.0,5.0,8.0,0.0,1.0,126.63174307885133,1000.0,1000.0,1000.0,1000.0,1000.0,1000.0,64.1563916342595,53.123008851065705,1000.0,19.788832440304347,168.03775861190292,56.18958190117733,1000.0,442.0686019320302
727876db9a8adb1f93c435dbefffb00b,3,2024-09-01,2025-08-31,365,164,1.2430872653475393,17.90045662100457,Eviny,50.0,E10 1358 8519 NARVIK,Skogvatnet E10,Norway,365,POINT(17.97914 68.4903),0.0,0.0,0.0,0.0,0.0,0.0,0.0,0.0,0.0,0.0,0.0,0.0,0.0,0.0,0.0,1000.0,1000.0,1000.0,1000.0,1000.0,1000.0,1000.0,1000.0,1000.0,1000.0,1000.0,1000.0,1000.0,1000.0,1000.0
92c30be62e8ba010157893fdb021d60a,2,2024-09-01,2025-08-31,365,214,1.2009132420091324,17.293150684931508,Kople As,150.0,Sandnes 10 8230 SULITJELMA,PWR UP - Sulitjelma,Norway,365,POINT(16.07045 67.13385),0.0,1.0,0.0,0.0,0.0,0.0,0.0,1.0,0.0,0.0,0.0,1.0,0.0,0.0,0.0,1000.0,134.1201600576498,1000.0,1000.0,1000.0,1000.0,1000.0,47.395162183097284,1000.0,1000.0,1000.0,63.734063904097724,1000.0,1000.0,1000.0
5254f5239b7eef35fa928081c276d764,4,2024-09-01,2025-08-31,365,231,1.1959665144596652,17.221917808219178,Recharge,50.0,Torgveien 2 9440 EVENSKJER,Recharge Vollan Gjestestue,Norway,365,POINT(19.5593 69.21858),0.0,4.0,0.0,1.0,0.0,0.0,0.0,5.0,1.0,0.0,1.0,1.0,9.0,0.0,1.0,1000.0,71.0276846302496,1000.0,97.80524437945873,1000.0,1000.0,1000.0,99.47856716773535,113.4274775461595,1000.0,117.0175371868457,499.9595900272499,62.05566644640337,1000.0,137.01350839746183
8eedf3c7f1f6067214e8667cf5f56f11,2,2024-09-01,2025-08-31,365,195,1.1934931506849313,17.186301369863013,Kople As,150.0,Buenget 11 7898 LIMINGEN,YX Røyrvik,Norway,365,POINT(13.55841 64.88649),1.0,0.0,0.0,0.0,0.0,0.0,1.0,1.0,1.0,0.0,0.0,2.0,6.0,0.0,1.0,94.0613031063185,1000.0,1000.0,1000.0,1000.0,1000.0,430.19821128706093,430.19821128706093,381.1245705648396,1000.0,1000.0,144.04900384895774,13.371060120058083,1000.0,128.61257403744986
57752b6b0ed31f13e0b582c4d4b2be35,4,2024-09-06,2025-08-31,360,163,1.1759259259259258,16.933333333333334,Recharge,225.0,Brattmelveien 6 9050 STORSTEINNES,Recharge Spar Storsteinnes,Norway,360,POINT(19.23491 69.23967),0.0,4.0,0.0,1.0,2.0,2.0,0.0,4.0,1.0,1.0,1.0,3.0,9.0,0.0,0.0,1000.0,171.21709264662778,1000.0,293.4467426572508,315.48223835894174,282.58088977360023,1000.0,27.41280403643126,242.19026998627174,116.21483327030177,310.41362517457964,230.38226262072612,205.30645049564626,1000.0,1000.0
fc1dfb343d19e224b7f381d7c5dae0ed,1,2024-09-01,2025-08-31,365,93,1.164193302891933,16.764383561643836,Eviny,50.0,Alstad 1 8370 LEKNES,Alstad Kro og Camping,Norway,365,POINT(13.93621 68.27229),0.0,0.0,0.0,0.0,0.0,0.0,0.0,0.0,0.0,0.0,0.0,0.0,0.0,0.0,0.0,1000.0,1000.0,1000.0,1000.0,1000.0,1000.0,1000.0,1000.0,1000.0,1000.0,1000.0,1000.0,1000.0,1000.0,1000.0
c7b339760ed56053851a3325e6d2a694,2,2024-09-01,2025-08-31,365,217,1.137842465753425,16.384931506849316,Kople As,150.0,Espenesveien 75 9311 BRØSTADBOTN,Kople YX Brøstadbotn,Norway,365,POINT(17.70315 69.0933),0.0,0.0,0.0,0.0,0.0,0.0,0.0,1.0,0.0,0.0,0.0,1.0,4.0,0.0,0.0,1000.0,1000.0,1000.0,1000.0,1000.0,1000.0,1000.0,386.8827140737114,1000.0,1000.0,1000.0,400.18975997515184,0.23612561411059696,1000.0,1000.0
57b72ac2c3fc202a506934d3e017b0fb,4,2024-11-14,2025-08-31,291,201,1.0402348224513172,14.97938144329897,Eviny,300.0,F. L. Smiths vei  8590 KJØPSVIK,Kjøpsvik,Norway,291,POINT(16.3762 68.09834),3.0,1.0,0.0,1.0,0.0,0.0,0.0,2.0,0.0,0.0,0.0,1.0,1.0,0.0,1.0,116.06392802568988,198.91540518047603,1000.0,156.69541483090217,1000.0,1000.0,1000.0,61.547086493520844,1000.0,1000.0,1000.0,235.47317214832023,345.2024353051152,1000.0,188.80651943503906
16ec4a631100ed139f5a55a4c00f8904,5,2024-09-01,2025-08-31,365,282,1.0334855403348553,14.882191780821918,Eviny,50.0,Granvegen 12 7870 GRONG,Grong Kjøpesenter,Norway,365,POINT(12.31588 64.46449),1.0,4.0,0.0,4.0,2.0,0.0,0.0,2.0,3.0,0.0,1.0,5.0,11.0,2.0,0.0,73.30980510489096,94.44251669911898,1000.0,108.58576726258985,9.513461004282577,1000.0,1000.0,105.75030931106389,91.85233492596966,1000.0,84.53881353473781,222.85271334821147,41.60704189518648,87.75775257644268,1000.0
02634c6f17d9da47709577c0516aa273,1,2025-04-02,2025-08-31,152,68,1.0334429824561402,14.881578947368421,St1 Charge,300.0,Innstrandveien 1 8020 BODØ,St1 Lading Mørkved,Norway,152,POINT(14.54853 67.28222),0.0,2.0,0.0,1.0,0.0,0.0,0.0,2.0,4.0,5.0,2.0,2.0,5.0,1.0,1.0,1000.0,270.8082000957192,1000.0,198.08881306233653,1000.0,1000.0,1000.0,177.0317421768352,187.2208770414422,126.59933182727414,187.67296608766765,259.9178940344879,47.02674619106308,177.84579022406197,258.5599290735302
4e79a2bdfd5767d84babcd8d1ced7d1f,3,2025-05-26,2025-08-31,98,72,0.9892290249433107,14.244897959183673,Ionity,400.0,Sætlandshaugen  8028 BODØ,IONITY Bodø,Norway,98,POINT(14.56929 67.28481),0.0,7.0,0.0,0.0,0.0,0.0,0.0,1.0,2.0,2.0,0.0,2.0,0.0,0.0,0.0,1000.0,198.39382049277376,1000.0,1000.0,1000.0,1000.0,1000.0,385.51436278663584,320.60270417493285,158.02672859885143,1000.0,268.1318374606054,1000.0,1000.0,1000.0
fd0de869e238a09fcff19ea14d716561,2,2024-09-02,2025-08-31,364,171,0.9670711233211232,13.925824175824175,Recharge,50.0,Sentrumsveien 2 9040 NORDKJOSBOTN,Recharge Shell Balsfjord,Norway,364,POINT(19.55375 69.21543),0.0,3.0,0.0,1.0,0.0,0.0,0.0,5.0,1.0,0.0,1.0,0.0,8.0,0.0,1.0,1000.0,394.0539828037576,1000.0,315.4440076424302,1000.0,1000.0,1000.0,95.56507000090262,309.78695168998746,1000.0,303.9585646572175,1000.0,3.13123212677717,1000.0,283.2217681189665
eb72e16cfdf3a4b9565b5b57b7fcbdb4,1,2024-09-24,2025-08-25,336,52,0.9011243386243386,12.976190476190476,Eviny,75.0,Risøyhamn  8493 RISØYHAMN,Risøyhamn,Norway,336,POINT(15.6428 68.97469),0.0,0.0,0.0,0.0,0.0,0.0,0.0,0.0,0.0,0.0,0.0,0.0,0.0,0.0,0.0,1000.0,1000.0,1000.0,1000.0,1000.0,1000.0,1000.0,1000.0,1000.0,1000.0,1000.0,1000.0,1000.0,1000.0,1000.0
26fc2a49d6c10ca5290d11180722752e,2,2024-12-14,2025-08-29,259,100,0.8435220935220934,12.146718146718147,Eviny,50.0,Storgata 39 8430 MYRE,Bunnpris Myre,Norway,259,POINT(15.09306 68.91464),0.0,0.0,0.0,0.0,0.0,0.0,0.0,0.0,0.0,0.0,0.0,0.0,0.0,0.0,0.0,1000.0,1000.0,1000.0,1000.0,1000.0,1000.0,1000.0,1000.0,1000.0,1000.0,1000.0,1000.0,1000.0,1000.0,1000.0
8f1e2ab3f88667cad72a0f3fda9f31c2,2,2024-09-01,2025-08-31,365,117,0.824771689497717,11.876712328767123,Kople As,50.0,Hiersaluokka  9525 MAZE,Ishavsveien - Maze,Norway,365,POINT(23.66693 69.44374),1.0,0.0,0.0,1.0,0.0,0.0,0.0,1.0,0.0,0.0,0.0,0.0,0.0,0.0,1.0,35.77360548271157,1000.0,1000.0,35.77360548271157,1000.0,1000.0,1000.0,41.26641060259014,1000.0,1000.0,1000.0,1000.0,1000.0,1000.0,45.43514607572679
40e832738976c4c2e36a936bd537ca9f,2,2024-09-04,2025-08-31,362,94,0.7578460712093309,10.912983425414364,Eviny,50.0,Industriveien 2 9360 BARDU,Bunnpris Setermoen,Norway,362,POINT(18.35617 68.87734),1.0,0.0,0.0,0.0,0.0,0.0,1.0,1.0,1.0,1.0,0.0,0.0,4.0,0.0,0.0,235.50771896770462,1000.0,1000.0,1000.0,1000.0,1000.0,63.94260740382134,63.94260740382134,63.30867201961989,189.72542118252113,1000.0,1000.0,124.42175980004583,1000.0,1000.0
4669cc9bdeea96865d0bc0c296562ad0,1,2025-06-10,2025-08-31,83,29,0.756358768406961,10.891566265060241,Circle K,100.0,Bodøveien 630 8019 BODØ,Circle K Hunstad,Norway,83,POINT(14.53955 67.27971),0.0,1.0,0.0,1.0,0.0,0.0,0.0,2.0,4.0,2.0,2.0,1.0,8.0,1.0,1.0,1000.0,271.03042921118015,1000.0,278.33116664462904,1000.0,1000.0,1000.0,269.3164550301514,176.71764716997083,283.40571026782135,288.53456860771894,314.9554944950208,30.841957033424258,302.9083473280742,293.0846494025606
ac05c40c61eb7e067c3353072e3a48b1,2,2024-09-02,2025-08-31,364,169,0.7241109584859585,10.427197802197803,Eviny,200.0,E10 1358 8519 NARVIK,Skogvatnet E10,Norway,364,POINT(17.97914 68.4903),0.0,0.0,0.0,0.0,0.0,0.0,0.0,0.0,0.0,0.0,0.0,0.0,0.0,0.0,0.0,1000.0,1000.0,1000.0,1000.0,1000.0,1000.0,1000.0,1000.0,1000.0,1000.0,1000.0,1000.0,1000.0,1000.0,1000.0
47f35e3342b8184abb2cccedc9e36347,4,2024-09-01,2025-08-31,365,218,0.6392694063926941,9.205479452054794,Eviny,180.0,Industriveien 2 9360 BARDU,Bunnpris Setermoen,Norway,365,POINT(18.35617 68.87734),1.0,0.0,0.0,0.0,0.0,0.0,1.0,1.0,1.0,1.0,0.0,0.0,4.0,0.0,0.0,235.50771896770462,1000.0,1000.0,1000.0,1000.0,1000.0,63.94260740382134,63.94260740382134,63.30867201961989,189.72542118252113,1000.0,1000.0,124.42175980004583,1000.0,1000.0
075ab75c5b4cd4f569b5b9dddd475eb9,2,2024-12-22,2025-08-26,248,37,0.3399417562724014,4.895161290322581,Mer,50.0,Hovøyveien 11 8900 BRØNNØYSUND,Brønnøysund lufthavn DC,Norway,248,POINT(12.2092 65.45994),1.0,2.0,0.0,0.0,0.0,0.0,0.0,1.0,0.0,0.0,0.0,1.0,0.0,0.0,0.0,201.57555111069058,462.8047911703368,1000.0,1000.0,1000.0,1000.0,1000.0,441.7884744773844,1000.0,1000.0,1000.0,262.4053894188022,1000.0,1000.0,1000.0
b3ed1a49a42ae67229ad597f063ca452,1,2024-09-03,2025-08-20,352,27,0.33400410353535354,4.809659090909091,Eviny,62.5,Falcksgate 9 8480 ANDENES,Andøy Taxi,Norway,352,POINT(16.11934 69.32075),0.0,0.0,0.0,0.0,0.0,0.0,0.0,0.0,0.0,0.0,0.0,0.0,0.0,0.0,0.0,1000.0,1000.0,1000.0,1000.0,1000.0,1000.0,1000.0,1000.0,1000.0,1000.0,1000.0,1000.0,1000.0,1000.0,1000.0
df508e21a47d02acc543ae390605af28,2,2024-11-15,2025-08-29,288,46,0.31274112654320985,4.503472222222222,Eviny,50.0,F. L. Smiths vei  8590 KJØPSVIK,Kjøpsvik,Norway,288,POINT(16.3762 68.09834),3.0,1.0,0.0,1.0,0.0,0.0,0.0,2.0,0.0,0.0,0.0,1.0,1.0,0.0,1.0,116.06392802568988,198.91540518047603,1000.0,156.69541483090217,1000.0,1000.0,1000.0,61.547086493520844,1000.0,1000.0,1000.0,235.47317214832023,345.2024353051152,1000.0,188.80651943503906
